commission_id,employee_id,period_month,sales_amount_egp,commission_pct,commission_amount
1,2,2025-09-01,243063.51,5.00,12153.18
2,2,2025-10-01,264644.09,5.00,13232.20
3,2,2025-11-01,249558.65,5.00,12477.93
4,2,2025-12-01,222322.38,5.00,11116.12
5,2,2026-01-01,256272.45,5.00,12813.62
6,2,2026-02-01,220801.92,5.00,11040.10
7,2,2026-03-01,229475.24,5.00,11473.76
8,2,2026-04-01,258182.22,5.00,12909.11
9,2,2026-05-01,229227.29,5.00,11461.36
10,2,2026-06-01,245840.53,5.00,12292.03
11,2,2026-07-01,259734.89,5.00,12986.74
12,2,2026-08-01,227646.50,5.00,11382.33
13,6,2025-09-01,371092.10,5.00,18554.61
14,6,2025-10-01,357407.18,5.00,17870.36
15,6,2025-11-01,373419.60,5.00,18670.98
16,6,2025-12-01,381848.54,5.00,19092.43
17,6,2026-01-01,402310.21,5.00,20115.51
18,6,2026-02-01,387520.03,5.00,19376.00
19,6,2026-03-01,395607.19,5.00,19780.36
20,6,2026-04-01,378536.28,5.00,18926.81
21,6,2026-05-01,329711.91,5.00,16485.60
22,6,2026-06-01,387030.11,5.00,19351.51
23,6,2026-07-01,354005.72,5.00,17700.29
24,6,2026-08-01,436688.61,5.00,21834.43
25,16,2025-09-01,202808.83,5.00,10140.44
26,16,2025-10-01,194522.31,5.00,9726.12
27,16,2025-11-01,181384.02,5.00,9069.20
28,16,2025-12-01,194817.93,5.00,9740.90
29,16,2026-01-01,197361.42,5.00,9868.07
30,16,2026-02-01,214494.98,5.00,10724.75
31,16,2026-03-01,227591.69,5.00,11379.58
32,16,2026-04-01,225376.95,5.00,11268.85
33,16,2026-05-01,200999.56,5.00,10049.98
34,16,2026-06-01,210436.89,5.00,10521.84
35,16,2026-07-01,197332.47,5.00,9866.62
36,16,2026-08-01,203573.64,5.00,10178.68
37,25,2025-09-01,329982.48,5.00,16499.12
38,25,2025-10-01,367207.03,5.00,18360.35
39,25,2025-11-01,311795.46,5.00,15589.77
40,25,2025-12-01,295505.15,5.00,14775.26
41,25,2026-01-01,288283.90,5.00,14414.20
42,25,2026-02-01,305345.32,5.00,15267.27
43,25,2026-03-01,344957.54,5.00,17247.88
44,25,2026-04-01,351594.25,5.00,17579.71
45,25,2026-05-01,367927.90,5.00,18396.40
46,25,2026-06-01,296391.29,5.00,14819.56
47,25,2026-07-01,331240.18,5.00,16562.01
48,25,2026-08-01,342011.12,5.00,17100.56
49,28,2025-09-01,356444.36,5.00,17822.22
50,28,2025-10-01,406335.27,5.00,20316.76
51,28,2025-11-01,406475.98,5.00,20323.80
52,28,2025-12-01,420707.48,5.00,21035.37
53,28,2026-01-01,370751.21,5.00,18537.56
54,28,2026-02-01,381774.14,5.00,19088.71
55,28,2026-03-01,350054.20,5.00,17502.71
56,28,2026-04-01,358571.33,5.00,17928.57
57,28,2026-05-01,356350.49,5.00,17817.52
58,28,2026-06-01,397786.13,5.00,19889.31
59,28,2026-07-01,388282.19,5.00,19414.11
60,28,2026-08-01,314863.76,5.00,15743.19
61,34,2025-09-01,182493.42,5.00,9124.67
62,34,2025-10-01,181998.04,5.00,9099.90
63,34,2025-11-01,201940.03,5.00,10097.00
64,34,2025-12-01,190076.55,5.00,9503.83
65,34,2026-01-01,188506.24,5.00,9425.31
66,34,2026-02-01,196688.02,5.00,9834.40
67,34,2026-03-01,162886.81,5.00,8144.34
68,34,2026-04-01,184055.37,5.00,9202.77
69,34,2026-05-01,194854.20,5.00,9742.71
70,34,2026-06-01,198340.33,5.00,9917.02
71,34,2026-07-01,179513.19,5.00,8975.66
72,34,2026-08-01,193347.73,5.00,9667.39
73,72,2026-04-01,139232.72,5.00,6961.64
74,72,2026-05-01,160386.48,5.00,8019.32
75,72,2026-06-01,140210.40,5.00,7010.52
76,72,2026-07-01,158344.00,5.00,7917.20
77,72,2026-08-01,190685.13,5.00,9534.26
78,74,2025-09-01,274342.56,5.00,13717.13
79,74,2025-10-01,275939.91,5.00,13797.00
80,74,2025-11-01,293958.09,5.00,14697.90
81,74,2025-12-01,317252.96,5.00,15862.65
82,74,2026-01-01,294597.88,5.00,14729.89
83,74,2026-02-01,289484.54,5.00,14474.23
84,74,2026-03-01,271091.82,5.00,13554.59
85,74,2026-04-01,273021.09,5.00,13651.05
86,74,2026-05-01,284643.22,5.00,14232.16
87,74,2026-06-01,305992.82,5.00,15299.64
88,74,2026-07-01,278950.06,5.00,13947.50
89,74,2026-08-01,240964.67,5.00,12048.23
90,97,2026-02-01,139807.77,5.00,6990.39
91,97,2026-03-01,123203.35,5.00,6160.17
92,97,2026-04-01,137699.47,5.00,6884.97
93,97,2026-05-01,140855.81,5.00,7042.79
94,97,2026-06-01,131148.75,5.00,6557.44
95,97,2026-07-01,118215.67,5.00,5910.78
96,97,2026-08-01,136602.37,5.00,6830.12
97,105,2025-09-01,161629.97,5.00,8081.50
98,105,2025-10-01,175723.57,5.00,8786.18
99,105,2025-11-01,182227.17,5.00,9111.36
100,105,2025-12-01,167943.22,5.00,8397.16
101,105,2026-01-01,173242.32,5.00,8662.12
102,105,2026-02-01,148474.62,5.00,7423.73
103,105,2026-03-01,161169.64,5.00,8058.48
104,105,2026-04-01,172070.72,5.00,8603.54
105,105,2026-05-01,165974.72,5.00,8298.74
106,105,2026-06-01,166642.43,5.00,8332.12
107,105,2026-07-01,190582.37,5.00,9529.12
108,105,2026-08-01,178007.37,5.00,8900.37
109,110,2025-09-01,251798.23,5.00,12589.91
110,110,2025-10-01,237885.10,5.00,11894.26
111,110,2025-11-01,244779.12,5.00,12238.96
112,110,2025-12-01,245753.45,5.00,12287.67
113,110,2026-01-01,249749.22,5.00,12487.46
114,110,2026-02-01,230140.65,5.00,11507.03
115,110,2026-03-01,250707.86,5.00,12535.39
116,110,2026-04-01,222936.16,5.00,11146.81
117,110,2026-05-01,220584.36,5.00,11029.22
118,110,2026-06-01,237481.94,5.00,11874.10
119,110,2026-07-01,234336.31,5.00,11716.82
120,110,2026-08-01,238208.69,5.00,11910.43
121,113,2025-09-01,239847.92,5.00,11992.40
122,113,2025-10-01,257720.44,5.00,12886.02
123,113,2025-11-01,262960.80,5.00,13148.04
124,113,2025-12-01,244075.15,5.00,12203.76
125,113,2026-01-01,286251.40,5.00,14312.57
126,113,2026-02-01,249293.02,5.00,12464.65
127,113,2026-03-01,252562.30,5.00,12628.12
128,113,2026-04-01,265126.14,5.00,13256.31
129,113,2026-05-01,235493.84,5.00,11774.69
130,113,2026-06-01,245052.17,5.00,12252.61
131,113,2026-07-01,280286.29,5.00,14014.31
132,113,2026-08-01,290322.03,5.00,14516.10
133,127,2025-09-01,290156.92,5.00,14507.85
134,127,2025-10-01,263887.64,5.00,13194.38
135,127,2025-11-01,268713.52,5.00,13435.68
136,127,2025-12-01,288597.04,5.00,14429.85
137,127,2026-01-01,294987.14,5.00,14749.36
138,127,2026-02-01,295489.76,5.00,14774.49
139,127,2026-03-01,255855.14,5.00,12792.76
140,127,2026-04-01,258480.53,5.00,12924.03
141,127,2026-05-01,268453.93,5.00,13422.70
142,127,2026-06-01,298648.80,5.00,14932.44
143,127,2026-07-01,287889.61,5.00,14394.48
144,127,2026-08-01,318367.11,5.00,15918.36
145,131,2025-09-01,401325.33,5.00,20066.27
146,131,2025-10-01,370325.30,5.00,18516.27
147,131,2025-11-01,370696.18,5.00,18534.81
148,131,2025-12-01,418238.16,5.00,20911.91
149,131,2026-01-01,416082.87,5.00,20804.14
150,131,2026-02-01,421246.76,5.00,21062.34
151,131,2026-03-01,420816.69,5.00,21040.83
152,131,2026-04-01,472969.93,5.00,23648.50
153,131,2026-05-01,425017.51,5.00,21250.88
154,131,2026-06-01,363082.45,5.00,18154.12
155,131,2026-07-01,416754.87,5.00,20837.74
156,131,2026-08-01,391906.46,5.00,19595.32
157,146,2025-09-01,218444.54,5.00,10922.23
158,146,2025-10-01,232717.23,5.00,11635.86
159,146,2025-11-01,256519.38,5.00,12825.97
160,146,2025-12-01,231322.85,5.00,11566.14
161,146,2026-01-01,239368.99,5.00,11968.45
162,146,2026-02-01,223331.74,5.00,11166.59
163,146,2026-03-01,248355.99,5.00,12417.80
164,146,2026-04-01,238958.24,5.00,11947.91
165,146,2026-05-01,227619.80,5.00,11380.99
166,146,2026-06-01,277417.97,5.00,13870.90
167,146,2026-07-01,254792.11,5.00,12739.61
168,146,2026-08-01,246091.14,5.00,12304.56
169,149,2025-09-01,192241.19,5.00,9612.06
170,149,2025-10-01,212040.65,5.00,10602.03
171,149,2025-11-01,228211.05,5.00,11410.55
172,149,2025-12-01,232097.95,5.00,11604.90
173,149,2026-01-01,208136.24,5.00,10406.81
174,149,2026-02-01,201010.33,5.00,10050.52
175,149,2026-03-01,212203.79,5.00,10610.19
176,149,2026-04-01,244626.59,5.00,12231.33
177,149,2026-05-01,226029.71,5.00,11301.49
178,149,2026-06-01,235209.50,5.00,11760.48
179,149,2026-07-01,230292.64,5.00,11514.63
180,149,2026-08-01,221724.63,5.00,11086.23
181,164,2025-09-01,238647.19,5.00,11932.36
182,164,2025-10-01,232422.35,5.00,11621.12
183,164,2025-11-01,201302.02,5.00,10065.10
184,164,2025-12-01,221224.38,5.00,11061.22
185,164,2026-01-01,221704.60,5.00,11085.23
186,164,2026-02-01,220530.84,5.00,11026.54
187,164,2026-03-01,223792.45,5.00,11189.62
188,164,2026-04-01,211705.73,5.00,10585.29
189,164,2026-05-01,215136.63,5.00,10756.83
190,164,2026-06-01,233627.71,5.00,11681.39
191,164,2026-07-01,211584.05,5.00,10579.20
192,164,2026-08-01,217513.20,5.00,10875.66
193,167,2025-09-01,278294.19,5.00,13914.71
194,167,2025-10-01,289806.92,5.00,14490.35
195,167,2025-11-01,268153.66,5.00,13407.68
196,167,2025-12-01,312706.42,5.00,15635.32
197,167,2026-01-01,294424.80,5.00,14721.24
198,167,2026-02-01,280893.03,5.00,14044.65
199,167,2026-03-01,282588.42,5.00,14129.42
200,167,2026-04-01,275586.18,5.00,13779.31
201,167,2026-05-01,260543.69,5.00,13027.18
202,167,2026-06-01,300163.37,5.00,15008.17
203,167,2026-07-01,259509.29,5.00,12975.46
204,167,2026-08-01,271453.43,5.00,13572.67
205,170,2025-09-01,150627.52,5.00,7531.38
206,170,2025-10-01,161348.11,5.00,8067.41
207,170,2025-11-01,146244.32,5.00,7312.22
208,170,2025-12-01,135680.75,5.00,6784.04
209,170,2026-01-01,136949.71,5.00,6847.49
210,170,2026-02-01,139814.61,5.00,6990.73
211,170,2026-03-01,154197.08,5.00,7709.85
212,170,2026-04-01,150635.25,5.00,7531.76
213,170,2026-05-01,146182.44,5.00,7309.12
214,175,2025-09-01,278487.51,5.00,13924.38
215,175,2025-10-01,322105.72,5.00,16105.29
216,175,2025-11-01,282012.22,5.00,14100.61
217,175,2025-12-01,301387.65,5.00,15069.38
218,175,2026-01-01,259799.49,5.00,12989.97
219,175,2026-02-01,289541.83,5.00,14477.09
220,175,2026-03-01,272000.45,5.00,13600.02
221,175,2026-04-01,295524.35,5.00,14776.22
222,175,2026-05-01,264055.61,5.00,13202.78
223,175,2026-06-01,281300.93,5.00,14065.05
224,175,2026-07-01,293616.84,5.00,14680.84
225,175,2026-08-01,276198.85,5.00,13809.94
226,177,2026-02-01,124201.31,5.00,6210.07
227,177,2026-03-01,110702.87,5.00,5535.14
228,177,2026-04-01,118454.43,5.00,5922.72
229,177,2026-05-01,123250.75,5.00,6162.54
230,177,2026-06-01,113784.09,5.00,5689.20
231,177,2026-07-01,133708.43,5.00,6685.42
232,177,2026-08-01,115133.88,5.00,5756.69
233,183,2025-09-01,234884.69,5.00,11744.23
234,183,2025-10-01,231593.39,5.00,11579.67
235,183,2025-11-01,213865.67,5.00,10693.28
236,183,2025-12-01,215477.44,5.00,10773.87
237,183,2026-01-01,223282.21,5.00,11164.11
238,183,2026-02-01,239595.40,5.00,11979.77
239,183,2026-03-01,240288.34,5.00,12014.42
240,183,2026-04-01,279184.96,5.00,13959.25
241,183,2026-05-01,227023.53,5.00,11351.18
242,183,2026-06-01,225889.73,5.00,11294.49
243,183,2026-07-01,241398.64,5.00,12069.93
244,183,2026-08-01,204554.34,5.00,10227.72
245,185,2025-09-01,203134.27,5.00,10156.71
246,185,2025-10-01,225035.03,5.00,11251.75
247,185,2025-11-01,247042.49,5.00,12352.12
248,185,2025-12-01,234998.69,5.00,11749.93
249,185,2026-01-01,277990.04,5.00,13899.50
250,185,2026-02-01,249410.24,5.00,12470.51
251,185,2026-03-01,220353.00,5.00,11017.65
252,185,2026-04-01,220450.80,5.00,11022.54
253,185,2026-05-01,245573.51,5.00,12278.68
254,185,2026-06-01,215033.08,5.00,10751.65
255,185,2026-07-01,233835.21,5.00,11691.76
256,185,2026-08-01,242811.12,5.00,12140.56
257,189,2025-09-01,149167.63,5.00,7458.38
258,189,2025-10-01,142087.16,5.00,7104.36
259,189,2025-11-01,150051.72,5.00,7502.59
260,189,2025-12-01,148200.45,5.00,7410.02
261,189,2026-01-01,142672.89,5.00,7133.64
262,189,2026-02-01,124535.61,5.00,6226.78
263,189,2026-03-01,139336.44,5.00,6966.82
264,189,2026-04-01,162602.07,5.00,8130.10
265,189,2026-05-01,152030.57,5.00,7601.53
266,189,2026-06-01,142266.26,5.00,7113.31
267,189,2026-07-01,143900.94,5.00,7195.05
268,189,2026-08-01,154199.19,5.00,7709.96
269,191,2025-10-01,190935.68,5.00,9546.78
270,191,2025-11-01,195746.77,5.00,9787.34
271,191,2025-12-01,189093.66,5.00,9454.68
272,191,2026-01-01,205310.75,5.00,10265.54
273,191,2026-02-01,200459.19,5.00,10022.96
274,191,2026-03-01,188326.66,5.00,9416.33
275,191,2026-04-01,180143.76,5.00,9007.19
276,191,2026-05-01,201863.24,5.00,10093.16
277,191,2026-06-01,192194.68,5.00,9609.73
278,191,2026-07-01,197382.27,5.00,9869.11
279,191,2026-08-01,202820.14,5.00,10141.01
280,192,2025-10-01,235350.72,5.00,11767.54
281,192,2025-11-01,209577.50,5.00,10478.88
282,192,2025-12-01,218502.38,5.00,10925.12
283,192,2026-01-01,274593.25,5.00,13729.66
284,192,2026-02-01,227818.69,5.00,11390.93
285,192,2026-03-01,225225.59,5.00,11261.28
286,192,2026-04-01,249736.76,5.00,12486.84
287,192,2026-05-01,277833.69,5.00,13891.68
288,192,2026-06-01,262664.54,5.00,13133.23
289,192,2026-07-01,242172.85,5.00,12108.64
290,192,2026-08-01,249011.27,5.00,12450.56
291,217,2025-09-01,173012.83,5.00,8650.64
292,217,2025-10-01,165947.36,5.00,8297.37
293,217,2025-11-01,159418.71,5.00,7970.94
294,217,2025-12-01,165472.51,5.00,8273.63
295,217,2026-01-01,182209.69,5.00,9110.48
296,217,2026-02-01,176927.67,5.00,8846.38
297,217,2026-03-01,185266.13,5.00,9263.31
298,217,2026-04-01,175181.73,5.00,8759.09
299,217,2026-05-01,182528.21,5.00,9126.41
300,217,2026-06-01,176673.76,5.00,8833.69
301,217,2026-07-01,158269.78,5.00,7913.49
302,217,2026-08-01,138764.99,5.00,6938.25
303,229,2025-09-01,192174.62,5.00,9608.73
304,229,2025-10-01,192571.76,5.00,9628.59
305,229,2025-11-01,198509.38,5.00,9925.47
306,229,2025-12-01,196745.57,5.00,9837.28
307,229,2026-01-01,193920.37,5.00,9696.02
308,229,2026-02-01,219815.95,5.00,10990.80
309,229,2026-03-01,198878.71,5.00,9943.94
310,229,2026-04-01,198719.69,5.00,9935.98
311,229,2026-05-01,181626.03,5.00,9081.30
312,229,2026-06-01,181504.97,5.00,9075.25
313,229,2026-07-01,205839.43,5.00,10291.97
314,229,2026-08-01,198810.38,5.00,9940.52
315,241,2025-09-01,200154.96,5.00,10007.75
316,241,2025-10-01,178894.94,5.00,8944.75
317,241,2025-11-01,222073.08,5.00,11103.65
318,241,2025-12-01,230028.10,5.00,11501.41
319,241,2026-01-01,194625.87,5.00,9731.29
320,241,2026-02-01,241948.01,5.00,12097.40
321,241,2026-03-01,188191.69,5.00,9409.58
322,241,2026-04-01,201996.94,5.00,10099.85
323,241,2026-05-01,193956.05,5.00,9697.80
324,241,2026-06-01,183712.43,5.00,9185.62
325,241,2026-07-01,218955.05,5.00,10947.75
326,241,2026-08-01,216237.28,5.00,10811.86
327,243,2025-09-01,288689.32,5.00,14434.47
328,243,2025-10-01,255117.73,5.00,12755.89
329,243,2025-11-01,310688.50,5.00,15534.43
330,243,2025-12-01,323860.38,5.00,16193.02
331,243,2026-01-01,284676.95,5.00,14233.85
332,243,2026-02-01,269639.15,5.00,13481.96
333,243,2026-03-01,255690.79,5.00,12784.54
334,243,2026-04-01,307421.90,5.00,15371.10
335,243,2026-05-01,294245.53,5.00,14712.28
336,243,2026-06-01,308864.19,5.00,15443.21
337,243,2026-07-01,268290.42,5.00,13414.52
338,243,2026-08-01,299286.78,5.00,14964.34
339,248,2025-09-01,283781.63,5.00,14189.08
340,248,2025-10-01,285587.97,5.00,14279.40
341,248,2025-11-01,286685.56,5.00,14334.28
342,248,2025-12-01,293460.97,5.00,14673.05
343,248,2026-01-01,294981.73,5.00,14749.09
344,248,2026-02-01,280966.18,5.00,14048.31
345,248,2026-03-01,351504.10,5.00,17575.21
346,248,2026-04-01,294817.89,5.00,14740.89
347,248,2026-05-01,296323.08,5.00,14816.15
348,248,2026-06-01,295165.60,5.00,14758.28
349,248,2026-07-01,266849.66,5.00,13342.48
350,248,2026-08-01,315690.27,5.00,15784.51
351,253,2025-09-01,271102.40,5.00,13555.12
352,253,2025-10-01,279671.60,5.00,13983.58
353,253,2025-11-01,279771.22,5.00,13988.56
354,253,2025-12-01,283863.43,5.00,14193.17
355,253,2026-01-01,299595.97,5.00,14979.80
356,253,2026-02-01,282670.87,5.00,14133.54
357,253,2026-03-01,315200.54,5.00,15760.03
358,253,2026-04-01,310495.18,5.00,15524.76
359,253,2026-05-01,287611.15,5.00,14380.56
360,253,2026-06-01,274487.35,5.00,13724.37
361,253,2026-07-01,256938.72,5.00,12846.94
362,253,2026-08-01,284550.99,5.00,14227.55
363,261,2025-09-01,128469.95,5.00,6423.50
364,261,2025-10-01,110762.72,5.00,5538.14
365,261,2025-11-01,120092.86,5.00,6004.64
366,261,2025-12-01,138289.19,5.00,6914.46
367,261,2026-01-01,107162.83,5.00,5358.14
368,261,2026-02-01,123462.98,5.00,6173.15
369,261,2026-03-01,136398.60,5.00,6819.93
370,261,2026-04-01,135630.56,5.00,6781.53
371,261,2026-05-01,119879.55,5.00,5993.98
372,261,2026-06-01,126408.28,5.00,6320.41
373,261,2026-07-01,126061.56,5.00,6303.08
374,261,2026-08-01,116108.12,5.00,5805.41
375,266,2025-09-01,267051.23,5.00,13352.56
376,266,2025-10-01,215071.32,5.00,10753.57
377,266,2025-11-01,225579.12,5.00,11278.96
378,266,2025-12-01,220389.13,5.00,11019.46
379,266,2026-01-01,235918.02,5.00,11795.90
380,266,2026-02-01,234183.26,5.00,11709.16
381,266,2026-03-01,242005.74,5.00,12100.29
382,266,2026-04-01,244716.42,5.00,12235.82
383,266,2026-05-01,244672.08,5.00,12233.60
384,266,2026-06-01,265090.07,5.00,13254.50
385,266,2026-07-01,254426.34,5.00,12721.32
386,266,2026-08-01,230220.22,5.00,11511.01
387,274,2025-09-01,291212.79,5.00,14560.64
388,274,2025-10-01,319296.75,5.00,15964.84
389,274,2025-11-01,317531.06,5.00,15876.55
390,274,2025-12-01,303051.68,5.00,15152.58
391,274,2026-01-01,282947.61,5.00,14147.38
392,274,2026-02-01,279725.57,5.00,13986.28
393,274,2026-03-01,276382.00,5.00,13819.10
394,274,2026-04-01,282413.47,5.00,14120.67
395,274,2026-05-01,325596.65,5.00,16279.83
396,274,2026-06-01,286449.29,5.00,14322.46
397,274,2026-07-01,290757.75,5.00,14537.89
398,274,2026-08-01,290789.59,5.00,14539.48
399,275,2026-05-01,170434.62,5.00,8521.73
400,275,2026-06-01,155718.60,5.00,7785.93
401,275,2026-07-01,169254.02,5.00,8462.70
402,275,2026-08-01,170547.24,5.00,8527.36
403,276,2025-09-01,290556.86,5.00,14527.84
404,276,2025-10-01,263341.34,5.00,13167.07
405,276,2025-11-01,266945.60,5.00,13347.28
406,276,2025-12-01,267334.17,5.00,13366.71
407,276,2026-01-01,252385.92,5.00,12619.30
408,276,2026-02-01,253971.34,5.00,12698.57
409,276,2026-03-01,296694.38,5.00,14834.72
410,276,2026-04-01,259753.81,5.00,12987.69
411,276,2026-05-01,297986.25,5.00,14899.31
412,276,2026-06-01,239718.15,5.00,11985.91
413,276,2026-07-01,280182.67,5.00,14009.13
414,276,2026-08-01,237935.93,5.00,11896.80
415,283,2025-09-01,199103.14,5.00,9955.16
416,283,2025-10-01,216059.97,5.00,10803.00
417,283,2025-11-01,246399.52,5.00,12319.98
418,283,2025-12-01,217482.93,5.00,10874.15
419,283,2026-01-01,219044.48,5.00,10952.22
420,283,2026-02-01,228246.17,5.00,11412.31
421,283,2026-03-01,203381.47,5.00,10169.07
422,283,2026-04-01,253164.01,5.00,12658.20
423,283,2026-05-01,227772.67,5.00,11388.63
424,283,2026-06-01,256989.05,5.00,12849.45
425,283,2026-07-01,206756.56,5.00,10337.83
426,283,2026-08-01,233852.21,5.00,11692.61
427,294,2025-09-01,352119.83,5.00,17605.99
428,294,2025-10-01,325270.08,5.00,16263.50
429,294,2025-11-01,403112.40,5.00,20155.62
430,294,2025-12-01,378169.99,5.00,18908.50
431,294,2026-01-01,347097.27,5.00,17354.86
432,294,2026-02-01,335133.18,5.00,16756.66
433,294,2026-03-01,315054.72,5.00,15752.74
434,294,2026-04-01,331491.43,5.00,16574.57
435,294,2026-05-01,342498.95,5.00,17124.95
436,294,2026-06-01,367241.35,5.00,18362.07
437,294,2026-07-01,327796.39,5.00,16389.82
438,294,2026-08-01,351612.74,5.00,17580.64
439,303,2025-09-01,375919.28,5.00,18795.96
440,303,2025-10-01,374947.70,5.00,18747.39
441,303,2025-11-01,356062.35,5.00,17803.12
442,303,2025-12-01,359296.60,5.00,17964.83
443,303,2026-01-01,401581.73,5.00,20079.09
444,303,2026-02-01,407278.69,5.00,20363.93
445,303,2026-03-01,375541.38,5.00,18777.07
446,303,2026-04-01,432454.37,5.00,21622.72
447,303,2026-05-01,424158.90,5.00,21207.95
448,303,2026-06-01,343533.91,5.00,17176.70
449,303,2026-07-01,431366.41,5.00,21568.32
450,303,2026-08-01,430394.04,5.00,21519.70
451,323,2025-09-01,172322.40,5.00,8616.12
452,323,2025-10-01,188212.62,5.00,9410.63
453,323,2025-11-01,186709.62,5.00,9335.48
454,323,2025-12-01,175926.19,5.00,8796.31
455,323,2026-01-01,202763.16,5.00,10138.16
456,323,2026-02-01,203051.70,5.00,10152.59
457,323,2026-03-01,194608.67,5.00,9730.43
458,323,2026-04-01,195201.28,5.00,9760.06
459,323,2026-05-01,196824.61,5.00,9841.23
460,323,2026-06-01,180383.46,5.00,9019.17
461,323,2026-07-01,181952.33,5.00,9097.62
462,323,2026-08-01,186897.92,5.00,9344.90
463,343,2025-09-01,179998.84,5.00,8999.94
464,343,2025-10-01,178719.90,5.00,8936.00
465,343,2025-11-01,171083.42,5.00,8554.17
466,343,2025-12-01,182641.30,5.00,9132.07
467,343,2026-01-01,159997.73,5.00,7999.89
468,343,2026-02-01,181706.73,5.00,9085.34
469,343,2026-03-01,191879.13,5.00,9593.96
470,343,2026-04-01,171790.15,5.00,8589.51
471,343,2026-05-01,170429.30,5.00,8521.47
472,343,2026-06-01,160181.33,5.00,8009.07
473,343,2026-07-01,164780.30,5.00,8239.02
474,343,2026-08-01,179104.76,5.00,8955.24
475,352,2025-09-01,310184.52,5.00,15509.23
476,352,2025-10-01,294659.16,5.00,14732.96
477,352,2025-11-01,282258.85,5.00,14112.94
478,352,2025-12-01,297912.57,5.00,14895.63
479,352,2026-01-01,306689.50,5.00,15334.48
480,352,2026-02-01,298237.94,5.00,14911.90
481,352,2026-03-01,296569.18,5.00,14828.46
482,352,2026-04-01,321902.18,5.00,16095.11
483,352,2026-05-01,318055.14,5.00,15902.76
484,352,2026-06-01,318360.57,5.00,15918.03
485,352,2026-07-01,295979.20,5.00,14798.96
486,352,2026-08-01,258874.39,5.00,12943.72
487,354,2025-09-01,375497.21,5.00,18774.86
488,354,2025-10-01,382781.26,5.00,19139.06
489,354,2025-11-01,336822.35,5.00,16841.12
490,354,2025-12-01,395307.06,5.00,19765.35
491,354,2026-01-01,356659.39,5.00,17832.97
492,354,2026-02-01,350211.58,5.00,17510.58
493,354,2026-03-01,370624.32,5.00,18531.22
494,354,2026-04-01,366323.63,5.00,18316.18
495,354,2026-05-01,354062.61,5.00,17703.13
496,354,2026-06-01,376056.77,5.00,18802.84
497,354,2026-07-01,363675.59,5.00,18183.78
498,354,2026-08-01,378835.85,5.00,18941.79
499,367,2025-09-01,335823.85,5.00,16791.19
500,367,2025-10-01,342885.66,5.00,17144.28
501,367,2025-11-01,334132.53,5.00,16706.63
502,367,2025-12-01,323621.07,5.00,16181.05
503,367,2026-01-01,326340.26,5.00,16317.01
504,367,2026-02-01,329225.24,5.00,16461.26
505,367,2026-03-01,306045.28,5.00,15302.26
506,367,2026-04-01,295343.86,5.00,14767.19
507,367,2026-05-01,308793.68,5.00,15439.68
508,367,2026-06-01,288406.56,5.00,14420.33
509,367,2026-07-01,275220.47,5.00,13761.02
510,367,2026-08-01,332097.98,5.00,16604.90
511,386,2025-09-01,119554.18,5.00,5977.71
512,386,2025-10-01,116887.15,5.00,5844.36
513,386,2025-11-01,113137.84,5.00,5656.89
514,386,2025-12-01,112290.68,5.00,5614.53
515,386,2026-01-01,131075.20,5.00,6553.76
516,386,2026-02-01,126018.31,5.00,6300.92
517,386,2026-03-01,132044.70,5.00,6602.24
518,391,2025-09-01,313024.97,5.00,15651.25
519,391,2025-10-01,324812.59,5.00,16240.63
520,391,2025-11-01,342490.03,5.00,17124.50
521,391,2025-12-01,269626.11,5.00,13481.31
522,391,2026-01-01,334219.25,5.00,16710.96
523,391,2026-02-01,314936.87,5.00,15746.84
524,391,2026-03-01,303960.09,5.00,15198.00
525,391,2026-04-01,319790.64,5.00,15989.53
526,391,2026-05-01,330693.48,5.00,16534.67
527,391,2026-06-01,322278.84,5.00,16113.94
528,391,2026-07-01,287435.05,5.00,14371.75
529,391,2026-08-01,276501.31,5.00,13825.07
530,411,2026-06-01,107802.87,5.00,5390.14
531,411,2026-07-01,94728.94,5.00,4736.45
532,411,2026-08-01,126654.97,5.00,6332.75
533,417,2025-09-01,259409.75,5.00,12970.49
534,417,2025-10-01,258891.34,5.00,12944.57
535,417,2025-11-01,253206.08,5.00,12660.30
536,417,2025-12-01,251712.84,5.00,12585.64
537,417,2026-01-01,233656.34,5.00,11682.82
538,417,2026-02-01,238886.88,5.00,11944.34
539,417,2026-03-01,241906.31,5.00,12095.32
540,417,2026-04-01,239692.00,5.00,11984.60
541,417,2026-05-01,270674.37,5.00,13533.72
542,417,2026-06-01,269675.19,5.00,13483.76
543,417,2026-07-01,259387.48,5.00,12969.37
544,417,2026-08-01,243660.16,5.00,12183.01
545,423,2025-09-01,165825.27,5.00,8291.26
546,423,2025-10-01,184790.58,5.00,9239.53
547,423,2025-11-01,165518.03,5.00,8275.90
548,423,2025-12-01,147318.81,5.00,7365.94
549,423,2026-01-01,152555.79,5.00,7627.79
550,423,2026-02-01,154522.50,5.00,7726.13
551,423,2026-03-01,156443.70,5.00,7822.19
552,423,2026-04-01,149128.50,5.00,7456.43
553,423,2026-05-01,162777.35,5.00,8138.87
554,423,2026-06-01,157818.41,5.00,7890.92
555,423,2026-07-01,170798.88,5.00,8539.94
556,423,2026-08-01,150711.30,5.00,7535.57
557,426,2025-09-01,234183.85,5.00,11709.19
558,426,2025-10-01,242179.88,5.00,12108.99
559,426,2025-11-01,229385.08,5.00,11469.25
560,426,2025-12-01,252271.45,5.00,12613.57
561,426,2026-01-01,255982.59,5.00,12799.13
562,426,2026-02-01,257412.50,5.00,12870.63
563,426,2026-03-01,268713.48,5.00,13435.67
564,426,2026-04-01,263272.19,5.00,13163.61
565,426,2026-05-01,236246.30,5.00,11812.32
566,426,2026-06-01,295505.21,5.00,14775.26
567,426,2026-07-01,271783.56,5.00,13589.18
568,426,2026-08-01,267996.21,5.00,13399.81
569,430,2025-09-01,240831.62,5.00,12041.58
570,430,2025-10-01,219715.43,5.00,10985.77
571,430,2025-11-01,249648.10,5.00,12482.41
572,430,2025-12-01,256556.85,5.00,12827.84
573,430,2026-01-01,244335.92,5.00,12216.80
574,430,2026-02-01,252629.93,5.00,12631.50
575,430,2026-03-01,265545.60,5.00,13277.28
576,430,2026-04-01,234643.41,5.00,11732.17
577,430,2026-05-01,225902.80,5.00,11295.14
578,430,2026-06-01,247663.29,5.00,12383.16
579,430,2026-07-01,226144.07,5.00,11307.20
580,430,2026-08-01,234158.04,5.00,11707.90
581,438,2025-09-01,150283.33,5.00,7514.17
582,438,2025-10-01,148578.57,5.00,7428.93
583,438,2025-11-01,138261.96,5.00,6913.10
584,438,2025-12-01,152812.84,5.00,7640.64
585,438,2026-01-01,149967.75,5.00,7498.39
586,438,2026-02-01,145361.16,5.00,7268.06
587,438,2026-03-01,148215.43,5.00,7410.77
588,438,2026-04-01,132562.64,5.00,6628.13
589,438,2026-05-01,150262.00,5.00,7513.10
590,438,2026-06-01,131349.05,5.00,6567.45
591,438,2026-07-01,129232.27,5.00,6461.61
592,438,2026-08-01,135994.26,5.00,6799.71
593,440,2025-09-01,361267.88,5.00,18063.39
594,440,2025-10-01,439506.92,5.00,21975.35
595,440,2025-11-01,377868.16,5.00,18893.41
596,440,2025-12-01,402516.52,5.00,20125.83
597,440,2026-01-01,450693.49,5.00,22534.67
598,440,2026-02-01,421400.75,5.00,21070.04
599,440,2026-03-01,426435.96,5.00,21321.80
600,440,2026-04-01,407656.43,5.00,20382.82
601,440,2026-05-01,345611.67,5.00,17280.58
602,440,2026-06-01,393043.89,5.00,19652.19
603,440,2026-07-01,356783.10,5.00,17839.16
604,440,2026-08-01,406439.15,5.00,20321.96
605,444,2025-09-01,174258.30,5.00,8712.92
606,444,2025-10-01,149821.92,5.00,7491.10
607,444,2025-11-01,180525.69,5.00,9026.28
608,444,2025-12-01,173332.74,5.00,8666.64
609,444,2026-01-01,179868.94,5.00,8993.45
610,444,2026-02-01,155066.55,5.00,7753.33
611,444,2026-03-01,178459.91,5.00,8923.00
612,444,2026-04-01,171894.57,5.00,8594.73
613,444,2026-05-01,170212.09,5.00,8510.60
614,444,2026-06-01,143758.65,5.00,7187.93
615,444,2026-07-01,186721.03,5.00,9336.05
616,444,2026-08-01,165185.85,5.00,8259.29
617,450,2025-09-01,233998.57,5.00,11699.93
618,450,2025-10-01,269364.72,5.00,13468.24
619,450,2025-11-01,254231.06,5.00,12711.55
620,450,2025-12-01,261401.50,5.00,13070.08
621,450,2026-01-01,277747.51,5.00,13887.38
622,450,2026-02-01,252049.79,5.00,12602.49
623,450,2026-03-01,265422.56,5.00,13271.13
624,450,2026-04-01,223508.41,5.00,11175.42
625,450,2026-05-01,253079.07,5.00,12653.95
626,450,2026-06-01,316156.06,5.00,15807.80
627,450,2026-07-01,264207.71,5.00,13210.39
628,450,2026-08-01,245932.94,5.00,12296.65
629,452,2025-09-01,197731.10,5.00,9886.56
630,452,2025-10-01,168372.04,5.00,8418.60
631,452,2025-11-01,172498.48,5.00,8624.92
632,452,2025-12-01,178080.23,5.00,8904.01
633,452,2026-01-01,190440.19,5.00,9522.01
634,452,2026-02-01,169852.43,5.00,8492.62
635,452,2026-03-01,155929.34,5.00,7796.47
636,452,2026-04-01,176540.56,5.00,8827.03
637,452,2026-05-01,159502.42,5.00,7975.12
638,452,2026-06-01,177017.86,5.00,8850.89
639,452,2026-07-01,182300.68,5.00,9115.03
640,452,2026-08-01,215686.60,5.00,10784.33
641,461,2025-09-01,309508.16,5.00,15475.41
642,461,2025-10-01,324488.94,5.00,16224.45
643,461,2025-11-01,261603.94,5.00,13080.20
644,461,2025-12-01,311097.19,5.00,15554.86
645,461,2026-01-01,280329.26,5.00,14016.46
646,461,2026-02-01,346287.37,5.00,17314.37
647,461,2026-03-01,314837.23,5.00,15741.86
648,461,2026-04-01,325279.47,5.00,16263.97
649,461,2026-05-01,310052.63,5.00,15502.63
650,461,2026-06-01,340095.13,5.00,17004.76
651,461,2026-07-01,294692.18,5.00,14734.61
652,461,2026-08-01,313861.52,5.00,15693.08
653,468,2025-09-01,122774.87,5.00,6138.74
654,468,2025-10-01,117308.84,5.00,5865.44
655,468,2025-11-01,126062.08,5.00,6303.10
656,468,2025-12-01,121375.17,5.00,6068.76
657,468,2026-01-01,112402.57,5.00,5620.13
658,468,2026-02-01,117528.85,5.00,5876.44
659,468,2026-03-01,114994.66,5.00,5749.73
660,468,2026-04-01,115246.31,5.00,5762.32
661,468,2026-05-01,125384.44,5.00,6269.22
662,468,2026-06-01,119215.47,5.00,5960.77
663,468,2026-07-01,119445.97,5.00,5972.30
664,468,2026-08-01,118342.49,5.00,5917.12
665,470,2025-09-01,272235.93,5.00,13611.80
666,470,2025-10-01,269825.42,5.00,13491.27
667,470,2025-11-01,317994.85,5.00,15899.74
668,470,2025-12-01,252208.81,5.00,12610.44
669,470,2026-01-01,261506.65,5.00,13075.33
670,470,2026-02-01,261868.33,5.00,13093.42
671,470,2026-03-01,272143.61,5.00,13607.18
672,470,2026-04-01,267015.86,5.00,13350.79
673,470,2026-05-01,222126.82,5.00,11106.34
674,470,2026-06-01,252362.08,5.00,12618.10
675,470,2026-07-01,281351.48,5.00,14067.57
676,470,2026-08-01,251947.38,5.00,12597.37
677,471,2025-09-01,290838.47,5.00,14541.92
678,471,2025-10-01,282990.07,5.00,14149.50
679,471,2025-11-01,334747.21,5.00,16737.36
680,471,2025-12-01,298499.83,5.00,14924.99
681,471,2026-01-01,279819.78,5.00,13990.99
682,471,2026-02-01,303437.16,5.00,15171.86
683,471,2026-03-01,295356.57,5.00,14767.83
684,471,2026-04-01,273853.57,5.00,13692.68
685,471,2026-05-01,310357.82,5.00,15517.89
686,471,2026-06-01,271569.75,5.00,13578.49
687,471,2026-07-01,296049.80,5.00,14802.49
688,471,2026-08-01,297057.98,5.00,14852.90
689,479,2025-09-01,355335.82,5.00,17766.79
690,479,2025-10-01,361622.04,5.00,18081.10
691,479,2025-11-01,359914.84,5.00,17995.74
692,479,2025-12-01,335020.71,5.00,16751.04
693,479,2026-01-01,361693.09,5.00,18084.65
694,479,2026-02-01,385484.14,5.00,19274.21
695,479,2026-03-01,395508.32,5.00,19775.42
696,479,2026-04-01,323934.07,5.00,16196.70
697,479,2026-05-01,401620.81,5.00,20081.04
698,479,2026-06-01,349968.01,5.00,17498.40
699,479,2026-07-01,371318.62,5.00,18565.93
700,479,2026-08-01,360506.49,5.00,18025.32
701,485,2025-09-01,377070.15,5.00,18853.51
702,485,2025-10-01,368067.97,5.00,18403.40
703,485,2025-11-01,371031.92,5.00,18551.60
704,485,2025-12-01,371880.07,5.00,18594.00
705,485,2026-01-01,361434.94,5.00,18071.75
706,512,2025-09-01,311018.09,5.00,15550.90
707,512,2025-10-01,329463.74,5.00,16473.19
708,512,2025-11-01,348414.80,5.00,17420.74
709,512,2025-12-01,313141.63,5.00,15657.08
710,512,2026-01-01,317654.71,5.00,15882.74
711,512,2026-02-01,309922.96,5.00,15496.15
712,512,2026-03-01,300460.12,5.00,15023.01
713,512,2026-04-01,341485.81,5.00,17074.29
714,512,2026-05-01,277581.15,5.00,13879.06
715,512,2026-06-01,342070.96,5.00,17103.55
716,512,2026-07-01,358808.26,5.00,17940.41
717,512,2026-08-01,379146.76,5.00,18957.34
718,517,2025-09-01,293518.04,5.00,14675.90
719,517,2025-10-01,268133.83,5.00,13406.69
720,517,2025-11-01,302264.28,5.00,15113.21
721,517,2025-12-01,237520.95,5.00,11876.05
722,517,2026-01-01,278080.88,5.00,13904.04
723,517,2026-02-01,231931.78,5.00,11596.59
724,517,2026-03-01,248339.05,5.00,12416.95
725,517,2026-04-01,276797.15,5.00,13839.86
726,517,2026-05-01,258081.85,5.00,12904.09
727,517,2026-06-01,256361.17,5.00,12818.06
728,517,2026-07-01,260685.64,5.00,13034.28
729,517,2026-08-01,270627.83,5.00,13531.39
730,518,2026-02-01,110572.12,5.00,5528.61
731,518,2026-03-01,107241.26,5.00,5362.06
732,518,2026-04-01,103551.38,5.00,5177.57
733,518,2026-05-01,105192.51,5.00,5259.63
734,518,2026-06-01,113463.86,5.00,5673.19
735,518,2026-07-01,100576.57,5.00,5028.83
736,518,2026-08-01,118365.61,5.00,5918.28
737,526,2025-09-01,327086.13,5.00,16354.31
738,526,2025-10-01,340436.46,5.00,17021.82
739,526,2025-11-01,305619.03,5.00,15280.95
740,526,2025-12-01,290462.80,5.00,14523.14
741,526,2026-01-01,300935.75,5.00,15046.79
742,526,2026-02-01,344856.19,5.00,17242.81
743,526,2026-03-01,333360.52,5.00,16668.03
744,526,2026-04-01,309222.07,5.00,15461.10
745,526,2026-05-01,319795.85,5.00,15989.79
746,526,2026-06-01,325251.83,5.00,16262.59
747,526,2026-07-01,362896.55,5.00,18144.83
748,526,2026-08-01,304115.39,5.00,15205.77
749,527,2025-09-01,380407.51,5.00,19020.38
750,527,2025-10-01,392897.08,5.00,19644.85
751,527,2025-11-01,383900.44,5.00,19195.02
752,527,2025-12-01,427413.33,5.00,21370.67
753,527,2026-01-01,372024.56,5.00,18601.23
754,527,2026-02-01,381461.49,5.00,19073.07
755,527,2026-03-01,378341.37,5.00,18917.07
756,527,2026-04-01,445558.52,5.00,22277.93
757,527,2026-05-01,405166.48,5.00,20258.32
758,527,2026-06-01,404710.40,5.00,20235.52
759,527,2026-07-01,401004.63,5.00,20050.23
760,527,2026-08-01,398150.06,5.00,19907.50
761,530,2025-09-01,185036.52,5.00,9251.83
762,530,2025-10-01,191084.95,5.00,9554.25
763,530,2025-11-01,192827.68,5.00,9641.38
764,530,2025-12-01,182974.38,5.00,9148.72
765,530,2026-01-01,213516.52,5.00,10675.83
766,530,2026-02-01,197072.88,5.00,9853.64
767,530,2026-03-01,202412.44,5.00,10120.62
768,530,2026-04-01,198349.72,5.00,9917.49
769,530,2026-05-01,186815.56,5.00,9340.78
770,530,2026-06-01,182359.79,5.00,9117.99
771,530,2026-07-01,195911.95,5.00,9795.60
772,530,2026-08-01,184120.54,5.00,9206.03
773,539,2025-09-01,182683.76,5.00,9134.19
774,539,2025-10-01,153246.93,5.00,7662.35
775,539,2025-11-01,163777.36,5.00,8188.87
776,539,2025-12-01,161424.02,5.00,8071.20
777,539,2026-01-01,157519.71,5.00,7875.99
778,539,2026-02-01,182256.82,5.00,9112.84
779,539,2026-03-01,173983.06,5.00,8699.15
780,539,2026-04-01,177702.63,5.00,8885.13
781,539,2026-05-01,172819.52,5.00,8640.98
782,539,2026-06-01,152453.25,5.00,7622.66
783,539,2026-07-01,169239.13,5.00,8461.96
784,539,2026-08-01,177747.34,5.00,8887.37
785,541,2025-09-01,293998.69,5.00,14699.93
786,541,2025-10-01,293342.54,5.00,14667.13
787,541,2025-11-01,280010.84,5.00,14000.54
788,541,2025-12-01,280172.54,5.00,14008.63
789,541,2026-01-01,278231.84,5.00,13911.59
790,541,2026-02-01,270153.02,5.00,13507.65
791,541,2026-03-01,307253.69,5.00,15362.68
792,541,2026-04-01,272339.03,5.00,13616.95
793,541,2026-05-01,270509.34,5.00,13525.47
794,541,2026-06-01,284875.84,5.00,14243.79
795,541,2026-07-01,311142.04,5.00,15557.10
796,541,2026-08-01,274131.86,5.00,13706.59
797,549,2025-09-01,250538.45,5.00,12526.92
798,549,2025-10-01,307203.23,5.00,15360.16
799,549,2025-11-01,256376.66,5.00,12818.83
800,549,2025-12-01,267155.98,5.00,13357.80
801,549,2026-01-01,277658.64,5.00,13882.93
802,549,2026-02-01,278994.06,5.00,13949.70
803,549,2026-03-01,262382.30,5.00,13119.12
804,549,2026-04-01,261734.51,5.00,13086.73
805,549,2026-05-01,273680.05,5.00,13684.00
806,549,2026-06-01,257543.48,5.00,12877.17
807,549,2026-07-01,245283.59,5.00,12264.18
808,549,2026-08-01,283992.42,5.00,14199.62
809,553,2025-09-01,177719.34,5.00,8885.97
810,553,2025-10-01,174451.41,5.00,8722.57
811,553,2025-11-01,176530.80,5.00,8826.54
812,553,2025-12-01,176459.33,5.00,8822.97
813,553,2026-01-01,172588.51,5.00,8629.43
814,553,2026-02-01,164552.47,5.00,8227.62
815,553,2026-03-01,178751.33,5.00,8937.57
816,553,2026-04-01,173151.89,5.00,8657.59
817,553,2026-05-01,160208.66,5.00,8010.43
818,553,2026-06-01,163290.11,5.00,8164.51
819,553,2026-07-01,173596.10,5.00,8679.81
820,553,2026-08-01,168835.79,5.00,8441.79
821,554,2025-09-01,354906.21,5.00,17745.31
822,554,2025-10-01,354950.51,5.00,17747.53
823,554,2025-11-01,352148.74,5.00,17607.44
824,554,2025-12-01,384873.07,5.00,19243.65
825,554,2026-01-01,377135.61,5.00,18856.78
826,554,2026-02-01,383532.13,5.00,19176.61
827,554,2026-03-01,360291.09,5.00,18014.55
828,554,2026-04-01,346601.39,5.00,17330.07
829,554,2026-05-01,341569.66,5.00,17078.48
830,554,2026-06-01,339841.45,5.00,16992.07
831,554,2026-07-01,326094.70,5.00,16304.74
832,554,2026-08-01,320128.27,5.00,16006.41
833,556,2026-05-01,126732.03,5.00,6336.60
834,556,2026-06-01,124068.16,5.00,6203.41
835,556,2026-07-01,139297.31,5.00,6964.87
836,556,2026-08-01,141356.35,5.00,7067.82
837,557,2025-09-01,363287.42,5.00,18164.37
838,557,2025-10-01,341202.50,5.00,17060.13
839,557,2025-11-01,324309.69,5.00,16215.48
840,557,2025-12-01,358027.29,5.00,17901.36
841,557,2026-01-01,341841.55,5.00,17092.08
842,557,2026-02-01,381515.35,5.00,19075.77
843,557,2026-03-01,369979.26,5.00,18498.96
844,557,2026-04-01,381911.96,5.00,19095.60
845,557,2026-05-01,353773.43,5.00,17688.67
846,557,2026-06-01,342129.11,5.00,17106.46
847,557,2026-07-01,384553.29,5.00,19227.66
848,557,2026-08-01,380366.24,5.00,19018.31
849,560,2026-06-01,156956.85,5.00,7847.84
850,560,2026-07-01,165050.00,5.00,8252.50
851,560,2026-08-01,172160.48,5.00,8608.02
852,561,2025-09-01,346945.57,5.00,17347.28
853,561,2025-10-01,319204.77,5.00,15960.24
854,561,2025-11-01,307279.49,5.00,15363.97
855,561,2025-12-01,348310.26,5.00,17415.51
856,561,2026-01-01,304529.46,5.00,15226.47
857,561,2026-02-01,326469.77,5.00,16323.49
858,561,2026-03-01,351291.84,5.00,17564.59
859,561,2026-04-01,341769.92,5.00,17088.50
860,561,2026-05-01,324688.70,5.00,16234.44
861,561,2026-06-01,362528.36,5.00,18126.42
862,561,2026-07-01,307179.30,5.00,15358.97
863,561,2026-08-01,318174.74,5.00,15908.74
864,563,2025-09-01,184439.24,5.00,9221.96
865,563,2025-10-01,155494.62,5.00,7774.73
866,563,2025-11-01,186591.40,5.00,9329.57
867,563,2025-12-01,188103.89,5.00,9405.19
868,563,2026-01-01,174805.57,5.00,8740.28
869,563,2026-02-01,182052.57,5.00,9102.63
870,563,2026-03-01,163283.81,5.00,8164.19
871,563,2026-04-01,158482.52,5.00,7924.13
872,563,2026-05-01,167933.68,5.00,8396.68
873,563,2026-06-01,173649.90,5.00,8682.50
874,563,2026-07-01,185563.16,5.00,9278.16
875,563,2026-08-01,160398.58,5.00,8019.93
876,567,2025-09-01,158591.18,5.00,7929.56
877,567,2025-10-01,179843.12,5.00,8992.16
878,567,2025-11-01,174578.24,5.00,8728.91
879,567,2025-12-01,167233.99,5.00,8361.70
880,567,2026-01-01,160038.73,5.00,8001.94
881,567,2026-02-01,195659.57,5.00,9782.98
882,567,2026-03-01,156495.49,5.00,7824.77
883,567,2026-04-01,175612.20,5.00,8780.61
884,567,2026-05-01,157666.35,5.00,7883.32
885,567,2026-06-01,178300.64,5.00,8915.03
886,567,2026-07-01,194168.47,5.00,9708.42
887,567,2026-08-01,174215.33,5.00,8710.77
888,574,2025-09-01,249564.74,5.00,12478.24
889,574,2025-10-01,265470.17,5.00,13273.51
890,574,2025-11-01,239903.52,5.00,11995.18
891,574,2025-12-01,238067.00,5.00,11903.35
892,574,2026-01-01,216382.56,5.00,10819.13
893,574,2026-02-01,242902.65,5.00,12145.13
894,574,2026-03-01,239155.53,5.00,11957.78
895,574,2026-04-01,254794.02,5.00,12739.70
896,574,2026-05-01,243272.17,5.00,12163.61
897,574,2026-06-01,224762.06,5.00,11238.10
898,574,2026-07-01,195582.65,5.00,9779.13
899,574,2026-08-01,238025.94,5.00,11901.30
900,582,2025-09-01,136215.64,5.00,6810.78
901,582,2025-10-01,117829.71,5.00,5891.49
902,582,2025-11-01,113842.73,5.00,5692.14
903,582,2025-12-01,134283.32,5.00,6714.17
904,582,2026-01-01,141049.31,5.00,7052.47
905,582,2026-02-01,151753.32,5.00,7587.67
906,582,2026-03-01,132435.10,5.00,6621.76
907,582,2026-04-01,135999.11,5.00,6799.96
908,582,2026-05-01,126344.28,5.00,6317.21
909,582,2026-06-01,131184.31,5.00,6559.22
910,582,2026-07-01,138121.88,5.00,6906.09
911,582,2026-08-01,141091.61,5.00,7054.58
912,614,2026-02-01,164526.99,5.00,8226.35
913,614,2026-03-01,169889.93,5.00,8494.50
914,614,2026-04-01,171578.42,5.00,8578.92
915,614,2026-05-01,169337.79,5.00,8466.89
916,614,2026-06-01,166148.25,5.00,8307.41
917,614,2026-07-01,162474.89,5.00,8123.74
918,614,2026-08-01,172459.96,5.00,8623.00
919,616,2026-04-01,157539.58,5.00,7876.98
920,616,2026-05-01,184312.60,5.00,9215.63
921,616,2026-06-01,177379.51,5.00,8868.98
922,616,2026-07-01,160177.77,5.00,8008.89
923,616,2026-08-01,157384.78,5.00,7869.24
924,618,2025-09-01,199045.74,5.00,9952.29
925,618,2025-10-01,206814.64,5.00,10340.73
926,618,2025-11-01,213804.93,5.00,10690.25
927,618,2025-12-01,208831.77,5.00,10441.59
928,618,2026-01-01,202988.55,5.00,10149.43
929,618,2026-02-01,178566.06,5.00,8928.30
930,618,2026-03-01,222531.41,5.00,11126.57
931,627,2025-09-01,273375.05,5.00,13668.75
932,627,2025-10-01,277274.38,5.00,13863.72
933,627,2025-11-01,279320.57,5.00,13966.03
934,627,2025-12-01,255852.16,5.00,12792.61
935,627,2026-01-01,258843.97,5.00,12942.20
936,627,2026-02-01,295700.49,5.00,14785.02
937,627,2026-03-01,252215.57,5.00,12610.78
938,627,2026-04-01,280941.09,5.00,14047.05
939,627,2026-05-01,261780.33,5.00,13089.02
940,627,2026-06-01,268330.40,5.00,13416.52
941,627,2026-07-01,298479.94,5.00,14924.00
942,627,2026-08-01,245257.24,5.00,12262.86
943,637,2025-09-01,187389.94,5.00,9369.50
944,637,2025-10-01,188975.04,5.00,9448.75
945,637,2025-11-01,191812.42,5.00,9590.62
946,637,2025-12-01,181060.75,5.00,9053.04
947,637,2026-01-01,177944.37,5.00,8897.22
948,637,2026-02-01,185016.29,5.00,9250.81
949,637,2026-03-01,186738.29,5.00,9336.91
950,637,2026-04-01,192064.84,5.00,9603.24
951,637,2026-05-01,173100.72,5.00,8655.04
952,637,2026-06-01,186070.32,5.00,9303.52
953,637,2026-07-01,200276.83,5.00,10013.84
954,637,2026-08-01,164851.85,5.00,8242.59
955,674,2025-09-01,228358.39,5.00,11417.92
956,674,2025-10-01,222093.37,5.00,11104.67
957,674,2025-11-01,255385.19,5.00,12769.26
958,674,2025-12-01,253376.26,5.00,12668.81
959,674,2026-01-01,210772.82,5.00,10538.64
960,674,2026-02-01,227976.86,5.00,11398.84
961,674,2026-03-01,203122.41,5.00,10156.12
962,674,2026-04-01,230078.06,5.00,11503.90
963,674,2026-05-01,210351.18,5.00,10517.56
964,674,2026-06-01,205682.45,5.00,10284.12
965,674,2026-07-01,217754.87,5.00,10887.74
966,674,2026-08-01,195781.12,5.00,9789.06
967,713,2025-09-01,235180.27,5.00,11759.01
968,713,2025-10-01,260394.73,5.00,13019.74
969,713,2025-11-01,238310.00,5.00,11915.50
970,713,2025-12-01,262870.33,5.00,13143.52
971,713,2026-01-01,248119.26,5.00,12405.96
972,713,2026-02-01,225734.99,5.00,11286.75
973,713,2026-03-01,223754.89,5.00,11187.74
974,713,2026-04-01,252780.06,5.00,12639.00
975,713,2026-05-01,241836.56,5.00,12091.83
976,713,2026-06-01,237280.11,5.00,11864.01
977,713,2026-07-01,251453.38,5.00,12572.67
978,713,2026-08-01,236439.18,5.00,11821.96
979,732,2025-12-01,213800.85,5.00,10690.04
980,732,2026-01-01,217130.29,5.00,10856.51
981,732,2026-02-01,210316.86,5.00,10515.84
982,732,2026-03-01,220836.03,5.00,11041.80
983,732,2026-04-01,242062.71,5.00,12103.14
984,732,2026-05-01,208818.80,5.00,10440.94
985,736,2026-03-01,110639.18,5.00,5531.96
986,736,2026-04-01,128647.31,5.00,6432.37
987,736,2026-05-01,119211.92,5.00,5960.60
988,736,2026-06-01,108957.93,5.00,5447.90
989,736,2026-07-01,130679.40,5.00,6533.97
990,736,2026-08-01,111105.45,5.00,5555.27
991,745,2025-09-01,190032.67,5.00,9501.63
992,745,2025-10-01,167092.93,5.00,8354.65
993,745,2025-11-01,195091.07,5.00,9754.55
994,745,2025-12-01,174758.26,5.00,8737.91
995,745,2026-01-01,165139.97,5.00,8257.00
996,745,2026-02-01,191408.80,5.00,9570.44
997,745,2026-03-01,161054.19,5.00,8052.71
998,745,2026-04-01,164040.00,5.00,8202.00
999,745,2026-05-01,170554.65,5.00,8527.73
1000,745,2026-06-01,202529.87,5.00,10126.49
1001,745,2026-07-01,190517.77,5.00,9525.89
1002,745,2026-08-01,158041.63,5.00,7902.08
1003,746,2025-09-01,294662.34,5.00,14733.12
1004,746,2025-10-01,291853.43,5.00,14592.67
1005,746,2025-11-01,266506.18,5.00,13325.31
1006,746,2025-12-01,277604.02,5.00,13880.20
1007,751,2025-09-01,152683.96,5.00,7634.20
1008,751,2025-10-01,174140.94,5.00,8707.05
1009,751,2025-11-01,159831.56,5.00,7991.58
1010,751,2025-12-01,164065.32,5.00,8203.27
1011,751,2026-01-01,157770.00,5.00,7888.50
1012,751,2026-02-01,179734.13,5.00,8986.71
1013,751,2026-03-01,170433.63,5.00,8521.68
1014,751,2026-04-01,161329.39,5.00,8066.47
1015,751,2026-05-01,185251.14,5.00,9262.56
1016,751,2026-06-01,173245.69,5.00,8662.28
1017,751,2026-07-01,169046.26,5.00,8452.31
1018,751,2026-08-01,165506.20,5.00,8275.31
1019,761,2025-09-01,197891.97,5.00,9894.60
1020,761,2025-10-01,188707.33,5.00,9435.37
1021,761,2025-11-01,188155.04,5.00,9407.75
1022,761,2025-12-01,192471.76,5.00,9623.59
1023,761,2026-01-01,188047.27,5.00,9402.36
1024,761,2026-02-01,208147.57,5.00,10407.38
1025,761,2026-03-01,204837.06,5.00,10241.85
1026,761,2026-04-01,182811.61,5.00,9140.58
1027,761,2026-05-01,199456.61,5.00,9972.83
1028,761,2026-06-01,221214.10,5.00,11060.71
1029,761,2026-07-01,184183.94,5.00,9209.20
1030,761,2026-08-01,206613.94,5.00,10330.70
1031,762,2026-01-01,183768.85,5.00,9188.44
1032,762,2026-02-01,205518.83,5.00,10275.94
1033,762,2026-03-01,230015.33,5.00,11500.77
1034,762,2026-04-01,198828.04,5.00,9941.40
1035,762,2026-05-01,175824.45,5.00,8791.22
1036,762,2026-06-01,184674.43,5.00,9233.72
1037,762,2026-07-01,197266.62,5.00,9863.33
1038,762,2026-08-01,207887.40,5.00,10394.37
1039,765,2025-09-01,248426.41,5.00,12421.32
1040,765,2025-10-01,213323.08,5.00,10666.15
1041,765,2025-11-01,215607.50,5.00,10780.38
1042,765,2025-12-01,277161.32,5.00,13858.07
1043,765,2026-01-01,242988.81,5.00,12149.44
1044,765,2026-02-01,233716.23,5.00,11685.81
1045,765,2026-03-01,251641.52,5.00,12582.08
1046,765,2026-04-01,254095.60,5.00,12704.78
1047,765,2026-05-01,229159.89,5.00,11457.99
1048,765,2026-06-01,209892.81,5.00,10494.64
1049,765,2026-07-01,210715.27,5.00,10535.76
1050,765,2026-08-01,216806.46,5.00,10840.32
1051,767,2025-09-01,106957.54,5.00,5347.88
1052,767,2025-10-01,108796.90,5.00,5439.85
1053,767,2025-11-01,118966.92,5.00,5948.35
1054,767,2025-12-01,95533.50,5.00,4776.68
1055,767,2026-01-01,104891.54,5.00,5244.58
1056,767,2026-02-01,104221.93,5.00,5211.10
1057,767,2026-03-01,112098.26,5.00,5604.91
1058,767,2026-04-01,108379.03,5.00,5418.95
1059,767,2026-05-01,114753.96,5.00,5737.70
1060,767,2026-06-01,105021.36,5.00,5251.07
1061,767,2026-07-01,124168.35,5.00,6208.42
1062,767,2026-08-01,105689.66,5.00,5284.48
1063,773,2025-09-01,139753.70,5.00,6987.69
1064,773,2025-10-01,133251.32,5.00,6662.57
1065,773,2025-11-01,147807.36,5.00,7390.37
1066,773,2025-12-01,146310.70,5.00,7315.54
1067,773,2026-01-01,160114.34,5.00,8005.72
1068,773,2026-02-01,134134.99,5.00,6706.75
1069,773,2026-03-01,121993.31,5.00,6099.67
1070,773,2026-04-01,152586.03,5.00,7629.30
1071,773,2026-05-01,134981.50,5.00,6749.08
1072,773,2026-06-01,141947.70,5.00,7097.39
1073,773,2026-07-01,134557.75,5.00,6727.89
1074,773,2026-08-01,138885.30,5.00,6944.27
1075,775,2025-09-01,235562.07,5.00,11778.10
1076,775,2025-10-01,236743.23,5.00,11837.16
1077,775,2025-11-01,242938.88,5.00,12146.94
1078,775,2025-12-01,244747.68,5.00,12237.38
1079,775,2026-01-01,262909.04,5.00,13145.45
1080,775,2026-02-01,268130.70,5.00,13406.54
1081,775,2026-03-01,222898.15,5.00,11144.91
1082,775,2026-04-01,242409.47,5.00,12120.47
1083,775,2026-05-01,232384.57,5.00,11619.23
1084,775,2026-06-01,258849.70,5.00,12942.49
1085,775,2026-07-01,272351.50,5.00,13617.58
1086,775,2026-08-01,246069.26,5.00,12303.46
1087,785,2026-05-01,149478.96,5.00,7473.95
1088,785,2026-06-01,146486.92,5.00,7324.35
1089,785,2026-07-01,146504.44,5.00,7325.22
1090,785,2026-08-01,172901.50,5.00,8645.08
1091,792,2025-09-01,223640.15,5.00,11182.01
1092,792,2025-10-01,235427.87,5.00,11771.39
1093,792,2025-11-01,238796.31,5.00,11939.82
1094,792,2025-12-01,224793.06,5.00,11239.65
1095,792,2026-01-01,238144.48,5.00,11907.22
1096,792,2026-02-01,241775.77,5.00,12088.79
1097,792,2026-03-01,244146.17,5.00,12207.31
1098,792,2026-04-01,223855.61,5.00,11192.78
1099,792,2026-05-01,250248.37,5.00,12512.42
1100,792,2026-06-01,233436.41,5.00,11671.82
1101,792,2026-07-01,218257.21,5.00,10912.86
1102,792,2026-08-01,236474.90,5.00,11823.75
1103,793,2025-09-01,207212.06,5.00,10360.60
1104,793,2025-10-01,222485.29,5.00,11124.26
1105,793,2025-11-01,206674.98,5.00,10333.75
1106,793,2025-12-01,191301.00,5.00,9565.05
1107,793,2026-01-01,216454.67,5.00,10822.73
1108,793,2026-02-01,203322.71,5.00,10166.14
1109,793,2026-03-01,201309.28,5.00,10065.46
1110,793,2026-04-01,226854.16,5.00,11342.71
1111,793,2026-05-01,212168.81,5.00,10608.44
1112,793,2026-06-01,220573.46,5.00,11028.67
1113,793,2026-07-01,196937.55,5.00,9846.88
1114,793,2026-08-01,222056.02,5.00,11102.80
1115,802,2025-09-01,247338.21,5.00,12366.91
1116,802,2025-10-01,264837.62,5.00,13241.88
1117,802,2025-11-01,253018.50,5.00,12650.93
1118,802,2025-12-01,277415.94,5.00,13870.80
1119,802,2026-01-01,256353.53,5.00,12817.68
1120,802,2026-02-01,275426.62,5.00,13771.33
1121,802,2026-03-01,233974.28,5.00,11698.71
1122,802,2026-04-01,246881.15,5.00,12344.06
1123,802,2026-05-01,261660.82,5.00,13083.04
1124,802,2026-06-01,284752.55,5.00,14237.63
1125,802,2026-07-01,249419.65,5.00,12470.98
1126,802,2026-08-01,257715.11,5.00,12885.76
1127,829,2025-09-01,181753.16,5.00,9087.66
1128,829,2025-10-01,212033.60,5.00,10601.68
1129,829,2025-11-01,160864.88,5.00,8043.24
1130,829,2025-12-01,211747.16,5.00,10587.36
1131,829,2026-01-01,187216.94,5.00,9360.85
1132,829,2026-02-01,182181.97,5.00,9109.10
1133,829,2026-03-01,189865.41,5.00,9493.27
1134,829,2026-04-01,164740.63,5.00,8237.03
1135,829,2026-05-01,178998.23,5.00,8949.91
1136,829,2026-06-01,186039.92,5.00,9302.00
1137,829,2026-07-01,192427.72,5.00,9621.39
1138,829,2026-08-01,202834.78,5.00,10141.74
1139,838,2025-09-01,288865.51,5.00,14443.28
1140,838,2025-10-01,283609.71,5.00,14180.49
1141,838,2025-11-01,297772.75,5.00,14888.64
1142,838,2025-12-01,262030.99,5.00,13101.55
1143,838,2026-01-01,246711.49,5.00,12335.57
1144,838,2026-02-01,258746.99,5.00,12937.35
1145,838,2026-03-01,244136.80,5.00,12206.84
1146,838,2026-04-01,276581.65,5.00,13829.08
1147,838,2026-05-01,293460.70,5.00,14673.04
1148,838,2026-06-01,261101.60,5.00,13055.08
1149,838,2026-07-01,276366.17,5.00,13818.31
1150,838,2026-08-01,245387.18,5.00,12269.36
1151,847,2025-09-01,250774.23,5.00,12538.71
1152,847,2025-10-01,313504.94,5.00,15675.25
1153,847,2025-11-01,264450.83,5.00,13222.54
1154,847,2025-12-01,269139.29,5.00,13456.96
1155,847,2026-01-01,290568.52,5.00,14528.43
1156,847,2026-02-01,298086.97,5.00,14904.35
1157,847,2026-03-01,255431.92,5.00,12771.60
1158,847,2026-04-01,277576.45,5.00,13878.82
1159,847,2026-05-01,278620.25,5.00,13931.01
1160,847,2026-06-01,276773.75,5.00,13838.69
1161,847,2026-07-01,256116.95,5.00,12805.85
1162,847,2026-08-01,265042.94,5.00,13252.15
1163,854,2025-09-01,254050.77,5.00,12702.54
1164,854,2025-10-01,257885.72,5.00,12894.29
1165,854,2025-11-01,267768.39,5.00,13388.42
1166,854,2025-12-01,268561.37,5.00,13428.07
1167,854,2026-01-01,255224.74,5.00,12761.24
1168,854,2026-02-01,250361.41,5.00,12518.07
1169,854,2026-03-01,218434.36,5.00,10921.72
1170,854,2026-04-01,258548.03,5.00,12927.40
1171,854,2026-05-01,251937.66,5.00,12596.88
1172,854,2026-06-01,223239.38,5.00,11161.97
1173,854,2026-07-01,234143.99,5.00,11707.20
1174,854,2026-08-01,215258.46,5.00,10762.92
1175,861,2025-09-01,189409.90,5.00,9470.50
1176,861,2025-10-01,203634.17,5.00,10181.71
1177,861,2025-11-01,150722.65,5.00,7536.13
1178,861,2025-12-01,210739.36,5.00,10536.97
1179,861,2026-01-01,161651.07,5.00,8082.55
1180,861,2026-02-01,176424.69,5.00,8821.23
1181,861,2026-03-01,176890.10,5.00,8844.51
1182,861,2026-04-01,178289.52,5.00,8914.48
1183,861,2026-05-01,191707.24,5.00,9585.36
1184,861,2026-06-01,172322.17,5.00,8616.11
1185,861,2026-07-01,180319.57,5.00,9015.98
1186,861,2026-08-01,207137.36,5.00,10356.87
1187,865,2025-09-01,308998.05,5.00,15449.90
1188,865,2025-10-01,311964.63,5.00,15598.23
1189,865,2025-11-01,290520.32,5.00,14526.02
1190,865,2025-12-01,305186.15,5.00,15259.31
1191,865,2026-01-01,295836.93,5.00,14791.85
1192,865,2026-02-01,313424.40,5.00,15671.22
1193,865,2026-03-01,342397.73,5.00,17119.89
1194,865,2026-04-01,301552.39,5.00,15077.62
1195,865,2026-05-01,301154.25,5.00,15057.71
1196,865,2026-06-01,299826.82,5.00,14991.34
1197,865,2026-07-01,292039.16,5.00,14601.96
1198,865,2026-08-01,320045.60,5.00,16002.28
1199,869,2025-09-01,211745.57,5.00,10587.28
1200,869,2025-10-01,211459.50,5.00,10572.98
1201,869,2025-11-01,202238.20,5.00,10111.91
1202,869,2025-12-01,224446.45,5.00,11222.32
1203,869,2026-01-01,201159.15,5.00,10057.96
1204,869,2026-02-01,208209.84,5.00,10410.49
1205,869,2026-03-01,226265.21,5.00,11313.26
1206,869,2026-04-01,199085.18,5.00,9954.26
1207,869,2026-05-01,200363.86,5.00,10018.19
1208,869,2026-06-01,197678.51,5.00,9883.93
1209,869,2026-07-01,197750.17,5.00,9887.51
1210,869,2026-08-01,192242.23,5.00,9612.11
1211,884,2025-12-01,129365.13,5.00,6468.26
1212,884,2026-01-01,125527.54,5.00,6276.38
1213,884,2026-02-01,121967.69,5.00,6098.38
1214,884,2026-03-01,128442.93,5.00,6422.15
1215,884,2026-04-01,122282.21,5.00,6114.11
1216,884,2026-05-01,122136.90,5.00,6106.85
1217,884,2026-06-01,125393.40,5.00,6269.67
1218,884,2026-07-01,136010.10,5.00,6800.51
1219,884,2026-08-01,142781.57,5.00,7139.08
1220,889,2025-09-01,342731.81,5.00,17136.59
1221,889,2025-10-01,305850.33,5.00,15292.52
1222,889,2025-11-01,326236.31,5.00,16311.82
1223,889,2025-12-01,330360.75,5.00,16518.04
1224,889,2026-01-01,300204.58,5.00,15010.23
1225,889,2026-02-01,358812.24,5.00,17940.61
1226,889,2026-03-01,319075.68,5.00,15953.78
1227,889,2026-04-01,335503.66,5.00,16775.18
1228,889,2026-05-01,340016.49,5.00,17000.82
1229,889,2026-06-01,277708.14,5.00,13885.41
1230,889,2026-07-01,355386.51,5.00,17769.33
1231,889,2026-08-01,306173.14,5.00,15308.66
1232,900,2025-09-01,252370.59,5.00,12618.53
1233,900,2025-10-01,272782.37,5.00,13639.12
1234,900,2025-11-01,248859.90,5.00,12443.00
1235,900,2025-12-01,250465.05,5.00,12523.25
1236,900,2026-01-01,233908.84,5.00,11695.44
1237,900,2026-02-01,250776.90,5.00,12538.85
1238,900,2026-03-01,270274.07,5.00,13513.70
1239,900,2026-04-01,251293.01,5.00,12564.65
1240,900,2026-05-01,232014.50,5.00,11600.73
1241,900,2026-06-01,256184.62,5.00,12809.23
1242,900,2026-07-01,260020.33,5.00,13001.02
1243,900,2026-08-01,242239.62,5.00,12111.98
1244,916,2025-09-01,385261.62,5.00,19263.08
1245,916,2025-10-01,387417.92,5.00,19370.90
1246,916,2025-11-01,366842.72,5.00,18342.14
1247,916,2025-12-01,331776.87,5.00,16588.84
1248,916,2026-01-01,363267.00,5.00,18163.35
1249,916,2026-02-01,354154.42,5.00,17707.72
1250,916,2026-03-01,347822.54,5.00,17391.13
1251,916,2026-04-01,316947.18,5.00,15847.36
1252,916,2026-05-01,343527.71,5.00,17176.39
1253,916,2026-06-01,351611.91,5.00,17580.60
1254,916,2026-07-01,379196.02,5.00,18959.80
1255,916,2026-08-01,390447.31,5.00,19522.37
1256,925,2025-09-01,268804.14,5.00,13440.21
1257,925,2025-10-01,244800.51,5.00,12240.03
1258,925,2025-11-01,249491.84,5.00,12474.59
1259,925,2025-12-01,277639.17,5.00,13881.96
1260,925,2026-01-01,289334.03,5.00,14466.70
1261,925,2026-02-01,262590.28,5.00,13129.51
1262,925,2026-03-01,266778.62,5.00,13338.93
1263,925,2026-04-01,254702.93,5.00,12735.15
1264,925,2026-05-01,257305.75,5.00,12865.29
1265,925,2026-06-01,270226.78,5.00,13511.34
1266,925,2026-07-01,267074.99,5.00,13353.75
1267,925,2026-08-01,241552.54,5.00,12077.63
1268,938,2025-09-01,175645.99,5.00,8782.30
1269,938,2025-10-01,189505.71,5.00,9475.29
1270,938,2025-11-01,150100.21,5.00,7505.01
1271,938,2025-12-01,160744.14,5.00,8037.21
1272,938,2026-01-01,167178.09,5.00,8358.90
1273,938,2026-02-01,153884.63,5.00,7694.23
1274,938,2026-03-01,166993.42,5.00,8349.67
1275,938,2026-04-01,177100.86,5.00,8855.04
1276,938,2026-05-01,195456.10,5.00,9772.81
1277,938,2026-06-01,169243.95,5.00,8462.20
1278,938,2026-07-01,185769.86,5.00,9288.49
1279,938,2026-08-01,163987.50,5.00,8199.38
1280,943,2025-09-01,167422.56,5.00,8371.13
1281,943,2025-10-01,181981.95,5.00,9099.10
1282,943,2025-11-01,174392.46,5.00,8719.62
1283,943,2025-12-01,174917.25,5.00,8745.86
1284,943,2026-01-01,163842.98,5.00,8192.15
1285,943,2026-02-01,168323.97,5.00,8416.20
1286,943,2026-03-01,180346.33,5.00,9017.32
1287,943,2026-04-01,177181.79,5.00,8859.09
1288,943,2026-05-01,163113.11,5.00,8155.66
1289,943,2026-06-01,160825.62,5.00,8041.28
1290,943,2026-07-01,136642.54,5.00,6832.13
1291,943,2026-08-01,162297.14,5.00,8114.86
1292,965,2025-09-01,284880.04,5.00,14244.00
1293,965,2025-10-01,314424.08,5.00,15721.20
1294,965,2025-11-01,325176.00,5.00,16258.80
1295,965,2025-12-01,347403.74,5.00,17370.19
1296,965,2026-01-01,309491.62,5.00,15474.58
1297,965,2026-02-01,277246.98,5.00,13862.35
1298,965,2026-03-01,309584.97,5.00,15479.25
1299,965,2026-04-01,315246.28,5.00,15762.31
1300,965,2026-05-01,318951.53,5.00,15947.58
1301,965,2026-06-01,307813.29,5.00,15390.66
1302,965,2026-07-01,343342.83,5.00,17167.14
1303,965,2026-08-01,335069.33,5.00,16753.47
1304,984,2025-09-01,192684.68,5.00,9634.23
1305,984,2025-10-01,192839.82,5.00,9641.99
1306,984,2025-11-01,201512.90,5.00,10075.65
1307,984,2025-12-01,216437.41,5.00,10821.87
1308,984,2026-01-01,185061.54,5.00,9253.08
1309,984,2026-02-01,204120.69,5.00,10206.03
1310,984,2026-03-01,184282.94,5.00,9214.15
1311,984,2026-04-01,204109.25,5.00,10205.46
1312,984,2026-05-01,193747.99,5.00,9687.40
1313,984,2026-06-01,217224.84,5.00,10861.24
1314,984,2026-07-01,191502.51,5.00,9575.13
1315,984,2026-08-01,203445.53,5.00,10172.28
1316,985,2025-09-01,262196.11,5.00,13109.81
1317,985,2025-10-01,271265.41,5.00,13563.27
1318,985,2025-11-01,241506.30,5.00,12075.32
1319,985,2025-12-01,286903.07,5.00,14345.15
1320,985,2026-01-01,241089.74,5.00,12054.49
1321,985,2026-02-01,254115.96,5.00,12705.80
1322,985,2026-03-01,292627.83,5.00,14631.39
1323,985,2026-04-01,254036.46,5.00,12701.82
1324,985,2026-05-01,257587.53,5.00,12879.38
1325,985,2026-06-01,270975.21,5.00,13548.76
1326,985,2026-07-01,246567.98,5.00,12328.40
1327,985,2026-08-01,281650.09,5.00,14082.50
1328,1000,2025-09-01,239772.66,5.00,11988.63
1329,1000,2025-10-01,246551.92,5.00,12327.60
1330,1000,2025-11-01,219698.69,5.00,10984.93
1331,1000,2025-12-01,241781.57,5.00,12089.08
1332,1000,2026-01-01,256619.09,5.00,12830.95
1333,1000,2026-02-01,212962.13,5.00,10648.11
1334,1000,2026-03-01,223568.45,5.00,11178.42
1335,1000,2026-04-01,214331.22,5.00,10716.56
1336,1000,2026-05-01,269274.17,5.00,13463.71
1337,1000,2026-06-01,245409.00,5.00,12270.45
1338,1000,2026-07-01,232145.79,5.00,11607.29
1339,1000,2026-08-01,211676.24,5.00,10583.81
1340,1002,2025-09-01,213832.67,5.00,10691.63
1341,1002,2025-10-01,226876.75,5.00,11343.84
1342,1002,2025-11-01,206232.50,5.00,10311.63
1343,1002,2025-12-01,213006.42,5.00,10650.32
1344,1002,2026-01-01,221707.09,5.00,11085.35
1345,1002,2026-02-01,228860.86,5.00,11443.04
1346,1002,2026-03-01,213183.42,5.00,10659.17
1347,1002,2026-04-01,234547.40,5.00,11727.37
1348,1002,2026-05-01,227691.22,5.00,11384.56
1349,1002,2026-06-01,204853.38,5.00,10242.67
1350,1002,2026-07-01,221698.66,5.00,11084.93
1351,1002,2026-08-01,198351.08,5.00,9917.55
1352,1003,2026-02-01,158914.62,5.00,7945.73
1353,1003,2026-03-01,158673.80,5.00,7933.69
1354,1003,2026-04-01,163793.20,5.00,8189.66
1355,1003,2026-05-01,189449.90,5.00,9472.50
1356,1003,2026-06-01,171093.01,5.00,8554.65
1357,1003,2026-07-01,155252.13,5.00,7762.61
1358,1003,2026-08-01,160691.94,5.00,8034.60
1359,1005,2025-09-01,216111.49,5.00,10805.57
1360,1005,2025-10-01,228905.05,5.00,11445.25
1361,1005,2025-11-01,233676.58,5.00,11683.83
1362,1005,2025-12-01,212975.21,5.00,10648.76
1363,1005,2026-01-01,219164.07,5.00,10958.20
1364,1005,2026-02-01,229269.41,5.00,11463.47
1365,1005,2026-03-01,235625.30,5.00,11781.27
1366,1005,2026-04-01,243923.54,5.00,12196.18
1367,1005,2026-05-01,216879.44,5.00,10843.97
1368,1005,2026-06-01,214855.60,5.00,10742.78
1369,1005,2026-07-01,233893.48,5.00,11694.67
1370,1005,2026-08-01,219097.34,5.00,10954.87
1371,1016,2025-09-01,206624.80,5.00,10331.24
1372,1016,2025-10-01,179455.12,5.00,8972.76
1373,1016,2025-11-01,203527.77,5.00,10176.39
1374,1016,2025-12-01,241687.00,5.00,12084.35
1375,1016,2026-01-01,175374.73,5.00,8768.74
1376,1016,2026-02-01,216425.43,5.00,10821.27
1377,1016,2026-03-01,210405.43,5.00,10520.27
1378,1016,2026-04-01,201652.49,5.00,10082.62
1379,1016,2026-05-01,183366.29,5.00,9168.31
1380,1016,2026-06-01,201391.08,5.00,10069.55
1381,1016,2026-07-01,190354.68,5.00,9517.73
1382,1016,2026-08-01,203891.50,5.00,10194.58
1383,1025,2025-09-01,302714.47,5.00,15135.72
1384,1025,2025-10-01,302029.47,5.00,15101.47
1385,1025,2025-11-01,260213.17,5.00,13010.66
1386,1025,2025-12-01,299348.21,5.00,14967.41
1387,1025,2026-01-01,351581.27,5.00,17579.06
1388,1025,2026-02-01,314716.87,5.00,15735.84
1389,1025,2026-03-01,312542.21,5.00,15627.11
1390,1025,2026-04-01,293447.65,5.00,14672.38
1391,1025,2026-05-01,347438.59,5.00,17371.93
1392,1025,2026-06-01,291884.39,5.00,14594.22
1393,1025,2026-07-01,327392.90,5.00,16369.65
1394,1025,2026-08-01,307412.99,5.00,15370.65
1395,1034,2025-09-01,241702.57,5.00,12085.13
1396,1034,2025-10-01,237672.41,5.00,11883.62
1397,1034,2025-11-01,223748.45,5.00,11187.42
1398,1034,2025-12-01,202661.04,5.00,10133.05
1399,1034,2026-01-01,251523.79,5.00,12576.19
1400,1034,2026-02-01,205344.53,5.00,10267.23
1401,1034,2026-03-01,234893.33,5.00,11744.67
1402,1034,2026-04-01,244753.31,5.00,12237.67
1403,1034,2026-05-01,245527.80,5.00,12276.39
1404,1034,2026-06-01,241878.59,5.00,12093.93
1405,1034,2026-07-01,204146.53,5.00,10207.33
1406,1034,2026-08-01,224245.28,5.00,11212.26
1407,1053,2025-09-01,421500.74,5.00,21075.04
1408,1053,2025-10-01,353569.80,5.00,17678.49
1409,1053,2025-11-01,381565.57,5.00,19078.28
1410,1053,2025-12-01,337051.75,5.00,16852.59
1411,1053,2026-01-01,371644.90,5.00,18582.25
1412,1053,2026-02-01,363815.02,5.00,18190.75
1413,1053,2026-03-01,425445.65,5.00,21272.28
1414,1053,2026-04-01,357715.26,5.00,17885.76
1415,1053,2026-05-01,441669.27,5.00,22083.46
1416,1053,2026-06-01,423192.21,5.00,21159.61
1417,1053,2026-07-01,376799.90,5.00,18840.00
1418,1053,2026-08-01,361029.84,5.00,18051.49
1419,1054,2026-07-01,101771.32,5.00,5088.57
1420,1054,2026-08-01,107975.03,5.00,5398.75
1421,1060,2025-09-01,253972.07,5.00,12698.60
1422,1060,2025-10-01,228236.97,5.00,11411.85
1423,1060,2025-11-01,253842.94,5.00,12692.15
1424,1060,2025-12-01,226437.34,5.00,11321.87
1425,1060,2026-01-01,277677.55,5.00,13883.88
1426,1060,2026-02-01,238666.31,5.00,11933.32
1427,1060,2026-03-01,267724.71,5.00,13386.24
1428,1060,2026-04-01,237978.63,5.00,11898.93
1429,1060,2026-05-01,251050.62,5.00,12552.53
1430,1060,2026-06-01,249250.67,5.00,12462.53
1431,1060,2026-07-01,219319.56,5.00,10965.98
1432,1060,2026-08-01,252654.70,5.00,12632.74
1433,1061,2025-09-01,385538.03,5.00,19276.90
1434,1061,2025-10-01,453908.02,5.00,22695.40
1435,1061,2025-11-01,422622.54,5.00,21131.13
1436,1061,2025-12-01,427456.85,5.00,21372.84
1437,1061,2026-01-01,449832.48,5.00,22491.62
1438,1061,2026-02-01,431312.45,5.00,21565.62
1439,1061,2026-03-01,401700.98,5.00,20085.05
1440,1061,2026-04-01,464588.15,5.00,23229.41
1441,1061,2026-05-01,424379.11,5.00,21218.96
1442,1061,2026-06-01,456461.57,5.00,22823.08
1443,1061,2026-07-01,440756.23,5.00,22037.81
1444,1061,2026-08-01,422934.67,5.00,21146.73
1445,1067,2025-09-01,237017.10,5.00,11850.86
1446,1067,2025-10-01,263036.12,5.00,13151.81
1447,1067,2025-11-01,240036.01,5.00,12001.80
1448,1067,2025-12-01,254880.23,5.00,12744.01
1449,1067,2026-01-01,277769.56,5.00,13888.48
1450,1067,2026-02-01,239101.98,5.00,11955.10
1451,1067,2026-03-01,267256.43,5.00,13362.82
1452,1067,2026-04-01,251717.71,5.00,12585.89
1453,1067,2026-05-01,216134.96,5.00,10806.75
1454,1067,2026-06-01,275786.46,5.00,13789.32
1455,1067,2026-07-01,216986.39,5.00,10849.32
1456,1067,2026-08-01,256667.31,5.00,12833.37
1457,1068,2025-09-01,241391.40,5.00,12069.57
1458,1068,2025-10-01,207071.79,5.00,10353.59
1459,1068,2025-11-01,230990.35,5.00,11549.52
1460,1068,2025-12-01,256494.89,5.00,12824.74
1461,1068,2026-01-01,225553.64,5.00,11277.68
1462,1068,2026-02-01,209657.15,5.00,10482.86
1463,1068,2026-03-01,246068.69,5.00,12303.43
1464,1068,2026-04-01,202096.41,5.00,10104.82
1465,1068,2026-05-01,221630.59,5.00,11081.53
1466,1068,2026-06-01,246005.08,5.00,12300.25
1467,1068,2026-07-01,247305.59,5.00,12365.28
1468,1068,2026-08-01,216973.57,5.00,10848.68
1469,1079,2025-09-01,250658.68,5.00,12532.93
1470,1079,2025-10-01,244323.49,5.00,12216.17
1471,1079,2025-11-01,252940.08,5.00,12647.00
1472,1079,2025-12-01,239356.38,5.00,11967.82
1473,1079,2026-01-01,255394.69,5.00,12769.73
1474,1079,2026-02-01,267717.68,5.00,13385.88
1475,1079,2026-03-01,277680.90,5.00,13884.05
1476,1079,2026-04-01,264502.32,5.00,13225.12
1477,1079,2026-05-01,244871.48,5.00,12243.57
1478,1079,2026-06-01,265741.51,5.00,13287.08
1479,1079,2026-07-01,248102.89,5.00,12405.14
1480,1079,2026-08-01,270144.91,5.00,13507.25
1481,1080,2025-09-01,108929.40,5.00,5446.47
1482,1080,2025-10-01,107339.98,5.00,5367.00
1483,1080,2025-11-01,110739.14,5.00,5536.96
1484,1080,2025-12-01,108388.87,5.00,5419.44
1485,1080,2026-01-01,103631.74,5.00,5181.59
1486,1080,2026-02-01,113047.50,5.00,5652.38
1487,1080,2026-03-01,118397.12,5.00,5919.86
1488,1080,2026-04-01,105651.13,5.00,5282.56
1489,1080,2026-05-01,116430.10,5.00,5821.51
1490,1080,2026-06-01,114066.79,5.00,5703.34
1491,1080,2026-07-01,101273.84,5.00,5063.69
1492,1080,2026-08-01,98166.15,5.00,4908.31
1493,1085,2025-09-01,194497.30,5.00,9724.87
1494,1085,2025-10-01,234937.44,5.00,11746.87
1495,1085,2025-11-01,245308.29,5.00,12265.41
1496,1085,2025-12-01,233847.56,5.00,11692.38
1497,1085,2026-01-01,238111.12,5.00,11905.56
1498,1085,2026-02-01,252748.22,5.00,12637.41
1499,1085,2026-03-01,266260.72,5.00,13313.04
1500,1085,2026-04-01,254833.58,5.00,12741.68
1501,1085,2026-05-01,243089.77,5.00,12154.49
1502,1085,2026-06-01,215053.05,5.00,10752.65
1503,1085,2026-07-01,214818.27,5.00,10740.91
1504,1085,2026-08-01,250452.98,5.00,12522.65
1505,1113,2025-09-01,304632.37,5.00,15231.62
1506,1113,2025-10-01,310518.66,5.00,15525.93
1507,1113,2025-11-01,304312.59,5.00,15215.63
1508,1113,2025-12-01,305246.48,5.00,15262.32
1509,1113,2026-01-01,339289.71,5.00,16964.49
1510,1113,2026-02-01,326222.06,5.00,16311.10
1511,1113,2026-03-01,318151.79,5.00,15907.59
1512,1113,2026-04-01,279642.91,5.00,13982.15
1513,1113,2026-05-01,293173.99,5.00,14658.70
1514,1113,2026-06-01,321957.56,5.00,16097.88
1515,1113,2026-07-01,306482.36,5.00,15324.12
1516,1113,2026-08-01,286206.78,5.00,14310.34
1517,1124,2025-09-01,284184.97,5.00,14209.25
1518,1124,2025-10-01,296078.84,5.00,14803.94
1519,1124,2025-11-01,254664.99,5.00,12733.25
1520,1124,2025-12-01,267564.84,5.00,13378.24
1521,1124,2026-01-01,258929.80,5.00,12946.49
1522,1124,2026-02-01,319651.76,5.00,15982.59
1523,1124,2026-03-01,294215.61,5.00,14710.78
1524,1124,2026-04-01,301818.73,5.00,15090.94
1525,1124,2026-05-01,287979.80,5.00,14398.99
1526,1124,2026-06-01,269124.49,5.00,13456.22
1527,1124,2026-07-01,281091.03,5.00,14054.55
1528,1124,2026-08-01,290174.31,5.00,14508.72
1529,1132,2026-02-01,189684.38,5.00,9484.22
1530,1132,2026-03-01,186230.89,5.00,9311.54
1531,1132,2026-04-01,189503.64,5.00,9475.18
1532,1132,2026-05-01,176265.22,5.00,8813.26
1533,1132,2026-06-01,183167.55,5.00,9158.38
1534,1132,2026-07-01,176675.39,5.00,8833.77
1535,1132,2026-08-01,179592.38,5.00,8979.62
1536,1136,2025-09-01,157916.21,5.00,7895.81
1537,1136,2025-10-01,172413.44,5.00,8620.67
1538,1136,2025-11-01,175167.09,5.00,8758.35
1539,1136,2025-12-01,166354.40,5.00,8317.72
1540,1136,2026-01-01,170233.35,5.00,8511.67
1541,1136,2026-02-01,166812.05,5.00,8340.60
1542,1136,2026-03-01,186958.69,5.00,9347.93
1543,1136,2026-04-01,182284.54,5.00,9114.23
1544,1136,2026-05-01,171161.94,5.00,8558.10
1545,1136,2026-06-01,173443.84,5.00,8672.19
1546,1136,2026-07-01,170808.59,5.00,8540.43
1547,1136,2026-08-01,181897.75,5.00,9094.89
1548,1141,2025-09-01,285346.50,5.00,14267.33
1549,1141,2025-10-01,317948.10,5.00,15897.41
1550,1141,2025-11-01,277798.58,5.00,13889.93
1551,1141,2025-12-01,289117.08,5.00,14455.85
1552,1141,2026-01-01,295484.76,5.00,14774.24
1553,1141,2026-02-01,326064.86,5.00,16303.24
1554,1141,2026-03-01,282201.23,5.00,14110.06
1555,1141,2026-04-01,310470.75,5.00,15523.54
1556,1141,2026-05-01,336911.30,5.00,16845.57
1557,1141,2026-06-01,308059.06,5.00,15402.95
1558,1141,2026-07-01,283903.96,5.00,14195.20
1559,1141,2026-08-01,306851.74,5.00,15342.59
1560,1151,2026-03-01,145676.20,5.00,7283.81
1561,1151,2026-04-01,126532.64,5.00,6326.63
1562,1151,2026-05-01,150712.99,5.00,7535.65
1563,1151,2026-06-01,125806.05,5.00,6290.30
1564,1151,2026-07-01,139151.22,5.00,6957.56
1565,1151,2026-08-01,127206.68,5.00,6360.33
1566,1153,2025-09-01,248216.22,5.00,12410.81
1567,1153,2025-10-01,234695.25,5.00,11734.76
1568,1153,2025-11-01,234780.89,5.00,11739.04
1569,1153,2025-12-01,269671.60,5.00,13483.58
1570,1153,2026-01-01,273925.83,5.00,13696.29
1571,1153,2026-02-01,245754.30,5.00,12287.72
1572,1153,2026-03-01,247475.19,5.00,12373.76
1573,1153,2026-04-01,281887.47,5.00,14094.37
1574,1153,2026-05-01,265924.23,5.00,13296.21
1575,1153,2026-06-01,264531.19,5.00,13226.56
1576,1153,2026-07-01,251960.77,5.00,12598.04
1577,1153,2026-08-01,239779.51,5.00,11988.98
1578,1162,2025-09-01,240409.21,5.00,12020.46
1579,1162,2025-10-01,236755.23,5.00,11837.76
1580,1162,2025-11-01,236369.22,5.00,11818.46
1581,1162,2025-12-01,224545.96,5.00,11227.30
1582,1162,2026-01-01,231878.98,5.00,11593.95
1583,1162,2026-02-01,237925.05,5.00,11896.25
1584,1162,2026-03-01,229867.81,5.00,11493.39
1585,1162,2026-04-01,257573.84,5.00,12878.69
1586,1162,2026-05-01,244078.33,5.00,12203.92
1587,1162,2026-06-01,245563.33,5.00,12278.17
1588,1162,2026-07-01,224813.39,5.00,11240.67
1589,1162,2026-08-01,260132.70,5.00,13006.64
1590,1166,2025-09-01,295882.61,5.00,14794.13
1591,1166,2025-10-01,315346.51,5.00,15767.33
1592,1166,2025-11-01,303162.94,5.00,15158.15
1593,1166,2025-12-01,295187.80,5.00,14759.39
1594,1166,2026-01-01,298493.63,5.00,14924.68
1595,1166,2026-02-01,330209.86,5.00,16510.49
1596,1166,2026-03-01,352379.27,5.00,17618.96
1597,1166,2026-04-01,307569.47,5.00,15378.47
1598,1166,2026-05-01,339021.88,5.00,16951.09
1599,1166,2026-06-01,311600.50,5.00,15580.03
1600,1166,2026-07-01,327564.10,5.00,16378.21
1601,1166,2026-08-01,350941.75,5.00,17547.09
1602,1182,2025-09-01,321827.32,5.00,16091.37
1603,1182,2025-10-01,327854.73,5.00,16392.74
1604,1182,2025-11-01,306332.53,5.00,15316.63
1605,1182,2025-12-01,353696.72,5.00,17684.84
1606,1182,2026-01-01,294095.27,5.00,14704.76
1607,1182,2026-02-01,311859.37,5.00,15592.97
1608,1182,2026-03-01,313355.98,5.00,15667.80
1609,1182,2026-04-01,323185.95,5.00,16159.30
1610,1182,2026-05-01,318225.53,5.00,15911.28
1611,1182,2026-06-01,312432.49,5.00,15621.62
1612,1182,2026-07-01,351678.81,5.00,17583.94
1613,1182,2026-08-01,314721.15,5.00,15736.06
1614,1202,2025-11-01,238872.24,5.00,11943.61
1615,1202,2025-12-01,223520.54,5.00,11176.03
1616,1202,2026-01-01,238000.61,5.00,11900.03
1617,1202,2026-02-01,189077.39,5.00,9453.87
1618,1202,2026-03-01,227667.98,5.00,11383.40
1619,1202,2026-04-01,182477.52,5.00,9123.88
1620,1202,2026-05-01,213330.06,5.00,10666.50
1621,1202,2026-06-01,204048.29,5.00,10202.41
1622,1202,2026-07-01,209899.90,5.00,10495.00
1623,1202,2026-08-01,235595.57,5.00,11779.78
1624,1207,2025-09-01,377014.10,5.00,18850.71
1625,1207,2025-10-01,368924.80,5.00,18446.24
1626,1207,2025-11-01,325602.64,5.00,16280.13
1627,1207,2025-12-01,327998.06,5.00,16399.90
1628,1207,2026-01-01,364909.16,5.00,18245.46
1629,1207,2026-02-01,302225.95,5.00,15111.30
1630,1207,2026-03-01,324653.95,5.00,16232.70
1631,1207,2026-04-01,320614.46,5.00,16030.72
1632,1207,2026-05-01,350823.70,5.00,17541.19
1633,1207,2026-06-01,364194.80,5.00,18209.74
1634,1207,2026-07-01,306415.31,5.00,15320.77
1635,1207,2026-08-01,302923.54,5.00,15146.18
1636,1210,2025-09-01,234556.57,5.00,11727.83
1637,1210,2025-10-01,213080.72,5.00,10654.04
1638,1210,2025-11-01,235559.04,5.00,11777.95
1639,1210,2025-12-01,260824.44,5.00,13041.22
1640,1210,2026-01-01,217754.96,5.00,10887.75
1641,1210,2026-02-01,207036.31,5.00,10351.82
1642,1210,2026-03-01,219916.23,5.00,10995.81
1643,1210,2026-04-01,233059.41,5.00,11652.97
1644,1210,2026-05-01,235943.48,5.00,11797.17
1645,1210,2026-06-01,245521.72,5.00,12276.09
1646,1210,2026-07-01,228454.69,5.00,11422.73
1647,1210,2026-08-01,242157.94,5.00,12107.90
1648,1222,2025-09-01,252010.88,5.00,12600.54
1649,1222,2025-10-01,204001.45,5.00,10200.07
1650,1222,2025-11-01,218751.61,5.00,10937.58
1651,1222,2025-12-01,236319.74,5.00,11815.99
1652,1222,2026-01-01,243419.18,5.00,12170.96
1653,1222,2026-02-01,247924.02,5.00,12396.20
1654,1222,2026-03-01,263068.35,5.00,13153.42
1655,1222,2026-04-01,187734.79,5.00,9386.74
1656,1222,2026-05-01,251063.14,5.00,12553.16
1657,1222,2026-06-01,220801.86,5.00,11040.09
1658,1222,2026-07-01,235281.14,5.00,11764.06
1659,1222,2026-08-01,243322.66,5.00,12166.13
1660,1234,2025-09-01,300640.73,5.00,15032.04
1661,1234,2025-10-01,290656.39,5.00,14532.82
1662,1234,2025-11-01,326433.24,5.00,16321.66
1663,1234,2025-12-01,347282.55,5.00,17364.13
1664,1234,2026-01-01,298726.97,5.00,14936.35
1665,1234,2026-02-01,326170.12,5.00,16308.51
1666,1234,2026-03-01,266501.93,5.00,13325.10
1667,1234,2026-04-01,338929.12,5.00,16946.46
1668,1236,2025-09-01,322883.20,5.00,16144.16
1669,1236,2025-10-01,390368.29,5.00,19518.41
1670,1236,2025-11-01,403763.48,5.00,20188.17
1671,1236,2025-12-01,385443.12,5.00,19272.16
1672,1236,2026-01-01,406889.36,5.00,20344.47
1673,1236,2026-02-01,359076.11,5.00,17953.81
1674,1236,2026-03-01,342208.52,5.00,17110.43
1675,1236,2026-04-01,363183.64,5.00,18159.18
1676,1236,2026-05-01,363837.74,5.00,18191.89
1677,1236,2026-06-01,343346.88,5.00,17167.34
1678,1236,2026-07-01,375926.45,5.00,18796.32
1679,1236,2026-08-01,382244.09,5.00,19112.20
1680,1239,2025-09-01,216311.07,5.00,10815.55
1681,1239,2025-10-01,222295.78,5.00,11114.79
1682,1239,2025-11-01,240890.57,5.00,12044.53
1683,1239,2025-12-01,201292.70,5.00,10064.64
1684,1239,2026-01-01,204872.01,5.00,10243.60
1685,1239,2026-02-01,232803.29,5.00,11640.16
1686,1239,2026-03-01,231328.37,5.00,11566.42
1687,1239,2026-04-01,213022.68,5.00,10651.13
1688,1239,2026-05-01,229496.50,5.00,11474.83
1689,1239,2026-06-01,227200.30,5.00,11360.02
1690,1239,2026-07-01,257405.46,5.00,12870.27
1691,1239,2026-08-01,233856.49,5.00,11692.82
1692,1243,2025-09-01,274009.93,5.00,13700.50
1693,1243,2025-10-01,221734.87,5.00,11086.74
1694,1243,2025-11-01,260804.73,5.00,13040.24
1695,1243,2025-12-01,222481.89,5.00,11124.09
1696,1243,2026-01-01,264455.56,5.00,13222.78
1697,1243,2026-02-01,234033.17,5.00,11701.66
1698,1243,2026-03-01,254980.62,5.00,12749.03
1699,1243,2026-04-01,239436.75,5.00,11971.84
1700,1243,2026-05-01,248963.99,5.00,12448.20
1701,1243,2026-06-01,244253.64,5.00,12212.68
1702,1243,2026-07-01,281229.30,5.00,14061.47
1703,1243,2026-08-01,248015.91,5.00,12400.80
1704,1244,2025-09-01,170303.75,5.00,8515.19
1705,1244,2025-10-01,188188.23,5.00,9409.41
1706,1244,2025-11-01,197974.42,5.00,9898.72
1707,1244,2025-12-01,187853.02,5.00,9392.65
1708,1244,2026-01-01,193004.34,5.00,9650.22
1709,1244,2026-02-01,226583.62,5.00,11329.18
1710,1244,2026-03-01,195892.74,5.00,9794.64
1711,1244,2026-04-01,189214.73,5.00,9460.74
1712,1244,2026-05-01,206836.84,5.00,10341.84
1713,1244,2026-06-01,229186.74,5.00,11459.34
1714,1244,2026-07-01,214603.52,5.00,10730.18
1715,1244,2026-08-01,227806.08,5.00,11390.30
1716,1249,2025-09-01,363036.74,5.00,18151.84
1717,1249,2025-10-01,379279.95,5.00,18964.00
1718,1249,2025-11-01,403837.35,5.00,20191.87
1719,1249,2025-12-01,382970.38,5.00,19148.52
1720,1249,2026-01-01,403141.89,5.00,20157.09
1721,1249,2026-02-01,400890.57,5.00,20044.53
1722,1249,2026-03-01,375396.19,5.00,18769.81
1723,1249,2026-04-01,398283.55,5.00,19914.18
1724,1249,2026-05-01,353235.41,5.00,17661.77
1725,1249,2026-06-01,381091.68,5.00,19054.58
1726,1249,2026-07-01,378818.95,5.00,18940.95
1727,1249,2026-08-01,416488.78,5.00,20824.44
1728,1252,2025-09-01,165971.49,5.00,8298.57
1729,1252,2025-10-01,159254.47,5.00,7962.72
1730,1252,2025-11-01,158355.34,5.00,7917.77
1731,1252,2025-12-01,176315.42,5.00,8815.77
1732,1252,2026-01-01,140089.08,5.00,7004.45
1733,1252,2026-02-01,152379.97,5.00,7619.00
1734,1252,2026-03-01,167056.82,5.00,8352.84
1735,1252,2026-04-01,187726.06,5.00,9386.30
1736,1252,2026-05-01,155986.08,5.00,7799.30
1737,1252,2026-06-01,161249.29,5.00,8062.46
1738,1252,2026-07-01,152147.58,5.00,7607.38
1739,1252,2026-08-01,171177.81,5.00,8558.89
1740,1253,2025-12-01,252930.35,5.00,12646.52
1741,1253,2026-01-01,223802.78,5.00,11190.14
1742,1253,2026-02-01,232035.56,5.00,11601.78
1743,1253,2026-03-01,230142.14,5.00,11507.11
1744,1253,2026-04-01,229063.98,5.00,11453.20
1745,1253,2026-05-01,258780.01,5.00,12939.00
1746,1253,2026-06-01,206168.17,5.00,10308.41
1747,1253,2026-07-01,222415.07,5.00,11120.75
1748,1253,2026-08-01,235393.29,5.00,11769.66
1749,1255,2025-09-01,382461.46,5.00,19123.07
1750,1255,2025-10-01,382998.90,5.00,19149.95
1751,1255,2025-11-01,402281.46,5.00,20114.07
1752,1255,2025-12-01,366362.31,5.00,18318.12
1753,1255,2026-01-01,348016.75,5.00,17400.84
1754,1255,2026-02-01,380832.02,5.00,19041.60
1755,1255,2026-03-01,381972.50,5.00,19098.63
1756,1255,2026-04-01,342712.00,5.00,17135.60
1757,1255,2026-05-01,392940.79,5.00,19647.04
1758,1255,2026-06-01,351319.79,5.00,17565.99
1759,1255,2026-07-01,390958.85,5.00,19547.94
1760,1255,2026-08-01,375354.29,5.00,18767.71
1761,1259,2026-01-01,91661.17,5.00,4583.06
1762,1259,2026-02-01,109804.94,5.00,5490.25
1763,1259,2026-03-01,117090.59,5.00,5854.53
1764,1259,2026-04-01,108078.26,5.00,5403.91
1765,1259,2026-05-01,105164.20,5.00,5258.21
1766,1259,2026-06-01,96450.29,5.00,4822.51
1767,1259,2026-07-01,93847.69,5.00,4692.38
1768,1259,2026-08-01,93582.90,5.00,4679.15
1769,1279,2025-09-01,344646.23,5.00,17232.31
1770,1279,2025-10-01,300968.06,5.00,15048.40
1771,1279,2025-11-01,335470.20,5.00,16773.51
1772,1279,2025-12-01,350597.30,5.00,17529.87
1773,1279,2026-01-01,321013.86,5.00,16050.69
1774,1279,2026-02-01,387757.85,5.00,19387.89
1775,1279,2026-03-01,323510.56,5.00,16175.53
1776,1279,2026-04-01,350443.49,5.00,17522.17
1777,1279,2026-05-01,332537.06,5.00,16626.85
1778,1279,2026-06-01,342966.08,5.00,17148.30
1779,1279,2026-07-01,330775.27,5.00,16538.76
1780,1279,2026-08-01,302154.20,5.00,15107.71
1781,1282,2025-09-01,263960.34,5.00,13198.02
1782,1282,2025-10-01,244127.66,5.00,12206.38
1783,1282,2025-11-01,252163.88,5.00,12608.19
1784,1282,2025-12-01,234758.48,5.00,11737.92
1785,1282,2026-01-01,251290.02,5.00,12564.50
1786,1282,2026-02-01,255066.25,5.00,12753.31
1787,1282,2026-03-01,264734.90,5.00,13236.75
1788,1282,2026-04-01,248355.02,5.00,12417.75
1789,1282,2026-05-01,235644.77,5.00,11782.24
1790,1282,2026-06-01,246030.41,5.00,12301.52
1791,1282,2026-07-01,257738.86,5.00,12886.94
1792,1282,2026-08-01,231061.63,5.00,11553.08
1793,1283,2026-01-01,147222.42,5.00,7361.12
1794,1283,2026-02-01,140910.18,5.00,7045.51
1795,1283,2026-03-01,148855.10,5.00,7442.76
1796,1283,2026-04-01,153675.89,5.00,7683.79
1797,1283,2026-05-01,150273.73,5.00,7513.69
1798,1283,2026-06-01,154734.89,5.00,7736.74
1799,1283,2026-07-01,134931.34,5.00,6746.57
1800,1283,2026-08-01,136925.14,5.00,6846.26
1801,1288,2025-09-01,229219.17,5.00,11460.96
1802,1288,2025-10-01,197838.03,5.00,9891.90
1803,1288,2025-11-01,222878.44,5.00,11143.92
1804,1288,2025-12-01,195684.84,5.00,9784.24
1805,1288,2026-01-01,204449.89,5.00,10222.49
1806,1288,2026-02-01,207526.29,5.00,10376.31
1807,1288,2026-03-01,247482.14,5.00,12374.11
1808,1288,2026-04-01,234290.16,5.00,11714.51
1809,1288,2026-05-01,197272.22,5.00,9863.61
1810,1288,2026-06-01,226822.99,5.00,11341.15
1811,1288,2026-07-01,200784.50,5.00,10039.23
1812,1288,2026-08-01,218685.85,5.00,10934.29
1813,1325,2025-09-01,307061.56,5.00,15353.08
1814,1325,2025-10-01,336055.23,5.00,16802.76
1815,1325,2025-11-01,323672.37,5.00,16183.62
1816,1325,2025-12-01,347361.26,5.00,17368.06
1817,1325,2026-01-01,330871.58,5.00,16543.58
1818,1325,2026-02-01,329275.20,5.00,16463.76
1819,1325,2026-03-01,298379.73,5.00,14918.99
1820,1325,2026-04-01,339586.02,5.00,16979.30
1821,1325,2026-05-01,340914.39,5.00,17045.72
1822,1325,2026-06-01,362120.95,5.00,18106.05
1823,1325,2026-07-01,329313.52,5.00,16465.68
1824,1325,2026-08-01,286508.83,5.00,14325.44
1825,1329,2025-09-01,175293.18,5.00,8764.66
1826,1329,2025-10-01,147164.99,5.00,7358.25
1827,1329,2025-11-01,171402.56,5.00,8570.13
1828,1329,2025-12-01,157460.27,5.00,7873.01
1829,1329,2026-01-01,153184.62,5.00,7659.23
1830,1329,2026-02-01,169990.87,5.00,8499.54
1831,1329,2026-03-01,158073.98,5.00,7903.70
1832,1329,2026-04-01,177690.90,5.00,8884.55
1833,1329,2026-05-01,135403.81,5.00,6770.19
1834,1329,2026-06-01,146090.24,5.00,7304.51
1835,1329,2026-07-01,153521.53,5.00,7676.08
1836,1329,2026-08-01,185384.12,5.00,9269.21
1837,1339,2025-09-01,231731.93,5.00,11586.60
1838,1339,2025-10-01,275866.16,5.00,13793.31
1839,1339,2025-11-01,239999.98,5.00,12000.00
1840,1339,2025-12-01,242788.21,5.00,12139.41
1841,1339,2026-01-01,251278.56,5.00,12563.93
1842,1339,2026-02-01,250896.30,5.00,12544.82
1843,1339,2026-03-01,238775.90,5.00,11938.80
1844,1339,2026-04-01,232489.50,5.00,11624.48
1845,1339,2026-05-01,248597.37,5.00,12429.87
1846,1339,2026-06-01,215443.73,5.00,10772.19
1847,1339,2026-07-01,224158.88,5.00,11207.94
1848,1339,2026-08-01,222605.50,5.00,11130.28
1849,1340,2025-09-01,206864.71,5.00,10343.24
1850,1340,2025-10-01,203682.92,5.00,10184.15
1851,1340,2025-11-01,211812.53,5.00,10590.63
1852,1340,2025-12-01,184035.79,5.00,9201.79
1853,1340,2026-01-01,219542.96,5.00,10977.15
1854,1340,2026-02-01,228809.23,5.00,11440.46
1855,1340,2026-03-01,223395.58,5.00,11169.78
1856,1340,2026-04-01,229072.28,5.00,11453.61
1857,1340,2026-05-01,206025.27,5.00,10301.26
1858,1340,2026-06-01,206368.14,5.00,10318.41
1859,1340,2026-07-01,199415.74,5.00,9970.79
1860,1340,2026-08-01,188877.61,5.00,9443.88
1861,1341,2025-09-01,192059.16,5.00,9602.96
1862,1341,2025-10-01,197365.44,5.00,9868.27
1863,1341,2025-11-01,213829.92,5.00,10691.50
1864,1341,2025-12-01,205880.99,5.00,10294.05
1865,1341,2026-01-01,212922.53,5.00,10646.13
1866,1341,2026-02-01,190946.54,5.00,9547.33
1867,1341,2026-03-01,202157.25,5.00,10107.86
1868,1341,2026-04-01,213256.57,5.00,10662.83
1869,1341,2026-05-01,178839.10,5.00,8941.96
1870,1341,2026-06-01,221921.97,5.00,11096.10
1871,1341,2026-07-01,222739.25,5.00,11136.96
1872,1341,2026-08-01,194837.77,5.00,9741.89
1873,1342,2025-09-01,181674.93,5.00,9083.75
1874,1342,2025-10-01,152919.92,5.00,7646.00
1875,1342,2025-11-01,180901.97,5.00,9045.10
1876,1342,2025-12-01,170052.01,5.00,8502.60
1877,1342,2026-01-01,181326.53,5.00,9066.33
1878,1342,2026-02-01,170091.12,5.00,8504.56
1879,1342,2026-03-01,195927.58,5.00,9796.38
1880,1342,2026-04-01,179815.97,5.00,8990.80
1881,1342,2026-05-01,182490.92,5.00,9124.55
1882,1342,2026-06-01,193410.25,5.00,9670.51
1883,1342,2026-07-01,200230.75,5.00,10011.54
1884,1342,2026-08-01,186483.09,5.00,9324.15
1885,1382,2025-09-01,245223.92,5.00,12261.20
1886,1382,2025-10-01,255021.43,5.00,12751.07
1887,1382,2025-11-01,249704.39,5.00,12485.22
1888,1382,2025-12-01,259087.31,5.00,12954.37
1889,1382,2026-01-01,261014.06,5.00,13050.70
1890,1382,2026-02-01,258736.71,5.00,12936.84
1891,1382,2026-03-01,257831.86,5.00,12891.59
1892,1382,2026-04-01,265082.21,5.00,13254.11
1893,1382,2026-05-01,239730.97,5.00,11986.55
1894,1382,2026-06-01,244234.09,5.00,12211.70
1895,1382,2026-07-01,255561.26,5.00,12778.06
1896,1382,2026-08-01,298745.58,5.00,14937.28
1897,1397,2025-09-01,165540.29,5.00,8277.01
1898,1397,2025-10-01,208913.42,5.00,10445.67
1899,1397,2025-11-01,186937.04,5.00,9346.85
1900,1397,2025-12-01,186652.44,5.00,9332.62
1901,1397,2026-01-01,164378.61,5.00,8218.93
1902,1397,2026-02-01,188628.53,5.00,9431.43
1903,1397,2026-03-01,165866.08,5.00,8293.30
1904,1403,2025-09-01,190632.05,5.00,9531.60
1905,1403,2025-10-01,218008.37,5.00,10900.42
1906,1403,2025-11-01,181436.33,5.00,9071.82
1907,1403,2025-12-01,212771.72,5.00,10638.59
1908,1403,2026-01-01,202225.37,5.00,10111.27
1909,1403,2026-02-01,219053.97,5.00,10952.70
1910,1403,2026-03-01,216510.48,5.00,10825.52
1911,1403,2026-04-01,190694.42,5.00,9534.72
1912,1403,2026-05-01,197179.58,5.00,9858.98
1913,1403,2026-06-01,205454.94,5.00,10272.75
1914,1403,2026-07-01,205476.21,5.00,10273.81
1915,1403,2026-08-01,216319.86,5.00,10815.99
1916,1435,2026-05-01,173874.54,5.00,8693.73
1917,1435,2026-06-01,157893.97,5.00,7894.70
1918,1435,2026-07-01,172343.92,5.00,8617.20
1919,1435,2026-08-01,172132.06,5.00,8606.60
1920,1439,2025-09-01,157486.34,5.00,7874.32
1921,1439,2025-10-01,152325.23,5.00,7616.26
1922,1439,2025-11-01,142093.59,5.00,7104.68
1923,1439,2025-12-01,168779.07,5.00,8438.95
1924,1439,2026-01-01,164960.65,5.00,8248.03
1925,1439,2026-02-01,162384.91,5.00,8119.25
1926,1439,2026-03-01,148471.12,5.00,7423.56
1927,1439,2026-04-01,169801.71,5.00,8490.09
1928,1439,2026-05-01,158888.83,5.00,7944.44
1929,1439,2026-06-01,142366.80,5.00,7118.34
1930,1439,2026-07-01,166328.66,5.00,8316.43
1931,1439,2026-08-01,149244.12,5.00,7462.21
1932,1459,2026-01-01,207507.09,5.00,10375.35
1933,1459,2026-02-01,200940.21,5.00,10047.01
1934,1459,2026-03-01,198573.17,5.00,9928.66
1935,1459,2026-04-01,225982.11,5.00,11299.11
1936,1459,2026-05-01,221116.00,5.00,11055.80
1937,1459,2026-06-01,230285.00,5.00,11514.25
1938,1459,2026-07-01,238609.43,5.00,11930.47
1939,1459,2026-08-01,210346.05,5.00,10517.30
1940,1465,2025-09-01,280988.15,5.00,14049.41
1941,1465,2025-10-01,302087.01,5.00,15104.35
1942,1465,2025-11-01,303253.09,5.00,15162.65
1943,1465,2025-12-01,335981.94,5.00,16799.10
1944,1465,2026-01-01,289904.12,5.00,14495.21
1945,1465,2026-02-01,264616.45,5.00,13230.82
1946,1465,2026-03-01,339395.20,5.00,16969.76
1947,1465,2026-04-01,313972.47,5.00,15698.62
1948,1465,2026-05-01,302946.34,5.00,15147.32
1949,1465,2026-06-01,333528.60,5.00,16676.43
1950,1465,2026-07-01,294378.99,5.00,14718.95
1951,1465,2026-08-01,276080.98,5.00,13804.05
1952,1472,2025-09-01,205095.20,5.00,10254.76
1953,1472,2025-10-01,215351.34,5.00,10767.57
1954,1472,2025-11-01,195759.33,5.00,9787.97
1955,1472,2025-12-01,222802.92,5.00,11140.15
1956,1472,2026-01-01,200678.05,5.00,10033.90
1957,1472,2026-02-01,210549.16,5.00,10527.46
1958,1472,2026-03-01,206378.06,5.00,10318.90
1959,1472,2026-04-01,198065.26,5.00,9903.26
1960,1472,2026-05-01,196355.27,5.00,9817.76
1961,1472,2026-06-01,221566.18,5.00,11078.31
1962,1472,2026-07-01,215451.97,5.00,10772.60
1963,1472,2026-08-01,204768.52,5.00,10238.43
1964,1473,2025-09-01,139859.28,5.00,6992.96
1965,1473,2025-10-01,130848.74,5.00,6542.44
1966,1473,2025-11-01,140350.40,5.00,7017.52
1967,1473,2025-12-01,133992.27,5.00,6699.61
1968,1473,2026-01-01,143339.15,5.00,7166.96
1969,1473,2026-02-01,138434.44,5.00,6921.72
1970,1473,2026-03-01,138378.46,5.00,6918.92
1971,1473,2026-04-01,134636.78,5.00,6731.84
1972,1473,2026-05-01,144225.72,5.00,7211.29
1973,1473,2026-06-01,129624.60,5.00,6481.23
1974,1473,2026-07-01,129000.10,5.00,6450.01
1975,1473,2026-08-01,134662.34,5.00,6733.12
1976,1491,2025-09-01,240294.94,5.00,12014.75
1977,1491,2025-10-01,202004.36,5.00,10100.22
1978,1491,2025-11-01,221055.87,5.00,11052.79
1979,1491,2025-12-01,227600.30,5.00,11380.02
1980,1491,2026-01-01,212003.41,5.00,10600.17
1981,1491,2026-02-01,234126.75,5.00,11706.34
1982,1491,2026-03-01,226601.51,5.00,11330.08
1983,1491,2026-04-01,223087.18,5.00,11154.36
1984,1491,2026-05-01,213205.72,5.00,10660.29
1985,1491,2026-06-01,185915.60,5.00,9295.78
1986,1491,2026-07-01,215267.24,5.00,10763.36
1987,1491,2026-08-01,228160.79,5.00,11408.04
1988,1494,2026-07-01,178787.92,5.00,8939.40
1989,1494,2026-08-01,169990.18,5.00,8499.51
1990,1508,2025-09-01,294979.83,5.00,14748.99
1991,1508,2025-10-01,273172.78,5.00,13658.64
1992,1508,2025-11-01,267506.07,5.00,13375.30
1993,1508,2025-12-01,265803.91,5.00,13290.20
1994,1508,2026-01-01,240276.79,5.00,12013.84
1995,1508,2026-02-01,245028.28,5.00,12251.41
1996,1508,2026-03-01,247088.11,5.00,12354.41
1997,1508,2026-04-01,264000.48,5.00,13200.02
1998,1508,2026-05-01,246456.19,5.00,12322.81
1999,1508,2026-06-01,242403.15,5.00,12120.16
2000,1508,2026-07-01,239032.02,5.00,11951.60
2001,1508,2026-08-01,251424.41,5.00,12571.22
2002,1513,2025-09-01,233181.24,5.00,11659.06
2003,1513,2025-10-01,256240.42,5.00,12812.02
2004,1513,2025-11-01,234032.60,5.00,11701.63
2005,1513,2025-12-01,265707.33,5.00,13285.37
2006,1513,2026-01-01,292918.32,5.00,14645.92
2007,1513,2026-02-01,236865.15,5.00,11843.26
2008,1513,2026-03-01,255219.79,5.00,12760.99
2009,1513,2026-04-01,233840.25,5.00,11692.01
2010,1513,2026-05-01,231295.95,5.00,11564.80
2011,1513,2026-06-01,255777.70,5.00,12788.89
2012,1513,2026-07-01,269194.88,5.00,13459.74
2013,1513,2026-08-01,260543.06,5.00,13027.15
2014,1516,2025-09-01,383203.16,5.00,19160.16
2015,1516,2025-10-01,392194.56,5.00,19609.73
2016,1516,2025-11-01,354396.91,5.00,17719.85
2017,1516,2025-12-01,378289.88,5.00,18914.49
2018,1516,2026-01-01,334091.59,5.00,16704.58
2019,1516,2026-02-01,324208.22,5.00,16210.41
2020,1516,2026-03-01,362685.35,5.00,18134.27
2021,1516,2026-04-01,330650.49,5.00,16532.52
2022,1516,2026-05-01,381835.27,5.00,19091.76
2023,1516,2026-06-01,327847.39,5.00,16392.37
2024,1516,2026-07-01,339496.15,5.00,16974.81
2025,1516,2026-08-01,347369.28,5.00,17368.46
2026,1527,2025-09-01,180081.93,5.00,9004.10
2027,1527,2025-10-01,170166.73,5.00,8508.34
2028,1527,2025-11-01,169364.35,5.00,8468.22
2029,1527,2025-12-01,162136.56,5.00,8106.83
2030,1527,2026-01-01,186521.73,5.00,9326.09
2031,1527,2026-02-01,185003.79,5.00,9250.19
2032,1527,2026-03-01,203942.27,5.00,10197.11
2033,1527,2026-04-01,172190.74,5.00,8609.54
2034,1527,2026-05-01,177112.12,5.00,8855.61
2035,1527,2026-06-01,166137.99,5.00,8306.90
2036,1527,2026-07-01,158493.34,5.00,7924.67
2037,1527,2026-08-01,192463.49,5.00,9623.17
2038,1530,2025-09-01,267988.05,5.00,13399.40
2039,1530,2025-10-01,233395.19,5.00,11669.76
2040,1530,2025-11-01,226390.26,5.00,11319.51
2041,1530,2025-12-01,212211.34,5.00,10610.57
2042,1530,2026-01-01,231045.67,5.00,11552.28
2043,1534,2026-08-01,145912.69,5.00,7295.63
2044,1540,2025-09-01,135134.21,5.00,6756.71
2045,1540,2025-10-01,114133.07,5.00,5706.65
2046,1540,2025-11-01,116887.38,5.00,5844.37
2047,1540,2025-12-01,133220.97,5.00,6661.05
2048,1540,2026-01-01,121458.80,5.00,6072.94
2049,1540,2026-02-01,128394.48,5.00,6419.72
2050,1540,2026-03-01,137944.62,5.00,6897.23
2051,1540,2026-04-01,109830.16,5.00,5491.51
2052,1540,2026-05-01,128556.21,5.00,6427.81
2053,1540,2026-06-01,122055.70,5.00,6102.79
2054,1540,2026-07-01,98179.59,5.00,4908.98
2055,1540,2026-08-01,129189.94,5.00,6459.50
2056,1549,2025-09-01,226845.41,5.00,11342.27
2057,1549,2025-10-01,251698.50,5.00,12584.93
2058,1549,2025-11-01,236093.70,5.00,11804.69
2059,1549,2025-12-01,222472.34,5.00,11123.62
2060,1549,2026-01-01,229318.91,5.00,11465.95
2061,1549,2026-02-01,244369.63,5.00,12218.48
2062,1549,2026-03-01,233488.46,5.00,11674.42
2063,1549,2026-04-01,275453.38,5.00,13772.67
2064,1549,2026-05-01,262148.08,5.00,13107.40
2065,1549,2026-06-01,246350.27,5.00,12317.51
2066,1549,2026-07-01,263876.42,5.00,13193.82
2067,1549,2026-08-01,246627.22,5.00,12331.36
2068,1551,2025-09-01,308553.68,5.00,15427.68
2069,1551,2025-10-01,327984.32,5.00,16399.22
2070,1551,2025-11-01,307237.95,5.00,15361.90
2071,1551,2025-12-01,293927.84,5.00,14696.39
2072,1551,2026-01-01,297294.68,5.00,14864.73
2073,1551,2026-02-01,337901.55,5.00,16895.08
2074,1551,2026-03-01,320049.29,5.00,16002.46
2075,1551,2026-04-01,308869.37,5.00,15443.47
2076,1551,2026-05-01,347928.56,5.00,17396.43
2077,1551,2026-06-01,289296.05,5.00,14464.80
2078,1551,2026-07-01,299482.14,5.00,14974.11
2079,1551,2026-08-01,338122.27,5.00,16906.11
2080,1555,2025-09-01,175432.94,5.00,8771.65
2081,1555,2025-10-01,162800.29,5.00,8140.01
2082,1555,2025-11-01,173563.57,5.00,8678.18
2083,1555,2025-12-01,194954.04,5.00,9747.70
2084,1555,2026-01-01,175339.84,5.00,8766.99
2085,1555,2026-02-01,172749.72,5.00,8637.49
2086,1555,2026-03-01,165987.66,5.00,8299.38
2087,1555,2026-04-01,180171.33,5.00,9008.57
2088,1555,2026-05-01,170530.41,5.00,8526.52
2089,1555,2026-06-01,166452.36,5.00,8322.62
2090,1555,2026-07-01,158208.28,5.00,7910.41
2091,1555,2026-08-01,171495.17,5.00,8574.76
2092,1566,2025-09-01,350343.74,5.00,17517.19
2093,1566,2025-10-01,326151.42,5.00,16307.57
2094,1566,2025-11-01,337134.82,5.00,16856.74
2095,1566,2025-12-01,320251.41,5.00,16012.57
2096,1566,2026-01-01,309010.71,5.00,15450.54
2097,1566,2026-02-01,336642.03,5.00,16832.10
2098,1566,2026-03-01,374735.20,5.00,18736.76
2099,1566,2026-04-01,381271.07,5.00,19063.55
2100,1566,2026-05-01,376707.14,5.00,18835.36
2101,1566,2026-06-01,316413.05,5.00,15820.65
2102,1566,2026-07-01,329668.21,5.00,16483.41
2103,1566,2026-08-01,324181.90,5.00,16209.10
2104,1568,2025-09-01,177493.29,5.00,8874.66
2105,1568,2025-10-01,181865.22,5.00,9093.26
2106,1568,2025-11-01,184979.76,5.00,9248.99
2107,1568,2025-12-01,189130.73,5.00,9456.54
2108,1568,2026-01-01,174278.15,5.00,8713.91
2109,1568,2026-02-01,175687.54,5.00,8784.38
2110,1568,2026-03-01,194122.37,5.00,9706.12
2111,1568,2026-04-01,174131.89,5.00,8706.59
2112,1568,2026-05-01,173802.37,5.00,8690.12
2113,1568,2026-06-01,186894.50,5.00,9344.73
2114,1568,2026-07-01,180988.05,5.00,9049.40
2115,1568,2026-08-01,177254.56,5.00,8862.73
2116,1573,2025-09-01,259250.71,5.00,12962.54
2117,1573,2025-10-01,254867.19,5.00,12743.36
2118,1573,2025-11-01,265865.80,5.00,13293.29
2119,1573,2025-12-01,271638.23,5.00,13581.91
2120,1573,2026-01-01,295698.23,5.00,14784.91
2121,1573,2026-02-01,263324.35,5.00,13166.22
2122,1573,2026-03-01,245733.13,5.00,12286.66
2123,1573,2026-04-01,271558.42,5.00,13577.92
2124,1573,2026-05-01,259270.72,5.00,12963.54
2125,1573,2026-06-01,249319.22,5.00,12465.96
2126,1573,2026-07-01,293847.42,5.00,14692.37
2127,1573,2026-08-01,268644.93,5.00,13432.25
2128,1578,2025-12-01,206247.10,5.00,10312.36
2129,1578,2026-01-01,203738.81,5.00,10186.94
2130,1578,2026-02-01,185067.19,5.00,9253.36
2131,1578,2026-03-01,189051.94,5.00,9452.60
2132,1580,2025-09-01,121588.99,5.00,6079.45
2133,1580,2025-10-01,109119.13,5.00,5455.96
2134,1580,2025-11-01,125589.87,5.00,6279.49
2135,1580,2025-12-01,100120.90,5.00,5006.05
2136,1580,2026-01-01,114705.92,5.00,5735.30
2137,1580,2026-02-01,115575.27,5.00,5778.76
2138,1580,2026-03-01,113189.94,5.00,5659.50
2139,1580,2026-04-01,105835.45,5.00,5291.77
2140,1580,2026-05-01,104218.37,5.00,5210.92
2141,1580,2026-06-01,114992.94,5.00,5749.65
2142,1580,2026-07-01,115197.79,5.00,5759.89
2143,1580,2026-08-01,104754.76,5.00,5237.74
2144,1582,2025-09-01,246598.41,5.00,12329.92
2145,1582,2025-10-01,225647.48,5.00,11282.37
2146,1582,2025-11-01,252597.52,5.00,12629.88
2147,1582,2025-12-01,231817.82,5.00,11590.89
2148,1582,2026-01-01,227801.61,5.00,11390.08
2149,1582,2026-02-01,260226.15,5.00,13011.31
2150,1582,2026-03-01,250727.83,5.00,12536.39
2151,1582,2026-04-01,258099.89,5.00,12904.99
2152,1582,2026-05-01,276427.41,5.00,13821.37
2153,1582,2026-06-01,275816.75,5.00,13790.84
2154,1582,2026-07-01,256959.81,5.00,12847.99
2155,1582,2026-08-01,242627.26,5.00,12131.36
2156,1591,2025-09-01,187108.64,5.00,9355.43
2157,1591,2025-10-01,197903.41,5.00,9895.17
2158,1591,2025-11-01,188663.87,5.00,9433.19
2159,1591,2025-12-01,170899.81,5.00,8544.99
2160,1591,2026-01-01,180512.37,5.00,9025.62
2161,1591,2026-02-01,190640.57,5.00,9532.03
2162,1591,2026-03-01,182333.04,5.00,9116.65
2163,1591,2026-04-01,190020.62,5.00,9501.03
2164,1591,2026-05-01,180784.27,5.00,9039.21
2165,1591,2026-06-01,192666.10,5.00,9633.31
2166,1591,2026-07-01,176813.33,5.00,8840.67
2167,1591,2026-08-01,186514.93,5.00,9325.75
2168,1596,2025-09-01,431685.57,5.00,21584.28
2169,1596,2025-10-01,406732.65,5.00,20336.63
2170,1596,2025-11-01,357678.29,5.00,17883.91
2171,1596,2025-12-01,433292.46,5.00,21664.62
2172,1596,2026-01-01,422361.45,5.00,21118.07
2173,1596,2026-02-01,447434.04,5.00,22371.70
2174,1596,2026-03-01,413493.96,5.00,20674.70
2175,1596,2026-04-01,446098.66,5.00,22304.93
2176,1596,2026-05-01,366623.48,5.00,18331.17
2177,1596,2026-06-01,377481.28,5.00,18874.06
2178,1596,2026-07-01,395603.10,5.00,19780.16
2179,1596,2026-08-01,399677.33,5.00,19983.87
2180,1626,2025-09-01,203797.53,5.00,10189.88
2181,1626,2025-10-01,184216.61,5.00,9210.83
2182,1626,2025-11-01,187131.85,5.00,9356.59
2183,1626,2025-12-01,179919.70,5.00,8995.99
2184,1626,2026-01-01,199531.94,5.00,9976.60
2185,1626,2026-02-01,196902.11,5.00,9845.11
2186,1626,2026-03-01,183655.81,5.00,9182.79
2187,1626,2026-04-01,202548.14,5.00,10127.41
2188,1626,2026-05-01,179885.60,5.00,8994.28
2189,1626,2026-06-01,185374.65,5.00,9268.73
2190,1626,2026-07-01,192407.73,5.00,9620.39
2191,1626,2026-08-01,192657.31,5.00,9632.87
2192,1630,2025-09-01,300514.04,5.00,15025.70
2193,1630,2025-10-01,332688.45,5.00,16634.42
2194,1630,2025-11-01,319167.97,5.00,15958.40
2195,1630,2025-12-01,314310.61,5.00,15715.53
2196,1630,2026-01-01,352089.00,5.00,17604.45
2197,1630,2026-02-01,288157.96,5.00,14407.90
2198,1630,2026-03-01,316085.70,5.00,15804.29
2199,1630,2026-04-01,366144.51,5.00,18307.23
2200,1630,2026-05-01,257756.09,5.00,12887.80
2201,1630,2026-06-01,353499.46,5.00,17674.97
2202,1630,2026-07-01,336256.50,5.00,16812.83
2203,1630,2026-08-01,304615.20,5.00,15230.76
2204,1635,2025-09-01,193488.27,5.00,9674.41
2205,1635,2025-10-01,178850.50,5.00,8942.53
2206,1635,2025-11-01,191361.45,5.00,9568.07
2207,1635,2025-12-01,225469.03,5.00,11273.45
2208,1635,2026-01-01,204616.11,5.00,10230.81
2209,1635,2026-02-01,159821.29,5.00,7991.06
2210,1635,2026-03-01,198555.55,5.00,9927.78
2211,1635,2026-04-01,218604.78,5.00,10930.24
2212,1635,2026-05-01,209417.92,5.00,10470.90
2213,1635,2026-06-01,194932.51,5.00,9746.63
2214,1635,2026-07-01,183937.83,5.00,9196.89
2215,1635,2026-08-01,201884.38,5.00,10094.22
2216,1656,2025-09-01,159825.35,5.00,7991.27
2217,1656,2025-10-01,147964.38,5.00,7398.22
2218,1656,2025-11-01,164988.59,5.00,8249.43
2219,1656,2025-12-01,179659.18,5.00,8982.96
2220,1656,2026-01-01,159930.36,5.00,7996.52
2221,1656,2026-02-01,164557.81,5.00,8227.89
2222,1656,2026-03-01,141203.50,5.00,7060.18
2223,1656,2026-04-01,156180.34,5.00,7809.02
2224,1656,2026-05-01,178345.84,5.00,8917.29
2225,1656,2026-06-01,152618.31,5.00,7630.92
2226,1656,2026-07-01,170986.39,5.00,8549.32
2227,1656,2026-08-01,169319.78,5.00,8465.99
2228,1664,2026-07-01,163596.59,5.00,8179.83
2229,1664,2026-08-01,156071.02,5.00,7803.55
2230,1675,2026-08-01,102924.66,5.00,5146.23
2231,1677,2026-03-01,170283.46,5.00,8514.17
2232,1677,2026-04-01,176382.68,5.00,8819.13
2233,1677,2026-05-01,156474.41,5.00,7823.72
2234,1677,2026-06-01,167078.99,5.00,8353.95
2235,1677,2026-07-01,142683.01,5.00,7134.15
2236,1677,2026-08-01,186620.11,5.00,9331.01
2237,1695,2026-06-01,171839.23,5.00,8591.96
2238,1695,2026-07-01,158228.98,5.00,7911.45
2239,1695,2026-08-01,175673.50,5.00,8783.68
2240,1708,2025-09-01,301154.96,5.00,15057.75
2241,1708,2025-10-01,349951.78,5.00,17497.59
2242,1708,2025-11-01,304111.02,5.00,15205.55
2243,1708,2025-12-01,307423.78,5.00,15371.19
2244,1708,2026-01-01,305159.79,5.00,15257.99
2245,1708,2026-02-01,297806.12,5.00,14890.31
2246,1708,2026-03-01,324970.05,5.00,16248.50
2247,1708,2026-04-01,273638.40,5.00,13681.92
2248,1708,2026-05-01,346012.55,5.00,17300.63
2249,1708,2026-06-01,300249.64,5.00,15012.48
2250,1708,2026-07-01,314791.04,5.00,15739.55
2251,1708,2026-08-01,342571.37,5.00,17128.57
2252,1723,2025-09-01,315683.69,5.00,15784.18
2253,1723,2025-10-01,305235.10,5.00,15261.76
2254,1723,2025-11-01,317954.26,5.00,15897.71
2255,1723,2025-12-01,346616.86,5.00,17330.84
2256,1723,2026-01-01,323154.52,5.00,16157.73
2257,1723,2026-02-01,300277.78,5.00,15013.89
2258,1723,2026-03-01,318660.42,5.00,15933.02
2259,1723,2026-04-01,344933.32,5.00,17246.67
2260,1723,2026-05-01,301253.25,5.00,15062.66
2261,1723,2026-06-01,344679.20,5.00,17233.96
2262,1723,2026-07-01,307589.10,5.00,15379.46
2263,1723,2026-08-01,273578.79,5.00,13678.94
2264,1725,2025-09-01,248976.51,5.00,12448.83
2265,1725,2025-10-01,254736.74,5.00,12736.84
2266,1725,2025-11-01,276361.39,5.00,13818.07
2267,1725,2025-12-01,227354.45,5.00,11367.72
2268,1725,2026-01-01,232446.97,5.00,11622.35
2269,1725,2026-02-01,255103.06,5.00,12755.15
2270,1725,2026-03-01,215188.74,5.00,10759.44
2271,1725,2026-04-01,263138.87,5.00,13156.94
2272,1725,2026-05-01,231581.84,5.00,11579.09
2273,1725,2026-06-01,222495.00,5.00,11124.75
2274,1725,2026-07-01,260948.70,5.00,13047.44
2275,1725,2026-08-01,271448.58,5.00,13572.43
2276,1726,2026-08-01,140957.22,5.00,7047.86
2277,1727,2025-09-01,195968.22,5.00,9798.41
2278,1727,2025-10-01,202923.67,5.00,10146.18
2279,1727,2025-11-01,194407.47,5.00,9720.37
2280,1727,2025-12-01,161416.66,5.00,8070.83
2281,1727,2026-01-01,175834.53,5.00,8791.73
2282,1727,2026-02-01,172247.51,5.00,8612.38
2283,1727,2026-03-01,176791.63,5.00,8839.58
2284,1727,2026-04-01,179870.52,5.00,8993.53
2285,1727,2026-05-01,171131.67,5.00,8556.58
2286,1727,2026-06-01,181179.19,5.00,9058.96
2287,1727,2026-07-01,192857.91,5.00,9642.90
2288,1727,2026-08-01,188136.44,5.00,9406.82
2289,1743,2025-09-01,350277.73,5.00,17513.89
2290,1743,2025-10-01,372491.86,5.00,18624.59
2291,1743,2025-11-01,381681.17,5.00,19084.06
2292,1743,2025-12-01,359978.18,5.00,17998.91
2293,1743,2026-01-01,374797.93,5.00,18739.90
2294,1743,2026-02-01,347780.41,5.00,17389.02
2295,1743,2026-03-01,367575.04,5.00,18378.75
2296,1743,2026-04-01,345652.59,5.00,17282.63
2297,1743,2026-05-01,355682.02,5.00,17784.10
2298,1743,2026-06-01,352885.58,5.00,17644.28
2299,1743,2026-07-01,335726.70,5.00,16786.34
2300,1743,2026-08-01,345946.27,5.00,17297.31
2301,1746,2025-09-01,285762.59,5.00,14288.13
2302,1746,2025-10-01,314175.83,5.00,15708.79
2303,1746,2025-11-01,291821.07,5.00,14591.05
2304,1746,2025-12-01,288245.06,5.00,14412.25
2305,1746,2026-01-01,272165.57,5.00,13608.28
2306,1746,2026-02-01,288414.26,5.00,14420.71
2307,1746,2026-03-01,244744.33,5.00,12237.22
2308,1746,2026-04-01,263290.69,5.00,13164.53
2309,1746,2026-05-01,276754.91,5.00,13837.75
2310,1746,2026-06-01,290800.12,5.00,14540.01
2311,1746,2026-07-01,203415.96,5.00,10170.80
2312,1746,2026-08-01,273590.22,5.00,13679.51
2313,1753,2025-09-01,239527.85,5.00,11976.39
2314,1753,2025-10-01,215731.30,5.00,10786.57
2315,1753,2025-11-01,192668.30,5.00,9633.42
2316,1753,2025-12-01,187522.90,5.00,9376.15
2317,1753,2026-01-01,191657.42,5.00,9582.87
2318,1753,2026-02-01,202711.49,5.00,10135.57
2319,1753,2026-03-01,215749.26,5.00,10787.46
2320,1753,2026-04-01,199689.32,5.00,9984.47
2321,1753,2026-05-01,210039.45,5.00,10501.97
2322,1753,2026-06-01,207951.08,5.00,10397.55
2323,1753,2026-07-01,179303.62,5.00,8965.18
2324,1753,2026-08-01,214830.46,5.00,10741.52
2325,1755,2025-09-01,397498.12,5.00,19874.91
2326,1755,2025-10-01,382605.48,5.00,19130.27
2327,1755,2025-11-01,343062.52,5.00,17153.13
2328,1755,2025-12-01,382947.86,5.00,19147.39
2329,1755,2026-01-01,370836.15,5.00,18541.81
2330,1755,2026-02-01,366592.80,5.00,18329.64
2331,1755,2026-03-01,357285.81,5.00,17864.29
2332,1755,2026-04-01,384905.79,5.00,19245.29
2333,1755,2026-05-01,460435.02,5.00,23021.75
2334,1755,2026-06-01,425342.26,5.00,21267.11
2335,1755,2026-07-01,409394.22,5.00,20469.71
2336,1755,2026-08-01,369547.30,5.00,18477.37
2337,1761,2025-09-01,171460.29,5.00,8573.01
2338,1761,2025-10-01,216744.21,5.00,10837.21
2339,1761,2025-11-01,177553.19,5.00,8877.66
2340,1761,2025-12-01,205025.84,5.00,10251.29
2341,1761,2026-01-01,171479.21,5.00,8573.96
2342,1761,2026-02-01,194909.62,5.00,9745.48
2343,1761,2026-03-01,176202.98,5.00,8810.15
2344,1761,2026-04-01,179975.62,5.00,8998.78
2345,1761,2026-05-01,201234.32,5.00,10061.72
2346,1761,2026-06-01,194717.68,5.00,9735.88
2347,1761,2026-07-01,182976.64,5.00,9148.83
2348,1761,2026-08-01,187506.64,5.00,9375.33
2349,1764,2025-09-01,161796.44,5.00,8089.82
2350,1764,2025-10-01,181187.33,5.00,9059.37
2351,1764,2025-11-01,170502.79,5.00,8525.14
2352,1764,2025-12-01,168394.23,5.00,8419.71
2353,1764,2026-01-01,148419.16,5.00,7420.96
2354,1764,2026-02-01,157769.27,5.00,7888.46
2355,1764,2026-03-01,176188.06,5.00,8809.40
2356,1764,2026-04-01,153209.50,5.00,7660.48
2357,1764,2026-05-01,178615.76,5.00,8930.79
2358,1764,2026-06-01,168909.17,5.00,8445.46
2359,1764,2026-07-01,168597.15,5.00,8429.86
2360,1764,2026-08-01,146883.67,5.00,7344.18
2361,1766,2025-09-01,258295.33,5.00,12914.77
2362,1766,2025-10-01,276389.69,5.00,13819.48
2363,1766,2025-11-01,259019.32,5.00,12950.97
2364,1766,2025-12-01,261844.89,5.00,13092.24
2365,1766,2026-01-01,263752.95,5.00,13187.65
2366,1766,2026-02-01,235295.88,5.00,11764.79
2367,1766,2026-03-01,262726.91,5.00,13136.35
2368,1766,2026-04-01,230290.18,5.00,11514.51
2369,1766,2026-05-01,231952.56,5.00,11597.63
2370,1766,2026-06-01,212241.36,5.00,10612.07
2371,1766,2026-07-01,265987.52,5.00,13299.38
2372,1766,2026-08-01,268390.52,5.00,13419.53
2373,1771,2025-09-01,179685.35,5.00,8984.27
2374,1771,2025-10-01,179771.54,5.00,8988.58
2375,1771,2025-11-01,207492.96,5.00,10374.65
2376,1771,2025-12-01,199724.36,5.00,9986.22
2377,1771,2026-01-01,174841.17,5.00,8742.06
2378,1771,2026-02-01,187392.64,5.00,9369.63
2379,1771,2026-03-01,188144.75,5.00,9407.24
2380,1771,2026-04-01,193783.55,5.00,9689.18
2381,1771,2026-05-01,170149.31,5.00,8507.47
2382,1771,2026-06-01,167811.95,5.00,8390.60
2383,1771,2026-07-01,189421.77,5.00,9471.09
2384,1771,2026-08-01,202095.66,5.00,10104.78
2385,1776,2025-09-01,247979.54,5.00,12398.98
2386,1776,2025-10-01,211350.63,5.00,10567.53
2387,1776,2025-11-01,206125.59,5.00,10306.28
2388,1776,2025-12-01,229505.09,5.00,11475.25
2389,1776,2026-01-01,212672.17,5.00,10633.61
2390,1776,2026-02-01,265878.62,5.00,13293.93
2391,1776,2026-03-01,242774.82,5.00,12138.74
2392,1776,2026-04-01,260008.03,5.00,13000.40
2393,1776,2026-05-01,219520.48,5.00,10976.02
2394,1776,2026-06-01,228941.87,5.00,11447.09
2395,1776,2026-07-01,217321.05,5.00,10866.05
2396,1776,2026-08-01,245717.52,5.00,12285.88
2397,1780,2025-09-01,104139.57,5.00,5206.98
2398,1780,2025-10-01,111692.42,5.00,5584.62
2399,1780,2025-11-01,110788.96,5.00,5539.45
2400,1780,2025-12-01,118040.64,5.00,5902.03
2401,1780,2026-01-01,120383.58,5.00,6019.18
2402,1780,2026-02-01,129322.52,5.00,6466.13
2403,1780,2026-03-01,116253.95,5.00,5812.70
2404,1780,2026-04-01,102651.54,5.00,5132.58
2405,1780,2026-05-01,123845.92,5.00,6192.30
2406,1780,2026-06-01,107718.85,5.00,5385.94
2407,1780,2026-07-01,121209.06,5.00,6060.45
2408,1780,2026-08-01,134086.90,5.00,6704.35
2409,1790,2025-09-01,299933.48,5.00,14996.67
2410,1790,2025-10-01,301618.69,5.00,15080.93
2411,1790,2025-11-01,321273.92,5.00,16063.70
2412,1790,2025-12-01,315438.20,5.00,15771.91
2413,1790,2026-01-01,281212.57,5.00,14060.63
2414,1790,2026-02-01,305394.88,5.00,15269.74
2415,1790,2026-03-01,321169.55,5.00,16058.48
2416,1790,2026-04-01,319121.73,5.00,15956.09
2417,1790,2026-05-01,333878.54,5.00,16693.93
2418,1790,2026-06-01,325853.22,5.00,16292.66
2419,1790,2026-07-01,288621.31,5.00,14431.07
2420,1790,2026-08-01,302635.32,5.00,15131.77
2421,1796,2025-09-01,208018.33,5.00,10400.92
2422,1796,2025-10-01,252709.92,5.00,12635.50
2423,1796,2025-11-01,254170.01,5.00,12708.50
2424,1796,2025-12-01,247470.14,5.00,12373.51
2425,1796,2026-01-01,275199.95,5.00,13760.00
2426,1796,2026-02-01,233243.68,5.00,11662.18
2427,1796,2026-03-01,253956.15,5.00,12697.81
2428,1796,2026-04-01,281599.00,5.00,14079.95
2429,1796,2026-05-01,239218.60,5.00,11960.93
2430,1796,2026-06-01,239817.86,5.00,11990.89
2431,1796,2026-07-01,263656.80,5.00,13182.84
2432,1796,2026-08-01,271431.98,5.00,13571.60
2433,1800,2025-09-01,266959.52,5.00,13347.98
2434,1800,2025-10-01,301779.81,5.00,15088.99
2435,1800,2025-11-01,272402.14,5.00,13620.11
2436,1800,2025-12-01,268755.73,5.00,13437.79
2437,1800,2026-01-01,282747.99,5.00,14137.40
2438,1800,2026-02-01,273597.94,5.00,13679.90
2439,1800,2026-03-01,254877.69,5.00,12743.88
2440,1800,2026-04-01,269491.20,5.00,13474.56
2441,1800,2026-05-01,265259.40,5.00,13262.97
2442,1800,2026-06-01,307491.36,5.00,15374.57
2443,1800,2026-07-01,264011.07,5.00,13200.55
2444,1800,2026-08-01,265960.41,5.00,13298.02
2445,1806,2025-09-01,173275.86,5.00,8663.79
2446,1806,2025-10-01,159105.21,5.00,7955.26
2447,1806,2025-11-01,187118.40,5.00,9355.92
2448,1806,2025-12-01,180699.53,5.00,9034.98
2449,1806,2026-01-01,170160.65,5.00,8508.03
2450,1806,2026-02-01,169806.22,5.00,8490.31
2451,1806,2026-03-01,179503.59,5.00,8975.18
2452,1806,2026-04-01,202430.63,5.00,10121.53
2453,1806,2026-05-01,201473.17,5.00,10073.66
2454,1806,2026-06-01,189567.34,5.00,9478.37
2455,1806,2026-07-01,180378.74,5.00,9018.94
2456,1806,2026-08-01,184392.70,5.00,9219.64
2457,1827,2025-09-01,265948.42,5.00,13297.42
2458,1827,2025-10-01,289320.25,5.00,14466.01
2459,1827,2025-11-01,307959.52,5.00,15397.98
2460,1827,2025-12-01,285154.84,5.00,14257.74
2461,1827,2026-01-01,269375.11,5.00,13468.76
2462,1827,2026-02-01,256219.52,5.00,12810.98
2463,1827,2026-03-01,242964.27,5.00,12148.21
2464,1827,2026-04-01,274956.86,5.00,13747.84
2465,1827,2026-05-01,270990.33,5.00,13549.52
2466,1827,2026-06-01,267438.65,5.00,13371.93
2467,1827,2026-07-01,295336.01,5.00,14766.80
2468,1827,2026-08-01,286902.86,5.00,14345.14
2469,1829,2025-09-01,220979.82,5.00,11048.99
2470,1829,2025-10-01,219512.33,5.00,10975.62
2471,1829,2025-11-01,218220.15,5.00,10911.01
2472,1829,2025-12-01,220829.14,5.00,11041.46
2473,1829,2026-01-01,232255.33,5.00,11612.77
2474,1829,2026-02-01,192712.05,5.00,9635.60
2475,1829,2026-03-01,220771.55,5.00,11038.58
2476,1829,2026-04-01,219763.29,5.00,10988.16
2477,1829,2026-05-01,222048.65,5.00,11102.43
2478,1829,2026-06-01,236131.78,5.00,11806.59
2479,1829,2026-07-01,202484.01,5.00,10124.20
2480,1829,2026-08-01,215451.80,5.00,10772.59
2481,1830,2025-09-01,236147.83,5.00,11807.39
2482,1830,2025-10-01,253709.49,5.00,12685.47
2483,1830,2025-11-01,259778.41,5.00,12988.92
2484,1830,2025-12-01,266368.54,5.00,13318.43
2485,1830,2026-01-01,246693.39,5.00,12334.67
2486,1830,2026-02-01,238172.69,5.00,11908.63
2487,1830,2026-03-01,232548.90,5.00,11627.45
2488,1830,2026-04-01,239931.23,5.00,11996.56
2489,1830,2026-05-01,249949.43,5.00,12497.47
2490,1830,2026-06-01,281417.86,5.00,14070.89
2491,1830,2026-07-01,275113.91,5.00,13755.70
2492,1830,2026-08-01,231601.93,5.00,11580.10
2493,1860,2025-09-01,190742.22,5.00,9537.11
2494,1860,2025-10-01,208230.00,5.00,10411.50
2495,1860,2025-11-01,186624.44,5.00,9331.22
2496,1860,2025-12-01,202043.88,5.00,10102.19
2497,1860,2026-01-01,241587.84,5.00,12079.39
2498,1860,2026-02-01,172546.63,5.00,8627.33
2499,1860,2026-03-01,198669.81,5.00,9933.49
2500,1860,2026-04-01,198483.34,5.00,9924.17
2501,1860,2026-05-01,182238.29,5.00,9111.91
2502,1860,2026-06-01,197455.15,5.00,9872.76
2503,1860,2026-07-01,182076.34,5.00,9103.82
2504,1860,2026-08-01,208303.19,5.00,10415.16
2505,1868,2025-09-01,396423.44,5.00,19821.17
2506,1868,2025-10-01,400215.84,5.00,20010.79
2507,1868,2025-11-01,435630.12,5.00,21781.51
2508,1868,2025-12-01,448999.82,5.00,22449.99
2509,1868,2026-01-01,406211.60,5.00,20310.58
2510,1868,2026-02-01,410400.51,5.00,20520.03
2511,1868,2026-03-01,373935.93,5.00,18696.80
2512,1868,2026-04-01,372854.65,5.00,18642.73
2513,1868,2026-05-01,451168.96,5.00,22558.45
2514,1868,2026-06-01,393175.62,5.00,19658.78
2515,1868,2026-07-01,465822.94,5.00,23291.15
2516,1868,2026-08-01,375222.08,5.00,18761.10
2517,1869,2025-09-01,230844.81,5.00,11542.24
2518,1869,2025-10-01,258200.27,5.00,12910.01
2519,1869,2025-11-01,276196.04,5.00,13809.80
2520,1869,2025-12-01,263446.80,5.00,13172.34
2521,1869,2026-01-01,233511.72,5.00,11675.59
2522,1869,2026-02-01,268192.20,5.00,13409.61
2523,1869,2026-03-01,243799.31,5.00,12189.97
2524,1869,2026-04-01,250972.60,5.00,12548.63
2525,1869,2026-05-01,262704.81,5.00,13135.24
2526,1869,2026-06-01,256131.41,5.00,12806.57
2527,1869,2026-07-01,236314.74,5.00,11815.74
2528,1869,2026-08-01,288015.10,5.00,14400.76
2529,1872,2025-09-01,181185.08,5.00,9059.25
2530,1872,2025-10-01,157730.28,5.00,7886.51
2531,1872,2025-11-01,188808.86,5.00,9440.44
2532,1872,2025-12-01,175560.53,5.00,8778.03
2533,1872,2026-01-01,173428.29,5.00,8671.41
2534,1872,2026-02-01,170455.04,5.00,8522.75
2535,1872,2026-03-01,172524.90,5.00,8626.25
2536,1872,2026-04-01,168274.93,5.00,8413.75
2537,1872,2026-05-01,180420.24,5.00,9021.01
2538,1872,2026-06-01,164442.14,5.00,8222.11
2539,1872,2026-07-01,182211.28,5.00,9110.56
2540,1872,2026-08-01,186523.98,5.00,9326.20
2541,1878,2025-09-01,251066.56,5.00,12553.33
2542,1878,2025-10-01,239631.26,5.00,11981.56
2543,1878,2025-11-01,302373.03,5.00,15118.65
2544,1878,2025-12-01,258675.46,5.00,12933.77
2545,1878,2026-01-01,228417.75,5.00,11420.89
2546,1878,2026-02-01,256900.75,5.00,12845.04
2547,1878,2026-03-01,255056.91,5.00,12752.85
2548,1878,2026-04-01,305849.78,5.00,15292.49
2549,1878,2026-05-01,255968.94,5.00,12798.45
2550,1878,2026-06-01,244513.28,5.00,12225.66
2551,1878,2026-07-01,298353.01,5.00,14917.65
2552,1878,2026-08-01,280134.44,5.00,14006.72
2553,1879,2025-09-01,223359.02,5.00,11167.95
2554,1879,2025-10-01,236018.53,5.00,11800.93
2555,1879,2025-11-01,225788.98,5.00,11289.45
2556,1879,2025-12-01,220216.87,5.00,11010.84
2557,1879,2026-01-01,245888.21,5.00,12294.41
2558,1879,2026-02-01,223121.83,5.00,11156.09
2559,1879,2026-03-01,239283.88,5.00,11964.19
2560,1879,2026-04-01,238700.72,5.00,11935.04
2561,1879,2026-05-01,228698.95,5.00,11434.95
2562,1879,2026-06-01,218811.52,5.00,10940.58
2563,1879,2026-07-01,217868.30,5.00,10893.42
2564,1879,2026-08-01,221218.32,5.00,11060.92
2565,1886,2026-07-01,141497.05,5.00,7074.85
2566,1886,2026-08-01,153431.10,5.00,7671.56
2567,1887,2025-09-01,244871.98,5.00,12243.60
2568,1887,2025-10-01,282835.67,5.00,14141.78
2569,1887,2025-11-01,270605.68,5.00,13530.28
2570,1887,2025-12-01,279863.01,5.00,13993.15
2571,1887,2026-01-01,257203.96,5.00,12860.20
2572,1887,2026-02-01,260581.88,5.00,13029.09
2573,1887,2026-03-01,251476.44,5.00,12573.82
2574,1887,2026-04-01,254992.06,5.00,12749.60
2575,1887,2026-05-01,239391.99,5.00,11969.60
2576,1887,2026-06-01,293940.45,5.00,14697.02
2577,1887,2026-07-01,251635.66,5.00,12581.78
2578,1887,2026-08-01,253396.19,5.00,12669.81
2579,1902,2025-09-01,349457.16,5.00,17472.86
2580,1902,2025-10-01,353376.83,5.00,17668.84
2581,1902,2025-11-01,352361.94,5.00,17618.10
2582,1902,2025-12-01,318607.15,5.00,15930.36
2583,1902,2026-01-01,388512.08,5.00,19425.60
2584,1902,2026-02-01,312802.04,5.00,15640.10
2585,1902,2026-03-01,335930.24,5.00,16796.51
2586,1902,2026-04-01,312624.69,5.00,15631.23
2587,1902,2026-05-01,346780.01,5.00,17339.00
2588,1902,2026-06-01,350188.02,5.00,17509.40
2589,1902,2026-07-01,402756.23,5.00,20137.81
2590,1902,2026-08-01,345765.21,5.00,17288.26
2591,1905,2025-09-01,304516.35,5.00,15225.82
2592,1905,2025-10-01,294996.38,5.00,14749.82
2593,1905,2025-11-01,340641.58,5.00,17032.08
2594,1905,2025-12-01,292659.64,5.00,14632.98
2595,1905,2026-01-01,277657.58,5.00,13882.88
2596,1905,2026-02-01,306525.77,5.00,15326.29
2597,1905,2026-03-01,289922.14,5.00,14496.11
2598,1905,2026-04-01,343035.79,5.00,17151.79
2599,1905,2026-05-01,279688.86,5.00,13984.44
2600,1905,2026-06-01,289393.47,5.00,14469.67
2601,1905,2026-07-01,289862.77,5.00,14493.14
2602,1905,2026-08-01,325144.40,5.00,16257.22
2603,1910,2025-09-01,215141.58,5.00,10757.08
2604,1910,2025-10-01,201640.47,5.00,10082.02
2605,1910,2025-11-01,207894.19,5.00,10394.71
2606,1910,2025-12-01,224521.44,5.00,11226.07
2607,1910,2026-01-01,203546.84,5.00,10177.34
2608,1910,2026-02-01,200710.72,5.00,10035.54
2609,1910,2026-03-01,197250.23,5.00,9862.51
2610,1910,2026-04-01,214330.46,5.00,10716.52
2611,1910,2026-05-01,175462.59,5.00,8773.13
2612,1910,2026-06-01,213403.49,5.00,10670.17
2613,1910,2026-07-01,195626.38,5.00,9781.32
2614,1910,2026-08-01,207120.72,5.00,10356.04
2615,1915,2025-09-01,307527.48,5.00,15376.37
2616,1915,2025-10-01,266651.29,5.00,13332.56
2617,1915,2025-11-01,283558.44,5.00,14177.92
2618,1915,2025-12-01,268413.69,5.00,13420.68
2619,1915,2026-01-01,274545.59,5.00,13727.28
2620,1915,2026-02-01,291824.40,5.00,14591.22
2621,1915,2026-03-01,276196.76,5.00,13809.84
2622,1915,2026-04-01,271480.93,5.00,13574.05
2623,1915,2026-05-01,249008.71,5.00,12450.44
2624,1915,2026-06-01,317892.67,5.00,15894.63
2625,1915,2026-07-01,270607.20,5.00,13530.36
2626,1915,2026-08-01,276311.96,5.00,13815.60
2627,1917,2025-09-01,113631.19,5.00,5681.56
2628,1917,2025-10-01,116208.77,5.00,5810.44
2629,1917,2025-11-01,109856.61,5.00,5492.83
2630,1917,2025-12-01,127828.38,5.00,6391.42
2631,1917,2026-01-01,111559.00,5.00,5577.95
2632,1917,2026-02-01,123084.48,5.00,6154.22
2633,1917,2026-03-01,118048.50,5.00,5902.43
2634,1917,2026-04-01,114603.59,5.00,5730.18
2635,1917,2026-05-01,114416.32,5.00,5720.82
2636,1917,2026-06-01,122573.10,5.00,6128.66
2637,1917,2026-07-01,121490.20,5.00,6074.51
2638,1917,2026-08-01,128343.13,5.00,6417.16
2639,1929,2026-06-01,186187.38,5.00,9309.37
2640,1929,2026-07-01,201250.22,5.00,10062.51
2641,1929,2026-08-01,184446.71,5.00,9222.34
2642,1930,2026-02-01,195905.96,5.00,9795.30
2643,1930,2026-03-01,163855.26,5.00,8192.76
2644,1930,2026-04-01,187799.15,5.00,9389.96
2645,1930,2026-05-01,193914.18,5.00,9695.71
2646,1930,2026-06-01,173244.22,5.00,8662.21
2647,1930,2026-07-01,179286.63,5.00,8964.33
2648,1930,2026-08-01,194230.90,5.00,9711.55
2649,1939,2025-09-01,226766.87,5.00,11338.34
2650,1939,2025-10-01,240376.02,5.00,12018.80
2651,1939,2025-11-01,245742.04,5.00,12287.10
2652,1939,2025-12-01,235838.96,5.00,11791.95
2653,1939,2026-01-01,218991.47,5.00,10949.57
2654,1939,2026-02-01,235590.64,5.00,11779.53
2655,1939,2026-03-01,213699.86,5.00,10684.99
2656,1939,2026-04-01,246854.01,5.00,12342.70
2657,1939,2026-05-01,221805.04,5.00,11090.25
2658,1939,2026-06-01,253816.14,5.00,12690.81
2659,1939,2026-07-01,250283.86,5.00,12514.19
2660,1939,2026-08-01,212569.85,5.00,10628.49
2661,1944,2025-09-01,259952.63,5.00,12997.63
2662,1944,2025-10-01,233729.18,5.00,11686.46
2663,1944,2025-11-01,252965.04,5.00,12648.25
2664,1944,2025-12-01,251101.12,5.00,12555.06
2665,1944,2026-01-01,238055.62,5.00,11902.78
2666,1944,2026-02-01,284515.09,5.00,14225.75
2667,1944,2026-03-01,243007.33,5.00,12150.37
2668,1944,2026-04-01,229669.79,5.00,11483.49
2669,1944,2026-05-01,258526.06,5.00,12926.30
2670,1944,2026-06-01,236715.83,5.00,11835.79
2671,1944,2026-07-01,255021.29,5.00,12751.06
2672,1944,2026-08-01,248711.14,5.00,12435.56
2673,1948,2025-11-01,256576.27,5.00,12828.81
2674,1948,2025-12-01,239402.66,5.00,11970.13
2675,1948,2026-01-01,253840.16,5.00,12692.01
2676,1948,2026-02-01,237647.86,5.00,11882.39
2677,1948,2026-03-01,229041.14,5.00,11452.06
2678,1948,2026-04-01,263776.59,5.00,13188.83
2679,1948,2026-05-01,251865.36,5.00,12593.27
2680,1948,2026-06-01,239799.63,5.00,11989.98
2681,1948,2026-07-01,256801.44,5.00,12840.07
2682,1948,2026-08-01,231062.02,5.00,11553.10
2683,1953,2025-09-01,217015.26,5.00,10850.76
2684,1953,2025-10-01,227205.52,5.00,11360.28
2685,1953,2025-11-01,225940.20,5.00,11297.01
2686,1953,2025-12-01,238494.98,5.00,11924.75
2687,1953,2026-01-01,203900.17,5.00,10195.01
2688,1953,2026-02-01,230173.57,5.00,11508.68
2689,1953,2026-03-01,229759.01,5.00,11487.95
2690,1953,2026-04-01,246888.54,5.00,12344.43
2691,1953,2026-05-01,251349.11,5.00,12567.46
2692,1953,2026-06-01,221572.27,5.00,11078.61
2693,1953,2026-07-01,215145.21,5.00,10757.26
2694,1953,2026-08-01,224452.97,5.00,11222.65
2695,1963,2025-09-01,256133.61,5.00,12806.68
2696,1963,2025-10-01,278728.85,5.00,13936.44
2697,1963,2025-11-01,286615.24,5.00,14330.76
2698,1963,2025-12-01,270309.53,5.00,13515.48
2699,1963,2026-01-01,261072.81,5.00,13053.64
2700,1963,2026-02-01,279437.00,5.00,13971.85
2701,1963,2026-03-01,252762.53,5.00,12638.13
2702,1963,2026-04-01,267857.89,5.00,13392.89
2703,1963,2026-05-01,270251.78,5.00,13512.59
2704,1963,2026-06-01,283139.27,5.00,14156.96
2705,1963,2026-07-01,323912.14,5.00,16195.61
2706,1963,2026-08-01,273136.93,5.00,13656.85
2707,1965,2025-09-01,299740.51,5.00,14987.03
2708,1965,2025-10-01,302571.89,5.00,15128.59
2709,1965,2025-11-01,340358.46,5.00,17017.92
2710,1965,2025-12-01,346159.04,5.00,17307.95
2711,1965,2026-01-01,308065.79,5.00,15403.29
2712,1965,2026-02-01,305622.09,5.00,15281.10
2713,1965,2026-03-01,323626.53,5.00,16181.33
2714,1965,2026-04-01,315053.78,5.00,15752.69
2715,1965,2026-05-01,317978.96,5.00,15898.95
2716,1965,2026-06-01,322569.97,5.00,16128.50
2717,1965,2026-07-01,267092.20,5.00,13354.61
2718,1965,2026-08-01,301402.11,5.00,15070.11
2719,1973,2025-09-01,368855.39,5.00,18442.77
2720,1973,2025-10-01,377765.49,5.00,18888.27
2721,1973,2025-11-01,360756.37,5.00,18037.82
2722,1973,2025-12-01,394341.19,5.00,19717.06
2723,1973,2026-01-01,374646.00,5.00,18732.30
2724,1973,2026-02-01,379889.26,5.00,18994.46
2725,1973,2026-03-01,412287.21,5.00,20614.36
2726,1973,2026-04-01,383803.14,5.00,19190.16
2727,1973,2026-05-01,384329.68,5.00,19216.48
2728,1973,2026-06-01,404127.56,5.00,20206.38
2729,1973,2026-07-01,377700.84,5.00,18885.04
2730,1973,2026-08-01,421188.41,5.00,21059.42
2731,1978,2025-09-01,179643.61,5.00,8982.18
2732,1978,2025-10-01,166078.59,5.00,8303.93
2733,1978,2025-11-01,164870.52,5.00,8243.53
2734,1978,2025-12-01,175193.30,5.00,8759.67
2735,1978,2026-01-01,154627.74,5.00,7731.39
2736,1978,2026-02-01,181983.87,5.00,9099.19
2737,1978,2026-03-01,166699.36,5.00,8334.97
2738,1978,2026-04-01,175861.23,5.00,8793.06
2739,1978,2026-05-01,158033.31,5.00,7901.67
2740,1978,2026-06-01,185140.76,5.00,9257.04
2741,1978,2026-07-01,181032.66,5.00,9051.63
2742,1978,2026-08-01,178239.78,5.00,8911.99
2743,1996,2025-09-01,304992.94,5.00,15249.65
2744,1996,2025-10-01,300347.22,5.00,15017.36
2745,1996,2025-11-01,293733.59,5.00,14686.68
2746,1996,2025-12-01,281790.21,5.00,14089.51
2747,1996,2026-01-01,310480.85,5.00,15524.04
2748,1996,2026-02-01,296612.04,5.00,14830.60
2749,1996,2026-03-01,256652.63,5.00,12832.63
2750,1996,2026-04-01,250540.81,5.00,12527.04
2751,1996,2026-05-01,290540.71,5.00,14527.04
2752,1996,2026-06-01,290876.03,5.00,14543.80
2753,1996,2026-07-01,266485.81,5.00,13324.29
2754,1996,2026-08-01,277903.22,5.00,13895.16
2755,1998,2025-09-01,220293.43,5.00,11014.67
2756,1998,2025-10-01,216883.72,5.00,10844.19
2757,1998,2025-11-01,221781.19,5.00,11089.06
2758,1998,2025-12-01,203323.10,5.00,10166.16
2759,1998,2026-01-01,221036.11,5.00,11051.81
2760,1998,2026-02-01,232174.99,5.00,11608.75
2761,1998,2026-03-01,196537.63,5.00,9826.88
2762,1998,2026-04-01,225709.29,5.00,11285.46
2763,1998,2026-05-01,205339.31,5.00,10266.97
2764,1998,2026-06-01,212623.41,5.00,10631.17
2765,1998,2026-07-01,217088.88,5.00,10854.44
2766,1998,2026-08-01,216983.55,5.00,10849.18
2767,2003,2025-09-01,256216.79,5.00,12810.84
2768,2003,2025-10-01,250227.14,5.00,12511.36
2769,2003,2025-11-01,237212.73,5.00,11860.64
2770,2003,2025-12-01,264366.69,5.00,13218.33
2771,2003,2026-01-01,260650.70,5.00,13032.54
2772,2003,2026-02-01,267077.23,5.00,13353.86
2773,2003,2026-03-01,238126.49,5.00,11906.32
2774,2003,2026-04-01,264215.58,5.00,13210.78
2775,2003,2026-05-01,233166.13,5.00,11658.31
2776,2003,2026-06-01,234219.97,5.00,11711.00
2777,2003,2026-07-01,247227.74,5.00,12361.39
2778,2003,2026-08-01,264424.33,5.00,13221.22
2779,2008,2025-09-01,249168.61,5.00,12458.43
2780,2008,2025-10-01,199317.35,5.00,9965.87
2781,2008,2025-11-01,221326.14,5.00,11066.31
2782,2008,2025-12-01,237698.03,5.00,11884.90
2783,2008,2026-01-01,215862.48,5.00,10793.12
2784,2008,2026-02-01,200753.17,5.00,10037.66
2785,2008,2026-03-01,245638.73,5.00,12281.94
2786,2008,2026-04-01,212677.08,5.00,10633.85
2787,2008,2026-05-01,202882.20,5.00,10144.11
2788,2008,2026-06-01,215425.27,5.00,10771.26
2789,2008,2026-07-01,245271.56,5.00,12263.58
2790,2008,2026-08-01,241280.16,5.00,12064.01
2791,2010,2025-09-01,296226.01,5.00,14811.30
2792,2010,2025-10-01,269332.02,5.00,13466.60
2793,2010,2025-11-01,256986.85,5.00,12849.34
2794,2010,2025-12-01,288484.97,5.00,14424.25
2795,2010,2026-01-01,287471.86,5.00,14373.59
2796,2010,2026-02-01,284185.59,5.00,14209.28
2797,2010,2026-03-01,241184.19,5.00,12059.21
2798,2010,2026-04-01,297090.86,5.00,14854.54
2799,2010,2026-05-01,303623.35,5.00,15181.17
2800,2010,2026-06-01,267221.77,5.00,13361.09
2801,2010,2026-07-01,277955.62,5.00,13897.78
2802,2010,2026-08-01,257134.15,5.00,12856.71
2803,2020,2025-09-01,201016.21,5.00,10050.81
2804,2020,2025-10-01,173233.50,5.00,8661.68
2805,2020,2025-11-01,174934.70,5.00,8746.74
2806,2020,2025-12-01,193931.65,5.00,9696.58
2807,2020,2026-01-01,179479.75,5.00,8973.99
2808,2020,2026-02-01,198131.47,5.00,9906.57
2809,2020,2026-03-01,166989.33,5.00,8349.47
2810,2020,2026-04-01,171070.21,5.00,8553.51
2811,2020,2026-05-01,170946.98,5.00,8547.35
2812,2020,2026-06-01,174298.04,5.00,8714.90
2813,2020,2026-07-01,168532.00,5.00,8426.60
2814,2020,2026-08-01,184460.20,5.00,9223.01
2815,2031,2025-09-01,254057.88,5.00,12702.89
2816,2031,2025-10-01,275423.91,5.00,13771.20
2817,2031,2025-11-01,296747.55,5.00,14837.38
2818,2031,2025-12-01,290121.81,5.00,14506.09
2819,2031,2026-01-01,283496.29,5.00,14174.81
2820,2031,2026-02-01,267724.38,5.00,13386.22
2821,2031,2026-03-01,240123.02,5.00,12006.15
2822,2031,2026-04-01,269590.24,5.00,13479.51
2823,2031,2026-05-01,251295.35,5.00,12564.77
2824,2031,2026-06-01,258758.38,5.00,12937.92
2825,2031,2026-07-01,283842.00,5.00,14192.10
2826,2031,2026-08-01,267875.86,5.00,13393.79
2827,2033,2026-07-01,113805.03,5.00,5690.25
2828,2033,2026-08-01,127383.19,5.00,6369.16
2829,2037,2025-09-01,428235.70,5.00,21411.79
2830,2037,2025-10-01,427526.03,5.00,21376.30
2831,2037,2025-11-01,373091.25,5.00,18654.56
2832,2037,2025-12-01,374122.80,5.00,18706.14
2833,2037,2026-01-01,375602.22,5.00,18780.11
2834,2037,2026-02-01,400024.40,5.00,20001.22
2835,2037,2026-03-01,395616.08,5.00,19780.80
2836,2037,2026-04-01,417480.72,5.00,20874.04
2837,2037,2026-05-01,403642.90,5.00,20182.15
2838,2037,2026-06-01,382415.08,5.00,19120.75
2839,2037,2026-07-01,400805.30,5.00,20040.27
2840,2037,2026-08-01,432696.95,5.00,21634.85
2841,2039,2025-09-01,224778.20,5.00,11238.91
2842,2039,2025-10-01,211582.34,5.00,10579.12
2843,2039,2025-11-01,245292.37,5.00,12264.62
2844,2039,2025-12-01,216110.86,5.00,10805.54
2845,2039,2026-01-01,206226.47,5.00,10311.32
2846,2039,2026-02-01,211130.07,5.00,10556.50
2847,2039,2026-03-01,260612.38,5.00,13030.62
2848,2039,2026-04-01,236570.77,5.00,11828.54
2849,2039,2026-05-01,209370.77,5.00,10468.54
2850,2039,2026-06-01,217605.41,5.00,10880.27
2851,2039,2026-07-01,215053.12,5.00,10752.66
2852,2039,2026-08-01,242149.16,5.00,12107.46
2853,2048,2025-09-01,259848.67,5.00,12992.43
2854,2048,2025-10-01,279401.06,5.00,13970.05
2855,2048,2025-11-01,274528.07,5.00,13726.40
2856,2048,2025-12-01,306473.28,5.00,15323.66
2857,2048,2026-01-01,298239.06,5.00,14911.95
2858,2048,2026-02-01,258953.13,5.00,12947.66
2859,2048,2026-03-01,270765.14,5.00,13538.26
2860,2048,2026-04-01,292940.02,5.00,14647.00
2861,2048,2026-05-01,284304.96,5.00,14215.25
2862,2048,2026-06-01,319559.75,5.00,15977.99
2863,2048,2026-07-01,282611.08,5.00,14130.55
2864,2048,2026-08-01,267191.16,5.00,13359.56
2865,2050,2025-09-01,214531.91,5.00,10726.60
2866,2050,2025-10-01,246824.49,5.00,12341.22
2867,2050,2025-11-01,223955.39,5.00,11197.77
2868,2050,2025-12-01,204158.02,5.00,10207.90
2869,2050,2026-01-01,200849.52,5.00,10042.48
2870,2050,2026-02-01,225543.37,5.00,11277.17
2871,2050,2026-03-01,207851.98,5.00,10392.60
2872,2050,2026-04-01,220250.93,5.00,11012.55
2873,2050,2026-05-01,228298.36,5.00,11414.92
2874,2050,2026-06-01,229133.59,5.00,11456.68
2875,2050,2026-07-01,213728.62,5.00,10686.43
2876,2050,2026-08-01,222852.71,5.00,11142.64
2877,2052,2026-03-01,186058.07,5.00,9302.90
2878,2052,2026-04-01,180773.66,5.00,9038.68
2879,2052,2026-05-01,198371.42,5.00,9918.57
2880,2052,2026-06-01,166483.02,5.00,8324.15
2881,2052,2026-07-01,172545.11,5.00,8627.26
2882,2052,2026-08-01,158859.39,5.00,7942.97
2883,2054,2025-09-01,288997.18,5.00,14449.86
2884,2054,2025-10-01,291345.54,5.00,14567.28
2885,2054,2025-11-01,285403.24,5.00,14270.16
2886,2054,2025-12-01,285668.74,5.00,14283.44
2887,2054,2026-01-01,311511.43,5.00,15575.57
2888,2054,2026-02-01,283861.85,5.00,14193.09
2889,2054,2026-03-01,288889.33,5.00,14444.47
2890,2054,2026-04-01,281958.67,5.00,14097.93
2891,2054,2026-05-01,294875.38,5.00,14743.77
2892,2054,2026-06-01,314570.69,5.00,15728.53
2893,2054,2026-07-01,285579.42,5.00,14278.97
2894,2054,2026-08-01,316011.54,5.00,15800.58
2895,2059,2025-09-01,250639.83,5.00,12531.99
2896,2059,2025-10-01,287662.85,5.00,14383.14
2897,2059,2025-11-01,256758.10,5.00,12837.91
2898,2059,2025-12-01,273281.42,5.00,13664.07
2899,2059,2026-01-01,295078.36,5.00,14753.92
2900,2059,2026-02-01,279644.42,5.00,13982.22
2901,2059,2026-03-01,257825.13,5.00,12891.26
2902,2059,2026-04-01,297733.39,5.00,14886.67
2903,2059,2026-05-01,265814.80,5.00,13290.74
2904,2059,2026-06-01,293303.15,5.00,14665.16
2905,2059,2026-07-01,310764.95,5.00,15538.25
2906,2059,2026-08-01,288881.46,5.00,14444.07
2907,2061,2025-09-01,289861.30,5.00,14493.07
2908,2061,2025-10-01,274590.88,5.00,13729.54
2909,2061,2025-11-01,299921.58,5.00,14996.08
2910,2061,2025-12-01,269326.93,5.00,13466.35
2911,2061,2026-01-01,299976.65,5.00,14998.83
2912,2061,2026-02-01,290643.98,5.00,14532.20
2913,2061,2026-03-01,286518.12,5.00,14325.91
2914,2061,2026-04-01,303350.73,5.00,15167.54
2915,2061,2026-05-01,304505.47,5.00,15225.27
2916,2061,2026-06-01,268317.59,5.00,13415.88
2917,2061,2026-07-01,301055.76,5.00,15052.79
2918,2061,2026-08-01,300460.24,5.00,15023.01
2919,2066,2025-09-01,242093.49,5.00,12104.67
2920,2066,2025-10-01,213487.24,5.00,10674.36
2921,2066,2025-11-01,283571.31,5.00,14178.57
2922,2066,2025-12-01,254541.14,5.00,12727.06
2923,2066,2026-01-01,247513.68,5.00,12375.68
2924,2066,2026-02-01,211761.08,5.00,10588.05
2925,2066,2026-03-01,226239.10,5.00,11311.96
2926,2066,2026-04-01,270247.76,5.00,13512.39
2927,2066,2026-05-01,265166.73,5.00,13258.34
2928,2066,2026-06-01,240351.14,5.00,12017.56
2929,2066,2026-07-01,235785.81,5.00,11789.29
2930,2066,2026-08-01,254428.90,5.00,12721.45
2931,2073,2026-06-01,107386.35,5.00,5369.32
2932,2073,2026-07-01,109052.23,5.00,5452.61
2933,2073,2026-08-01,113523.46,5.00,5676.17
2934,2082,2025-09-01,262138.21,5.00,13106.91
2935,2082,2025-10-01,254342.55,5.00,12717.13
2936,2082,2025-11-01,284261.28,5.00,14213.06
2937,2082,2025-12-01,210517.25,5.00,10525.86
2938,2082,2026-01-01,265993.36,5.00,13299.67
2939,2082,2026-02-01,273947.74,5.00,13697.39
2940,2082,2026-03-01,233315.48,5.00,11665.77
2941,2082,2026-04-01,264351.04,5.00,13217.55
2942,2082,2026-05-01,309291.60,5.00,15464.58
2943,2082,2026-06-01,267472.02,5.00,13373.60
2944,2082,2026-07-01,280906.35,5.00,14045.32
2945,2082,2026-08-01,294731.89,5.00,14736.59
2946,2098,2026-06-01,150663.64,5.00,7533.18
2947,2098,2026-07-01,172772.74,5.00,8638.64
2948,2098,2026-08-01,205984.10,5.00,10299.21
2949,2113,2025-09-01,350675.49,5.00,17533.77
2950,2113,2025-10-01,337967.92,5.00,16898.40
2951,2113,2025-11-01,382706.18,5.00,19135.31
2952,2113,2025-12-01,326728.54,5.00,16336.43
2953,2113,2026-01-01,377776.09,5.00,18888.80
2954,2113,2026-02-01,356310.54,5.00,17815.53
2955,2113,2026-03-01,376863.74,5.00,18843.19
2956,2113,2026-04-01,365541.09,5.00,18277.05
2957,2113,2026-05-01,401168.76,5.00,20058.44
2958,2113,2026-06-01,345681.76,5.00,17284.09
2959,2113,2026-07-01,367954.44,5.00,18397.72
2960,2113,2026-08-01,290446.08,5.00,14522.30
2961,2116,2026-04-01,162953.14,5.00,8147.66
2962,2116,2026-05-01,207825.52,5.00,10391.28
2963,2116,2026-06-01,216242.48,5.00,10812.12
2964,2116,2026-07-01,169447.18,5.00,8472.36
2965,2116,2026-08-01,198004.02,5.00,9900.20
2966,2130,2025-09-01,242712.81,5.00,12135.64
2967,2130,2025-10-01,248846.25,5.00,12442.31
2968,2130,2025-11-01,249444.37,5.00,12472.22
2969,2130,2025-12-01,271928.00,5.00,13596.40
2970,2130,2026-01-01,242610.31,5.00,12130.52
2971,2130,2026-02-01,266653.46,5.00,13332.67
2972,2130,2026-03-01,264517.47,5.00,13225.87
2973,2130,2026-04-01,285691.85,5.00,14284.59
2974,2130,2026-05-01,219280.97,5.00,10964.05
2975,2130,2026-06-01,255716.07,5.00,12785.80
2976,2130,2026-07-01,243389.56,5.00,12169.48
2977,2130,2026-08-01,247757.28,5.00,12387.86
2978,2134,2025-09-01,288004.14,5.00,14400.21
2979,2134,2025-10-01,254959.34,5.00,12747.97
2980,2134,2025-11-01,313650.16,5.00,15682.51
2981,2134,2025-12-01,290005.90,5.00,14500.30
2982,2134,2026-01-01,322377.98,5.00,16118.90
2983,2134,2026-02-01,259013.67,5.00,12950.68
2984,2134,2026-03-01,289240.46,5.00,14462.02
2985,2134,2026-04-01,308029.09,5.00,15401.45
2986,2134,2026-05-01,296749.44,5.00,14837.47
2987,2134,2026-06-01,303420.07,5.00,15171.00
2988,2134,2026-07-01,314179.06,5.00,15708.95
2989,2134,2026-08-01,285207.59,5.00,14260.38
2990,2142,2025-09-01,408853.63,5.00,20442.68
2991,2142,2025-10-01,396776.35,5.00,19838.82
2992,2142,2025-11-01,381961.31,5.00,19098.07
2993,2142,2025-12-01,427979.07,5.00,21398.95
2994,2142,2026-01-01,386890.94,5.00,19344.55
2995,2142,2026-02-01,411169.60,5.00,20558.48
2996,2142,2026-03-01,442656.02,5.00,22132.80
2997,2142,2026-04-01,398133.74,5.00,19906.69
2998,2142,2026-05-01,454906.95,5.00,22745.35
2999,2142,2026-06-01,419487.93,5.00,20974.40
3000,2142,2026-07-01,426821.38,5.00,21341.07
3001,2142,2026-08-01,434147.52,5.00,21707.38
3002,2143,2025-09-01,220563.98,5.00,11028.20
3003,2143,2025-10-01,231515.04,5.00,11575.75
3004,2143,2025-11-01,210278.83,5.00,10513.94
3005,2143,2025-12-01,245641.43,5.00,12282.07
3006,2143,2026-01-01,215336.13,5.00,10766.81
3007,2143,2026-02-01,224592.98,5.00,11229.65
3008,2143,2026-03-01,211173.77,5.00,10558.69
3009,2143,2026-04-01,236077.42,5.00,11803.87
3010,2143,2026-05-01,204915.66,5.00,10245.78
3011,2143,2026-06-01,210458.86,5.00,10522.94
3012,2143,2026-07-01,227897.59,5.00,11394.88
3013,2143,2026-08-01,217020.88,5.00,10851.04
3014,2144,2025-10-01,195932.82,5.00,9796.64
3015,2144,2025-11-01,193679.82,5.00,9683.99
3016,2144,2025-12-01,177402.60,5.00,8870.13
3017,2144,2026-01-01,184572.42,5.00,9228.62
3018,2144,2026-02-01,181853.51,5.00,9092.68
3019,2144,2026-03-01,193526.82,5.00,9676.34
3020,2144,2026-04-01,170162.27,5.00,8508.11
3021,2144,2026-05-01,190395.71,5.00,9519.79
3022,2144,2026-06-01,190273.26,5.00,9513.66
3023,2144,2026-07-01,173906.07,5.00,8695.30
3024,2144,2026-08-01,165855.44,5.00,8292.77
3025,2149,2025-09-01,391343.47,5.00,19567.17
3026,2149,2025-10-01,424719.19,5.00,21235.96
3027,2149,2025-11-01,387494.84,5.00,19374.74
3028,2149,2025-12-01,383550.57,5.00,19177.53
3029,2149,2026-01-01,440680.64,5.00,22034.03
3030,2149,2026-02-01,362536.04,5.00,18126.80
3031,2149,2026-03-01,454231.73,5.00,22711.59
3032,2149,2026-04-01,432379.00,5.00,21618.95
3033,2149,2026-05-01,417619.57,5.00,20880.98
3034,2149,2026-06-01,369709.77,5.00,18485.49
3035,2149,2026-07-01,378341.97,5.00,18917.10
3036,2149,2026-08-01,413131.16,5.00,20656.56
3037,2152,2025-09-01,328455.36,5.00,16422.77
3038,2152,2025-10-01,294505.97,5.00,14725.30
3039,2152,2025-11-01,339066.78,5.00,16953.34
3040,2152,2025-12-01,335935.53,5.00,16796.78
3041,2152,2026-01-01,349333.02,5.00,17466.65
3042,2152,2026-02-01,282469.74,5.00,14123.49
3043,2152,2026-03-01,306133.41,5.00,15306.67
3044,2152,2026-04-01,306849.80,5.00,15342.49
3045,2152,2026-05-01,335682.99,5.00,16784.15
3046,2152,2026-06-01,297974.62,5.00,14898.73
3047,2152,2026-07-01,298097.83,5.00,14904.89
3048,2152,2026-08-01,293067.44,5.00,14653.37
3049,2180,2025-09-01,211432.69,5.00,10571.63
3050,2180,2025-10-01,196841.58,5.00,9842.08
3051,2180,2025-11-01,184806.69,5.00,9240.33
3052,2180,2025-12-01,199001.68,5.00,9950.08
3053,2180,2026-01-01,200800.14,5.00,10040.01
3054,2180,2026-02-01,189917.90,5.00,9495.90
3055,2180,2026-03-01,181190.18,5.00,9059.51
3056,2180,2026-04-01,195279.40,5.00,9763.97
3057,2180,2026-05-01,186290.18,5.00,9314.51
3058,2180,2026-06-01,245763.56,5.00,12288.18
3059,2180,2026-07-01,212644.58,5.00,10632.23
3060,2180,2026-08-01,194597.93,5.00,9729.90
3061,2194,2025-09-01,279604.40,5.00,13980.22
3062,2194,2025-10-01,328831.10,5.00,16441.56
3063,2194,2025-11-01,280785.47,5.00,14039.27
3064,2194,2025-12-01,289795.89,5.00,14489.79
3065,2194,2026-01-01,344299.62,5.00,17214.98
3066,2194,2026-02-01,268580.53,5.00,13429.03
3067,2194,2026-03-01,271069.08,5.00,13553.45
3068,2194,2026-04-01,283955.71,5.00,14197.79
3069,2194,2026-05-01,344687.05,5.00,17234.35
3070,2194,2026-06-01,299738.43,5.00,14986.92
3071,2194,2026-07-01,288954.89,5.00,14447.74
3072,2194,2026-08-01,304491.51,5.00,15224.58
3073,2202,2025-09-01,332083.08,5.00,16604.15
3074,2202,2025-10-01,335816.70,5.00,16790.84
3075,2202,2025-11-01,318396.16,5.00,15919.81
3076,2202,2025-12-01,331906.18,5.00,16595.31
3077,2202,2026-01-01,327205.54,5.00,16360.28
3078,2202,2026-02-01,368308.70,5.00,18415.44
3079,2202,2026-03-01,327362.99,5.00,16368.15
3080,2202,2026-04-01,398124.66,5.00,19906.23
3081,2202,2026-05-01,306507.05,5.00,15325.35
3082,2202,2026-06-01,353249.02,5.00,17662.45
3083,2202,2026-07-01,347169.40,5.00,17358.47
3084,2202,2026-08-01,387926.46,5.00,19396.32
3085,2208,2025-09-01,111276.20,5.00,5563.81
3086,2208,2025-10-01,129580.86,5.00,6479.04
3087,2208,2025-11-01,141072.97,5.00,7053.65
3088,2208,2025-12-01,132177.06,5.00,6608.85
3089,2208,2026-01-01,133986.29,5.00,6699.31
3090,2208,2026-02-01,144407.40,5.00,7220.37
3091,2208,2026-03-01,133425.74,5.00,6671.29
3092,2208,2026-04-01,140052.01,5.00,7002.60
3093,2208,2026-05-01,127056.19,5.00,6352.81
3094,2208,2026-06-01,123315.39,5.00,6165.77
3095,2208,2026-07-01,111424.11,5.00,5571.21
3096,2208,2026-08-01,134662.24,5.00,6733.11
3097,2211,2025-09-01,282312.37,5.00,14115.62
3098,2211,2025-10-01,305459.24,5.00,15272.96
3099,2211,2025-11-01,271971.44,5.00,13598.57
3100,2211,2025-12-01,285295.28,5.00,14264.76
3101,2211,2026-01-01,289282.76,5.00,14464.14
3102,2211,2026-02-01,303220.14,5.00,15161.01
3103,2211,2026-03-01,271258.65,5.00,13562.93
3104,2211,2026-04-01,275660.66,5.00,13783.03
3105,2211,2026-05-01,294780.11,5.00,14739.01
3106,2211,2026-06-01,300553.52,5.00,15027.68
3107,2211,2026-07-01,271600.85,5.00,13580.04
3108,2211,2026-08-01,299769.97,5.00,14988.50
3109,2217,2025-09-01,264114.71,5.00,13205.74
3110,2217,2025-10-01,209605.46,5.00,10480.27
3111,2217,2025-11-01,250256.47,5.00,12512.82
3112,2217,2025-12-01,227064.96,5.00,11353.25
3113,2217,2026-01-01,225990.93,5.00,11299.55
3114,2217,2026-02-01,224325.77,5.00,11216.29
3115,2217,2026-03-01,244654.16,5.00,12232.71
3116,2217,2026-04-01,274349.20,5.00,13717.46
3117,2217,2026-05-01,237020.91,5.00,11851.05
3118,2217,2026-06-01,221742.74,5.00,11087.14
3119,2217,2026-07-01,234401.59,5.00,11720.08
3120,2217,2026-08-01,248751.12,5.00,12437.56
3121,2225,2025-09-01,335703.26,5.00,16785.16
3122,2225,2025-10-01,323736.22,5.00,16186.81
3123,2225,2025-11-01,338833.24,5.00,16941.66
3124,2225,2025-12-01,334727.55,5.00,16736.38
3125,2225,2026-01-01,302216.70,5.00,15110.84
3126,2225,2026-02-01,322613.64,5.00,16130.68
3127,2225,2026-03-01,313093.06,5.00,15654.65
3128,2225,2026-04-01,323718.06,5.00,16185.90
3129,2225,2026-05-01,299200.97,5.00,14960.05
3130,2225,2026-06-01,281276.66,5.00,14063.83
3131,2225,2026-07-01,327018.02,5.00,16350.90
3132,2225,2026-08-01,329209.43,5.00,16460.47
3133,2240,2025-09-01,267562.80,5.00,13378.14
3134,2240,2025-10-01,226349.32,5.00,11317.47
3135,2240,2025-11-01,232795.41,5.00,11639.77
3136,2240,2025-12-01,235277.58,5.00,11763.88
3137,2240,2026-01-01,254501.58,5.00,12725.08
3138,2240,2026-02-01,208899.88,5.00,10444.99
3139,2240,2026-03-01,220330.10,5.00,11016.51
3140,2240,2026-04-01,272550.15,5.00,13627.51
3141,2240,2026-05-01,217281.34,5.00,10864.07
3142,2240,2026-06-01,236203.66,5.00,11810.18
3143,2240,2026-07-01,204276.78,5.00,10213.84
3144,2240,2026-08-01,216687.96,5.00,10834.40
3145,2244,2025-09-01,337253.79,5.00,16862.69
3146,2244,2025-10-01,313824.03,5.00,15691.20
3147,2244,2025-11-01,346496.83,5.00,17324.84
3148,2244,2025-12-01,312967.80,5.00,15648.39
3149,2244,2026-01-01,327721.88,5.00,16386.09
3150,2244,2026-02-01,297851.52,5.00,14892.58
3151,2244,2026-03-01,361033.42,5.00,18051.67
3152,2244,2026-04-01,344963.06,5.00,17248.15
3153,2244,2026-05-01,310457.77,5.00,15522.89
3154,2244,2026-06-01,328401.41,5.00,16420.07
3155,2244,2026-07-01,304235.13,5.00,15211.76
3156,2244,2026-08-01,306674.47,5.00,15333.72
3157,2270,2025-09-01,351534.06,5.00,17576.70
3158,2270,2025-10-01,387705.70,5.00,19385.29
3159,2270,2025-11-01,308008.18,5.00,15400.41
3160,2270,2025-12-01,359651.59,5.00,17982.58
3161,2270,2026-01-01,340172.62,5.00,17008.63
3162,2270,2026-02-01,344162.76,5.00,17208.14
3163,2270,2026-03-01,314493.96,5.00,15724.70
3164,2270,2026-04-01,323194.46,5.00,16159.72
3165,2270,2026-05-01,337267.76,5.00,16863.39
3166,2270,2026-06-01,345834.43,5.00,17291.72
3167,2270,2026-07-01,313880.74,5.00,15694.04
3168,2270,2026-08-01,298702.91,5.00,14935.15
3169,2275,2025-09-01,174145.51,5.00,8707.28
3170,2275,2025-10-01,161449.27,5.00,8072.46
3171,2275,2025-11-01,188523.57,5.00,9426.18
3172,2275,2025-12-01,180589.24,5.00,9029.46
3173,2275,2026-01-01,181372.87,5.00,9068.64
3174,2275,2026-02-01,185591.47,5.00,9279.57
3175,2275,2026-03-01,175464.12,5.00,8773.21
3176,2275,2026-04-01,178025.93,5.00,8901.30
3177,2275,2026-05-01,182944.07,5.00,9147.20
3178,2275,2026-06-01,175352.76,5.00,8767.64
3179,2285,2025-09-01,183822.10,5.00,9191.11
3180,2285,2025-10-01,164371.23,5.00,8218.56
3181,2285,2025-11-01,200623.94,5.00,10031.20
3182,2285,2025-12-01,205781.72,5.00,10289.09
3183,2285,2026-01-01,216764.17,5.00,10838.21
3184,2285,2026-02-01,229599.97,5.00,11480.00
3185,2285,2026-03-01,206411.32,5.00,10320.57
3186,2285,2026-04-01,205341.45,5.00,10267.07
3187,2285,2026-05-01,191695.28,5.00,9584.76
3188,2285,2026-06-01,202296.02,5.00,10114.80
3189,2285,2026-07-01,204760.54,5.00,10238.03
3190,2285,2026-08-01,204366.02,5.00,10218.30
3191,2286,2025-09-01,239561.04,5.00,11978.05
3192,2286,2025-10-01,281426.76,5.00,14071.34
3193,2286,2025-11-01,263700.87,5.00,13185.04
3194,2286,2025-12-01,257742.13,5.00,12887.11
3195,2286,2026-01-01,250260.36,5.00,12513.02
3196,2286,2026-02-01,270912.49,5.00,13545.62
3197,2286,2026-03-01,251250.58,5.00,12562.53
3198,2286,2026-04-01,236869.94,5.00,11843.50
3199,2286,2026-05-01,274482.11,5.00,13724.11
3200,2286,2026-06-01,221745.22,5.00,11087.26
3201,2286,2026-07-01,248651.75,5.00,12432.59
3202,2286,2026-08-01,257002.06,5.00,12850.10
3203,2288,2025-09-01,347596.03,5.00,17379.80
3204,2288,2025-10-01,325939.83,5.00,16296.99
3205,2288,2025-11-01,361079.84,5.00,18053.99
3206,2288,2025-12-01,353970.95,5.00,17698.55
3207,2288,2026-01-01,340247.68,5.00,17012.38
3208,2288,2026-02-01,335475.45,5.00,16773.77
3209,2288,2026-03-01,363750.57,5.00,18187.53
3210,2288,2026-04-01,357732.67,5.00,17886.63
3211,2288,2026-05-01,335423.47,5.00,16771.17
3212,2288,2026-06-01,316634.97,5.00,15831.75
3213,2288,2026-07-01,325391.75,5.00,16269.59
3214,2288,2026-08-01,366141.89,5.00,18307.09
3215,2293,2025-09-01,398198.71,5.00,19909.94
3216,2293,2025-10-01,436889.42,5.00,21844.47
3217,2293,2025-11-01,355985.07,5.00,17799.25
3218,2293,2025-12-01,400054.75,5.00,20002.74
3219,2293,2026-01-01,390506.70,5.00,19525.34
3220,2293,2026-02-01,349391.76,5.00,17469.59
3221,2293,2026-03-01,398368.26,5.00,19918.41
3222,2293,2026-04-01,426708.18,5.00,21335.41
3223,2293,2026-05-01,313928.94,5.00,15696.45
3224,2293,2026-06-01,377803.08,5.00,18890.15
3225,2293,2026-07-01,422661.13,5.00,21133.06
3226,2293,2026-08-01,403122.18,5.00,20156.11
3227,2294,2025-09-01,348409.03,5.00,17420.45
3228,2294,2025-10-01,335751.51,5.00,16787.58
3229,2294,2025-11-01,350759.94,5.00,17538.00
3230,2294,2025-12-01,325659.26,5.00,16282.96
3231,2294,2026-01-01,376827.32,5.00,18841.37
3232,2294,2026-02-01,372232.41,5.00,18611.62
3233,2294,2026-03-01,336913.20,5.00,16845.66
3234,2294,2026-04-01,327161.10,5.00,16358.06
3235,2294,2026-05-01,327787.88,5.00,16389.39
3236,2294,2026-06-01,331385.47,5.00,16569.27
3237,2294,2026-07-01,348496.73,5.00,17424.84
3238,2294,2026-08-01,322258.13,5.00,16112.91
3239,2296,2025-09-01,158422.59,5.00,7921.13
3240,2296,2025-10-01,153719.58,5.00,7685.98
3241,2296,2025-11-01,174195.95,5.00,8709.80
3242,2296,2025-12-01,166916.92,5.00,8345.85
3243,2296,2026-01-01,157747.25,5.00,7887.36
3244,2296,2026-02-01,174086.11,5.00,8704.31
3245,2296,2026-03-01,164563.23,5.00,8228.16
3246,2296,2026-04-01,170789.75,5.00,8539.49
3247,2296,2026-05-01,155028.32,5.00,7751.42
3248,2296,2026-06-01,157570.41,5.00,7878.52
3249,2296,2026-07-01,162284.73,5.00,8114.24
3250,2296,2026-08-01,160191.61,5.00,8009.58
3251,2306,2025-09-01,235893.36,5.00,11794.67
3252,2306,2025-10-01,251176.29,5.00,12558.81
3253,2306,2025-11-01,224079.81,5.00,11203.99
3254,2306,2025-12-01,207780.94,5.00,10389.05
3255,2306,2026-01-01,243284.61,5.00,12164.23
3256,2306,2026-02-01,253924.92,5.00,12696.25
3257,2306,2026-03-01,225520.32,5.00,11276.02
3258,2306,2026-04-01,243745.75,5.00,12187.29
3259,2306,2026-05-01,205285.10,5.00,10264.26
3260,2306,2026-06-01,255492.92,5.00,12774.65
3261,2306,2026-07-01,257508.47,5.00,12875.42
3262,2306,2026-08-01,238089.33,5.00,11904.47
3263,2307,2026-04-01,180240.44,5.00,9012.02
3264,2307,2026-05-01,179174.17,5.00,8958.71
3265,2307,2026-06-01,203471.96,5.00,10173.60
3266,2307,2026-07-01,195083.01,5.00,9754.15
3267,2307,2026-08-01,185114.32,5.00,9255.72
3268,2310,2025-09-01,211367.65,5.00,10568.38
3269,2310,2025-10-01,209342.69,5.00,10467.13
3270,2310,2025-11-01,195122.28,5.00,9756.11
3271,2310,2025-12-01,202010.78,5.00,10100.54
3272,2310,2026-01-01,180281.19,5.00,9014.06
3273,2310,2026-02-01,210375.53,5.00,10518.78
3274,2310,2026-03-01,216052.15,5.00,10802.61
3275,2310,2026-04-01,207701.63,5.00,10385.08
3276,2310,2026-05-01,194694.51,5.00,9734.73
3277,2310,2026-06-01,190072.54,5.00,9503.63
3278,2310,2026-07-01,199106.68,5.00,9955.33
3279,2310,2026-08-01,198814.12,5.00,9940.71
3280,2313,2025-09-01,157563.98,5.00,7878.20
3281,2313,2025-10-01,147113.62,5.00,7355.68
3282,2313,2025-11-01,148409.58,5.00,7420.48
3283,2313,2025-12-01,174799.13,5.00,8739.96
3284,2313,2026-01-01,160126.93,5.00,8006.35
3285,2313,2026-02-01,146776.28,5.00,7338.81
3286,2313,2026-03-01,145871.15,5.00,7293.56
3287,2313,2026-04-01,183829.93,5.00,9191.50
3288,2313,2026-05-01,149994.87,5.00,7499.74
3289,2313,2026-06-01,140380.56,5.00,7019.03
3290,2313,2026-07-01,170653.46,5.00,8532.67
3291,2313,2026-08-01,155088.05,5.00,7754.40
3292,2314,2025-09-01,352865.28,5.00,17643.26
3293,2314,2025-10-01,356761.56,5.00,17838.08
3294,2314,2025-11-01,341116.05,5.00,17055.80
3295,2314,2025-12-01,351650.77,5.00,17582.54
3296,2314,2026-01-01,361760.81,5.00,18088.04
3297,2314,2026-02-01,366522.54,5.00,18326.13
3298,2314,2026-03-01,330698.85,5.00,16534.94
3299,2314,2026-04-01,365922.17,5.00,18296.11
3300,2314,2026-05-01,369261.94,5.00,18463.10
3301,2314,2026-06-01,348018.18,5.00,17400.91
3302,2314,2026-07-01,329243.93,5.00,16462.20
3303,2314,2026-08-01,332441.24,5.00,16622.06
3304,2324,2025-09-01,308302.48,5.00,15415.12
3305,2324,2025-10-01,283317.95,5.00,14165.90
3306,2324,2025-11-01,341365.55,5.00,17068.28
3307,2324,2025-12-01,336766.63,5.00,16838.33
3308,2324,2026-01-01,301581.50,5.00,15079.08
3309,2324,2026-02-01,289229.70,5.00,14461.49
3310,2324,2026-03-01,258557.73,5.00,12927.89
3311,2324,2026-04-01,293716.61,5.00,14685.83
3312,2324,2026-05-01,281039.98,5.00,14052.00
3313,2324,2026-06-01,341621.05,5.00,17081.05
3314,2324,2026-07-01,326547.51,5.00,16327.38
3315,2324,2026-08-01,351107.41,5.00,17555.37
3316,2325,2025-09-01,287854.33,5.00,14392.72
3317,2325,2025-10-01,292428.66,5.00,14621.43
3318,2325,2025-11-01,287440.70,5.00,14372.04
3319,2325,2025-12-01,253767.87,5.00,12688.39
3320,2325,2026-01-01,252462.25,5.00,12623.11
3321,2325,2026-02-01,282402.88,5.00,14120.14
3322,2325,2026-03-01,268092.30,5.00,13404.62
3323,2325,2026-04-01,256087.56,5.00,12804.38
3324,2325,2026-05-01,269730.26,5.00,13486.51
3325,2325,2026-06-01,257909.97,5.00,12895.50
3326,2325,2026-07-01,251414.90,5.00,12570.75
3327,2325,2026-08-01,256136.61,5.00,12806.83
3328,2326,2025-09-01,184118.44,5.00,9205.92
3329,2326,2025-10-01,168725.70,5.00,8436.29
3330,2326,2025-11-01,190930.58,5.00,9546.53
3331,2326,2025-12-01,177089.00,5.00,8854.45
3332,2326,2026-01-01,164704.15,5.00,8235.21
3333,2326,2026-02-01,188566.98,5.00,9428.35
3334,2326,2026-03-01,212745.60,5.00,10637.28
3335,2326,2026-04-01,219195.95,5.00,10959.80
3336,2326,2026-05-01,189185.05,5.00,9459.25
3337,2326,2026-06-01,195467.31,5.00,9773.37
3338,2326,2026-07-01,174398.55,5.00,8719.93
3339,2326,2026-08-01,190649.51,5.00,9532.48
3340,2334,2025-09-01,308123.12,5.00,15406.16
3341,2334,2025-10-01,287418.99,5.00,14370.95
3342,2334,2025-11-01,325347.64,5.00,16267.38
3343,2334,2025-12-01,366664.62,5.00,18333.23
3344,2334,2026-01-01,348140.21,5.00,17407.01
3345,2334,2026-02-01,322695.74,5.00,16134.79
3346,2334,2026-03-01,303841.69,5.00,15192.08
3347,2334,2026-04-01,353049.93,5.00,17652.50
3348,2334,2026-05-01,327654.21,5.00,16382.71
3349,2334,2026-06-01,323082.53,5.00,16154.13
3350,2334,2026-07-01,297804.39,5.00,14890.22
3351,2334,2026-08-01,328589.80,5.00,16429.49
3352,2340,2026-06-01,92542.67,5.00,4627.13
3353,2340,2026-07-01,111639.91,5.00,5582.00
3354,2340,2026-08-01,107916.28,5.00,5395.81
3355,2351,2025-09-01,285127.75,5.00,14256.39
3356,2351,2025-10-01,302428.20,5.00,15121.41
3357,2351,2025-11-01,261547.58,5.00,13077.38
3358,2351,2025-12-01,264466.71,5.00,13223.34
3359,2351,2026-01-01,289769.88,5.00,14488.49
3360,2351,2026-02-01,302777.46,5.00,15138.87
3361,2351,2026-03-01,295321.44,5.00,14766.07
3362,2351,2026-04-01,262374.56,5.00,13118.73
3363,2351,2026-05-01,280774.17,5.00,14038.71
3364,2351,2026-06-01,265081.24,5.00,13254.06
3365,2351,2026-07-01,287629.98,5.00,14381.50
3366,2351,2026-08-01,272920.36,5.00,13646.02
3367,2358,2025-09-01,89192.45,5.00,4459.62
3368,2358,2025-10-01,115999.85,5.00,5799.99
3369,2358,2025-11-01,105680.18,5.00,5284.01
3370,2358,2025-12-01,102962.96,5.00,5148.15
3371,2358,2026-01-01,92935.09,5.00,4646.75
3372,2358,2026-02-01,114900.76,5.00,5745.04
3373,2358,2026-03-01,120277.94,5.00,6013.90
3374,2358,2026-04-01,102011.39,5.00,5100.57
3375,2358,2026-05-01,98186.07,5.00,4909.30
3376,2358,2026-06-01,118399.21,5.00,5919.96
3377,2358,2026-07-01,120049.78,5.00,6002.49
3378,2358,2026-08-01,108701.65,5.00,5435.08
3379,2368,2026-01-01,231410.12,5.00,11570.51
3380,2368,2026-02-01,219524.48,5.00,10976.22
3381,2368,2026-03-01,245607.96,5.00,12280.40
3382,2368,2026-04-01,207967.27,5.00,10398.36
3383,2368,2026-05-01,222590.43,5.00,11129.52
3384,2368,2026-06-01,207469.84,5.00,10373.49
3385,2368,2026-07-01,242511.11,5.00,12125.56
3386,2368,2026-08-01,247337.95,5.00,12366.90
3387,2369,2025-09-01,171226.65,5.00,8561.33
3388,2369,2025-10-01,167476.74,5.00,8373.84
3389,2369,2025-11-01,183009.39,5.00,9150.47
3390,2369,2025-12-01,187544.26,5.00,9377.21
3391,2369,2026-01-01,188891.81,5.00,9444.59
3392,2369,2026-02-01,166416.47,5.00,8320.82
3393,2369,2026-03-01,159562.31,5.00,7978.12
3394,2369,2026-04-01,184502.00,5.00,9225.10
3395,2369,2026-05-01,187471.14,5.00,9373.56
3396,2369,2026-06-01,179993.90,5.00,8999.70
3397,2369,2026-07-01,179053.06,5.00,8952.65
3398,2369,2026-08-01,182905.04,5.00,9145.25
3399,2378,2025-09-01,333752.30,5.00,16687.62
3400,2378,2025-10-01,378107.15,5.00,18905.36
3401,2378,2025-11-01,277642.64,5.00,13882.13
3402,2378,2025-12-01,351712.03,5.00,17585.60
3403,2378,2026-01-01,332933.90,5.00,16646.70
3404,2378,2026-02-01,321464.76,5.00,16073.24
3405,2378,2026-03-01,302973.15,5.00,15148.66
3406,2378,2026-04-01,329904.97,5.00,16495.25
3407,2378,2026-05-01,303722.12,5.00,15186.11
3408,2378,2026-06-01,353834.27,5.00,17691.71
3409,2378,2026-07-01,343413.84,5.00,17170.69
3410,2378,2026-08-01,369998.88,5.00,18499.94
3411,2388,2025-09-01,316317.97,5.00,15815.90
3412,2388,2025-10-01,319533.76,5.00,15976.69
3413,2388,2025-11-01,307976.79,5.00,15398.84
3414,2388,2025-12-01,318942.89,5.00,15947.14
3415,2388,2026-01-01,305853.79,5.00,15292.69
3416,2388,2026-02-01,302818.99,5.00,15140.95
3417,2388,2026-03-01,288874.53,5.00,14443.73
3418,2388,2026-04-01,287289.24,5.00,14364.46
3419,2388,2026-05-01,310868.93,5.00,15543.45
3420,2388,2026-06-01,319532.10,5.00,15976.61
3421,2388,2026-07-01,339225.69,5.00,16961.28
3422,2388,2026-08-01,280236.15,5.00,14011.81
3423,2389,2025-09-01,225292.10,5.00,11264.61
3424,2389,2025-10-01,274983.41,5.00,13749.17
3425,2389,2025-11-01,297526.37,5.00,14876.32
3426,2389,2025-12-01,298927.59,5.00,14946.38
3427,2389,2026-01-01,280132.54,5.00,14006.63
3428,2389,2026-02-01,280535.89,5.00,14026.79
3429,2389,2026-03-01,327224.75,5.00,16361.24
3430,2389,2026-04-01,284291.18,5.00,14214.56
3431,2389,2026-05-01,297648.28,5.00,14882.41
3432,2389,2026-06-01,282899.01,5.00,14144.95
3433,2389,2026-07-01,292172.08,5.00,14608.60
3434,2389,2026-08-01,299827.13,5.00,14991.36
3435,2404,2025-09-01,313613.22,5.00,15680.66
3436,2404,2025-10-01,347197.50,5.00,17359.88
3437,2404,2025-11-01,367755.79,5.00,18387.79
3438,2404,2025-12-01,352841.42,5.00,17642.07
3439,2404,2026-01-01,308534.63,5.00,15426.73
3440,2404,2026-02-01,331515.31,5.00,16575.77
3441,2404,2026-03-01,300835.18,5.00,15041.76
3442,2404,2026-04-01,328643.11,5.00,16432.16
3443,2404,2026-05-01,324101.00,5.00,16205.05
3444,2404,2026-06-01,340043.33,5.00,17002.17
3445,2404,2026-07-01,290759.60,5.00,14537.98
3446,2404,2026-08-01,344181.78,5.00,17209.09
3447,2406,2026-07-01,95259.71,5.00,4762.99
3448,2406,2026-08-01,91716.07,5.00,4585.80
3449,2411,2025-09-01,264672.42,5.00,13233.62
3450,2411,2025-10-01,288371.21,5.00,14418.56
3451,2411,2025-11-01,287611.84,5.00,14380.59
3452,2411,2025-12-01,289829.15,5.00,14491.46
3453,2411,2026-01-01,277952.67,5.00,13897.63
3454,2411,2026-02-01,274335.01,5.00,13716.75
3455,2411,2026-03-01,289160.22,5.00,14458.01
3456,2411,2026-04-01,269933.85,5.00,13496.69
3457,2411,2026-05-01,287341.32,5.00,14367.07
3458,2411,2026-06-01,264939.34,5.00,13246.97
3459,2411,2026-07-01,274801.29,5.00,13740.06
3460,2411,2026-08-01,265801.87,5.00,13290.09
3461,2426,2025-09-01,191623.50,5.00,9581.18
3462,2426,2025-10-01,169614.04,5.00,8480.70
3463,2426,2025-11-01,176473.89,5.00,8823.69
3464,2426,2025-12-01,168975.60,5.00,8448.78
3465,2426,2026-01-01,175300.02,5.00,8765.00
3466,2426,2026-02-01,198430.87,5.00,9921.54
3467,2426,2026-03-01,209014.72,5.00,10450.74
3468,2426,2026-04-01,180739.55,5.00,9036.98
3469,2426,2026-05-01,212500.58,5.00,10625.03
3470,2426,2026-06-01,187859.12,5.00,9392.96
3471,2426,2026-07-01,184143.65,5.00,9207.18
3472,2426,2026-08-01,180138.26,5.00,9006.91
3473,2439,2025-09-01,230368.40,5.00,11518.42
3474,2439,2025-10-01,228646.72,5.00,11432.34
3475,2439,2025-11-01,231494.31,5.00,11574.72
3476,2439,2025-12-01,193610.25,5.00,9680.51
3477,2439,2026-01-01,211961.08,5.00,10598.05
3478,2439,2026-02-01,205929.36,5.00,10296.47
3479,2439,2026-03-01,270691.40,5.00,13534.57
3480,2439,2026-04-01,205771.64,5.00,10288.58
3481,2439,2026-05-01,214786.98,5.00,10739.35
3482,2439,2026-06-01,244103.48,5.00,12205.17
3483,2439,2026-07-01,219882.98,5.00,10994.15
3484,2439,2026-08-01,256098.60,5.00,12804.93
3485,2447,2025-09-01,347030.83,5.00,17351.54
3486,2447,2025-10-01,353061.67,5.00,17653.08
3487,2447,2025-11-01,289721.99,5.00,14486.10
3488,2447,2025-12-01,286344.67,5.00,14317.23
3489,2447,2026-01-01,335572.31,5.00,16778.62
3490,2447,2026-02-01,314133.57,5.00,15706.68
3491,2447,2026-03-01,332577.53,5.00,16628.88
3492,2447,2026-04-01,347883.90,5.00,17394.20
3493,2447,2026-05-01,354280.63,5.00,17714.03
3494,2447,2026-06-01,272806.80,5.00,13640.34
3495,2447,2026-07-01,309513.85,5.00,15475.69
3496,2447,2026-08-01,277276.81,5.00,13863.84
3497,2453,2025-09-01,252347.19,5.00,12617.36
3498,2453,2025-10-01,304464.78,5.00,15223.24
3499,2453,2025-11-01,270159.26,5.00,13507.96
3500,2453,2025-12-01,291134.95,5.00,14556.75
3501,2453,2026-01-01,271545.42,5.00,13577.27
3502,2453,2026-02-01,307788.84,5.00,15389.44
3503,2453,2026-03-01,265373.88,5.00,13268.69
3504,2453,2026-04-01,273822.65,5.00,13691.13
3505,2453,2026-05-01,294210.61,5.00,14710.53
3506,2453,2026-06-01,267002.62,5.00,13350.13
3507,2453,2026-07-01,298155.61,5.00,14907.78
3508,2453,2026-08-01,250233.78,5.00,12511.69
3509,2454,2025-09-01,193740.55,5.00,9687.03
3510,2454,2025-10-01,172707.38,5.00,8635.37
3511,2454,2025-11-01,185249.32,5.00,9262.47
3512,2454,2025-12-01,208170.13,5.00,10408.51
3513,2454,2026-01-01,181541.98,5.00,9077.10
3514,2454,2026-02-01,180259.60,5.00,9012.98
3515,2454,2026-03-01,201793.79,5.00,10089.69
3516,2454,2026-04-01,192765.13,5.00,9638.26
3517,2454,2026-05-01,190317.05,5.00,9515.85
3518,2454,2026-06-01,194479.26,5.00,9723.96
3519,2454,2026-07-01,174076.96,5.00,8703.85
3520,2454,2026-08-01,197674.60,5.00,9883.73
3521,2457,2025-09-01,143738.75,5.00,7186.94
3522,2457,2025-10-01,166948.57,5.00,8347.43
3523,2457,2025-11-01,167446.07,5.00,8372.30
3524,2457,2025-12-01,144039.75,5.00,7201.99
3525,2457,2026-01-01,168466.56,5.00,8423.33
3526,2457,2026-02-01,166259.23,5.00,8312.96
3527,2457,2026-03-01,160267.20,5.00,8013.36
3528,2457,2026-04-01,162089.05,5.00,8104.45
3529,2457,2026-05-01,155947.25,5.00,7797.36
3530,2457,2026-06-01,154292.14,5.00,7714.61
3531,2457,2026-07-01,143918.21,5.00,7195.91
3532,2457,2026-08-01,156089.57,5.00,7804.48
3533,2458,2025-09-01,310024.75,5.00,15501.24
3534,2458,2025-10-01,344515.97,5.00,17225.80
3535,2458,2025-11-01,332983.67,5.00,16649.18
3536,2458,2025-12-01,305571.02,5.00,15278.55
3537,2458,2026-01-01,347391.38,5.00,17369.57
3538,2458,2026-02-01,325126.73,5.00,16256.34
3539,2458,2026-03-01,336767.71,5.00,16838.39
3540,2458,2026-04-01,349664.81,5.00,17483.24
3541,2458,2026-05-01,312882.71,5.00,15644.14
3542,2458,2026-06-01,317596.95,5.00,15879.85
3543,2458,2026-07-01,322666.15,5.00,16133.31
3544,2458,2026-08-01,303122.28,5.00,15156.11
3545,2463,2026-07-01,184145.66,5.00,9207.28
3546,2463,2026-08-01,191258.58,5.00,9562.93
3547,2476,2025-09-01,254239.95,5.00,12712.00
3548,2476,2025-10-01,256684.39,5.00,12834.22
3549,2476,2025-11-01,230556.55,5.00,11527.83
3550,2476,2025-12-01,236864.20,5.00,11843.21
3551,2476,2026-01-01,244892.62,5.00,12244.63
3552,2476,2026-02-01,254498.41,5.00,12724.92
3553,2476,2026-03-01,239670.32,5.00,11983.52
3554,2476,2026-04-01,270777.27,5.00,13538.86
3555,2476,2026-05-01,247506.23,5.00,12375.31
3556,2476,2026-06-01,254526.51,5.00,12726.33
3557,2476,2026-07-01,257181.39,5.00,12859.07
3558,2476,2026-08-01,271139.04,5.00,13556.95
3559,2479,2025-09-01,197584.36,5.00,9879.22
3560,2479,2025-10-01,203632.61,5.00,10181.63
3561,2479,2025-11-01,166815.11,5.00,8340.76
3562,2479,2025-12-01,174424.43,5.00,8721.22
3563,2479,2026-01-01,181698.39,5.00,9084.92
3564,2479,2026-02-01,202186.63,5.00,10109.33
3565,2479,2026-03-01,202466.08,5.00,10123.30
3566,2479,2026-04-01,178489.67,5.00,8924.48
3567,2479,2026-05-01,204362.51,5.00,10218.13
3568,2479,2026-06-01,178103.47,5.00,8905.17
3569,2479,2026-07-01,199501.50,5.00,9975.08
3570,2479,2026-08-01,177647.61,5.00,8882.38
3571,2481,2025-09-01,235811.20,5.00,11790.56
3572,2481,2025-10-01,260860.22,5.00,13043.01
3573,2481,2025-11-01,289106.31,5.00,14455.32
3574,2481,2025-12-01,268174.39,5.00,13408.72
3575,2481,2026-01-01,239967.33,5.00,11998.37
3576,2481,2026-02-01,263064.53,5.00,13153.23
3577,2481,2026-03-01,215719.44,5.00,10785.97
3578,2481,2026-04-01,244170.41,5.00,12208.52
3579,2481,2026-05-01,260211.63,5.00,13010.58
3580,2481,2026-06-01,266362.15,5.00,13318.11
3581,2481,2026-07-01,268229.40,5.00,13411.47
3582,2481,2026-08-01,307028.78,5.00,15351.44
3583,2486,2025-09-01,268423.15,5.00,13421.16
3584,2486,2025-10-01,300513.39,5.00,15025.67
3585,2486,2025-11-01,307257.59,5.00,15362.88
3586,2486,2025-12-01,312241.43,5.00,15612.07
3587,2486,2026-01-01,274937.08,5.00,13746.85
3588,2486,2026-02-01,270766.76,5.00,13538.34
3589,2486,2026-03-01,300777.31,5.00,15038.87
3590,2486,2026-04-01,272305.39,5.00,13615.27
3591,2486,2026-05-01,288945.62,5.00,14447.28
3592,2486,2026-06-01,270891.33,5.00,13544.57
3593,2486,2026-07-01,282259.20,5.00,14112.96
3594,2486,2026-08-01,309652.54,5.00,15482.63
3595,2494,2025-09-01,206182.67,5.00,10309.13
3596,2494,2025-10-01,206460.79,5.00,10323.04
3597,2494,2025-11-01,180378.83,5.00,9018.94
3598,2494,2025-12-01,191390.01,5.00,9569.50
3599,2494,2026-01-01,198480.38,5.00,9924.02
3600,2494,2026-02-01,199843.15,5.00,9992.16
3601,2494,2026-03-01,171253.90,5.00,8562.70
3602,2494,2026-04-01,201063.07,5.00,10053.15
3603,2494,2026-05-01,184348.92,5.00,9217.45
3604,2494,2026-06-01,194124.66,5.00,9706.23
3605,2494,2026-07-01,193753.42,5.00,9687.67
3606,2494,2026-08-01,210709.76,5.00,10535.49
3607,2496,2025-09-01,389181.79,5.00,19459.09
3608,2496,2025-10-01,401253.11,5.00,20062.66
3609,2496,2025-11-01,379533.36,5.00,18976.67
3610,2496,2025-12-01,408785.17,5.00,20439.26
3611,2496,2026-01-01,372234.50,5.00,18611.73
3612,2496,2026-02-01,371411.11,5.00,18570.56
3613,2496,2026-03-01,340175.33,5.00,17008.77
3614,2496,2026-04-01,414135.66,5.00,20706.78
3615,2496,2026-05-01,349567.85,5.00,17478.39
3616,2496,2026-06-01,371589.19,5.00,18579.46
3617,2496,2026-07-01,394710.38,5.00,19735.52
3618,2496,2026-08-01,388028.77,5.00,19401.44
3619,2509,2025-09-01,230073.10,5.00,11503.66
3620,2509,2025-10-01,240105.87,5.00,12005.29
3621,2509,2025-11-01,225665.44,5.00,11283.27
3622,2509,2025-12-01,219231.06,5.00,10961.55
3623,2509,2026-01-01,192094.49,5.00,9604.72
3624,2509,2026-02-01,210218.53,5.00,10510.93
3625,2509,2026-03-01,232872.92,5.00,11643.65
3626,2509,2026-04-01,219419.75,5.00,10970.99
3627,2509,2026-05-01,212303.45,5.00,10615.17
3628,2509,2026-06-01,204154.98,5.00,10207.75
3629,2514,2025-09-01,281159.68,5.00,14057.98
3630,2514,2025-10-01,291214.32,5.00,14560.72
3631,2514,2025-11-01,298610.06,5.00,14930.50
3632,2514,2025-12-01,291523.94,5.00,14576.20
3633,2514,2026-01-01,284633.10,5.00,14231.66
3634,2514,2026-02-01,313457.00,5.00,15672.85
3635,2514,2026-03-01,328736.21,5.00,16436.81
3636,2514,2026-04-01,272678.05,5.00,13633.90
3637,2514,2026-05-01,250522.15,5.00,12526.11
3638,2514,2026-06-01,279036.78,5.00,13951.84
3639,2514,2026-07-01,299784.86,5.00,14989.24
3640,2514,2026-08-01,300765.37,5.00,15038.27
3641,2515,2025-09-01,291943.91,5.00,14597.20
3642,2515,2025-10-01,304493.95,5.00,15224.70
3643,2515,2025-11-01,310363.14,5.00,15518.16
3644,2515,2025-12-01,367469.51,5.00,18373.48
3645,2515,2026-01-01,319165.03,5.00,15958.25
3646,2515,2026-02-01,305313.19,5.00,15265.66
3647,2515,2026-03-01,286931.47,5.00,14346.57
3648,2515,2026-04-01,322163.29,5.00,16108.16
3649,2515,2026-05-01,304954.70,5.00,15247.74
3650,2515,2026-06-01,300927.58,5.00,15046.38
3651,2515,2026-07-01,332878.59,5.00,16643.93
3652,2515,2026-08-01,309749.32,5.00,15487.47
3653,2536,2025-10-01,202402.86,5.00,10120.14
3654,2536,2025-11-01,186595.77,5.00,9329.79
3655,2536,2025-12-01,171151.04,5.00,8557.55
3656,2536,2026-01-01,187482.37,5.00,9374.12
3657,2536,2026-02-01,195964.39,5.00,9798.22
3658,2536,2026-03-01,187326.64,5.00,9366.33
3659,2536,2026-04-01,145472.38,5.00,7273.62
3660,2536,2026-05-01,177009.32,5.00,8850.47
3661,2536,2026-06-01,177034.33,5.00,8851.72
3662,2536,2026-07-01,168784.97,5.00,8439.25
3663,2536,2026-08-01,185400.90,5.00,9270.05
3664,2544,2025-09-01,231458.41,5.00,11572.92
3665,2544,2025-10-01,213728.74,5.00,10686.44
3666,2544,2025-11-01,196005.70,5.00,9800.29
3667,2544,2025-12-01,222682.09,5.00,11134.10
3668,2544,2026-01-01,222447.18,5.00,11122.36
3669,2544,2026-02-01,228922.00,5.00,11446.10
3670,2544,2026-03-01,239527.81,5.00,11976.39
3671,2544,2026-04-01,229862.81,5.00,11493.14
3672,2544,2026-05-01,210824.20,5.00,10541.21
3673,2544,2026-06-01,230001.01,5.00,11500.05
3674,2544,2026-07-01,219371.60,5.00,10968.58
3675,2544,2026-08-01,198926.27,5.00,9946.31
3676,2567,2025-09-01,252360.00,5.00,12618.00
3677,2567,2025-10-01,253034.92,5.00,12651.75
3678,2567,2025-11-01,224113.98,5.00,11205.70
3679,2567,2025-12-01,281940.06,5.00,14097.00
3680,2567,2026-01-01,264204.10,5.00,13210.21
3681,2567,2026-02-01,248875.67,5.00,12443.78
3682,2567,2026-03-01,275528.80,5.00,13776.44
3683,2567,2026-04-01,247056.24,5.00,12352.81
3684,2567,2026-05-01,260613.13,5.00,13030.66
3685,2567,2026-06-01,282999.96,5.00,14150.00
3686,2567,2026-07-01,262192.19,5.00,13109.61
3687,2567,2026-08-01,276657.94,5.00,13832.90
3688,2568,2025-09-01,225349.06,5.00,11267.45
3689,2568,2025-10-01,182626.01,5.00,9131.30
3690,2568,2025-11-01,219391.03,5.00,10969.55
3691,2568,2025-12-01,204718.64,5.00,10235.93
3692,2568,2026-01-01,216785.96,5.00,10839.30
3693,2568,2026-02-01,201250.69,5.00,10062.53
3694,2568,2026-03-01,182608.81,5.00,9130.44
3695,2568,2026-04-01,217340.32,5.00,10867.02
3696,2568,2026-05-01,194268.03,5.00,9713.40
3697,2568,2026-06-01,214636.97,5.00,10731.85
3698,2568,2026-07-01,187191.97,5.00,9359.60
3699,2568,2026-08-01,188703.16,5.00,9435.16
3700,2569,2025-09-01,341273.41,5.00,17063.67
3701,2569,2025-10-01,318081.62,5.00,15904.08
3702,2569,2025-11-01,363357.50,5.00,18167.88
3703,2569,2025-12-01,344638.78,5.00,17231.94
3704,2569,2026-01-01,348077.77,5.00,17403.89
3705,2569,2026-02-01,314828.90,5.00,15741.45
3706,2569,2026-03-01,376224.68,5.00,18811.23
3707,2569,2026-04-01,307928.55,5.00,15396.43
3708,2569,2026-05-01,349460.63,5.00,17473.03
3709,2569,2026-06-01,325102.66,5.00,16255.13
3710,2569,2026-07-01,301913.45,5.00,15095.67
3711,2569,2026-08-01,328074.84,5.00,16403.74
3712,2571,2025-09-01,188735.48,5.00,9436.77
3713,2571,2025-10-01,177041.97,5.00,8852.10
3714,2571,2025-11-01,134175.59,5.00,6708.78
3715,2571,2025-12-01,174302.72,5.00,8715.14
3716,2571,2026-01-01,179128.51,5.00,8956.43
3717,2571,2026-02-01,186179.33,5.00,9308.97
3718,2571,2026-03-01,190138.10,5.00,9506.91
3719,2571,2026-04-01,176300.25,5.00,8815.01
3720,2571,2026-05-01,166997.47,5.00,8349.87
3721,2571,2026-06-01,166460.96,5.00,8323.05
3722,2571,2026-07-01,182424.32,5.00,9121.22
3723,2571,2026-08-01,188625.85,5.00,9431.29
3724,2615,2025-09-01,323514.20,5.00,16175.71
3725,2615,2025-10-01,296082.94,5.00,14804.15
3726,2615,2025-11-01,305621.12,5.00,15281.06
3727,2615,2025-12-01,309110.35,5.00,15455.52
3728,2615,2026-01-01,284057.96,5.00,14202.90
3729,2615,2026-02-01,298988.41,5.00,14949.42
3730,2615,2026-03-01,280907.17,5.00,14045.36
3731,2615,2026-04-01,274657.44,5.00,13732.87
3732,2615,2026-05-01,252518.66,5.00,12625.93
3733,2615,2026-06-01,291034.64,5.00,14551.73
3734,2615,2026-07-01,257722.15,5.00,12886.11
3735,2615,2026-08-01,275195.92,5.00,13759.80
3736,2616,2025-09-01,297048.49,5.00,14852.42
3737,2616,2025-10-01,284824.70,5.00,14241.24
3738,2616,2025-11-01,337258.43,5.00,16862.92
3739,2616,2025-12-01,302025.39,5.00,15101.27
3740,2616,2026-01-01,338587.46,5.00,16929.37
3741,2616,2026-02-01,313537.79,5.00,15676.89
3742,2616,2026-03-01,384933.97,5.00,19246.70
3743,2616,2026-04-01,348013.23,5.00,17400.66
3744,2616,2026-05-01,321255.92,5.00,16062.80
3745,2616,2026-06-01,328604.80,5.00,16430.24
3746,2616,2026-07-01,264402.67,5.00,13220.13
3747,2616,2026-08-01,334090.81,5.00,16704.54
3748,2622,2025-09-01,201845.00,5.00,10092.25
3749,2622,2025-10-01,201179.21,5.00,10058.96
3750,2622,2025-11-01,202035.97,5.00,10101.80
3751,2622,2025-12-01,182244.05,5.00,9112.20
3752,2622,2026-01-01,191158.06,5.00,9557.90
3753,2622,2026-02-01,209509.47,5.00,10475.47
3754,2622,2026-03-01,202902.09,5.00,10145.10
3755,2622,2026-04-01,203536.77,5.00,10176.84
3756,2622,2026-05-01,216103.91,5.00,10805.20
3757,2622,2026-06-01,224943.03,5.00,11247.15
3758,2622,2026-07-01,199265.51,5.00,9963.28
3759,2622,2026-08-01,219862.60,5.00,10993.13
3760,2635,2025-09-01,371550.10,5.00,18577.51
3761,2635,2025-10-01,378031.31,5.00,18901.57
3762,2635,2025-11-01,352451.67,5.00,17622.58
3763,2635,2025-12-01,315874.20,5.00,15793.71
3764,2635,2026-01-01,341336.00,5.00,17066.80
3765,2635,2026-02-01,328466.73,5.00,16423.34
3766,2635,2026-03-01,321434.59,5.00,16071.73
3767,2635,2026-04-01,361161.05,5.00,18058.05
3768,2635,2026-05-01,341160.74,5.00,17058.04
3769,2635,2026-06-01,370520.13,5.00,18526.01
3770,2635,2026-07-01,312551.84,5.00,15627.59
3771,2635,2026-08-01,360122.52,5.00,18006.13
3772,2645,2025-09-01,219624.10,5.00,10981.21
3773,2645,2025-10-01,208631.18,5.00,10431.56
3774,2645,2025-11-01,219102.86,5.00,10955.14
3775,2645,2025-12-01,234564.94,5.00,11728.25
3776,2645,2026-01-01,227528.67,5.00,11376.43
3777,2645,2026-02-01,215592.91,5.00,10779.65
3778,2645,2026-03-01,203740.45,5.00,10187.02
3779,2645,2026-04-01,226215.87,5.00,11310.79
3780,2645,2026-05-01,214706.24,5.00,10735.31
3781,2645,2026-06-01,211897.55,5.00,10594.88
3782,2645,2026-07-01,198950.45,5.00,9947.52
3783,2645,2026-08-01,209234.08,5.00,10461.70
3784,2657,2025-09-01,259404.06,5.00,12970.20
3785,2657,2025-10-01,239235.48,5.00,11961.77
3786,2657,2025-11-01,248745.75,5.00,12437.29
3787,2657,2025-12-01,250847.04,5.00,12542.35
3788,2657,2026-01-01,250476.98,5.00,12523.85
3789,2657,2026-02-01,263246.96,5.00,13162.35
3790,2657,2026-03-01,252340.38,5.00,12617.02
3791,2657,2026-04-01,257106.80,5.00,12855.34
3792,2657,2026-05-01,260671.80,5.00,13033.59
3793,2657,2026-06-01,234556.40,5.00,11727.82
3794,2657,2026-07-01,273187.95,5.00,13659.40
3795,2657,2026-08-01,251061.50,5.00,12553.08
3796,2659,2025-10-01,170073.08,5.00,8503.65
3797,2659,2025-11-01,189909.37,5.00,9495.47
3798,2659,2025-12-01,164684.01,5.00,8234.20
3799,2659,2026-01-01,168004.79,5.00,8400.24
3800,2659,2026-02-01,178364.15,5.00,8918.21
3801,2659,2026-03-01,173689.33,5.00,8684.47
3802,2659,2026-04-01,188117.96,5.00,9405.90
3803,2659,2026-05-01,178619.95,5.00,8931.00
3804,2659,2026-06-01,190770.32,5.00,9538.52
3805,2659,2026-07-01,188939.72,5.00,9446.99
3806,2659,2026-08-01,188960.60,5.00,9448.03
3807,2680,2025-09-01,208816.03,5.00,10440.80
3808,2680,2025-10-01,221818.32,5.00,11090.92
3809,2680,2025-11-01,198007.21,5.00,9900.36
3810,2680,2025-12-01,174567.60,5.00,8728.38
3811,2680,2026-01-01,191859.64,5.00,9592.98
3812,2680,2026-02-01,195009.65,5.00,9750.48
3813,2680,2026-03-01,188657.85,5.00,9432.89
3814,2680,2026-04-01,193104.44,5.00,9655.22
3815,2680,2026-05-01,181887.34,5.00,9094.37
3816,2680,2026-06-01,195110.87,5.00,9755.54
3817,2680,2026-07-01,197132.01,5.00,9856.60
3818,2680,2026-08-01,201632.81,5.00,10081.64
3819,2682,2025-09-01,400826.49,5.00,20041.32
3820,2682,2025-10-01,380586.07,5.00,19029.30
3821,2682,2025-11-01,398006.09,5.00,19900.30
3822,2682,2025-12-01,471286.69,5.00,23564.33
3823,2682,2026-01-01,422677.48,5.00,21133.87
3824,2682,2026-02-01,371537.43,5.00,18576.87
3825,2682,2026-03-01,404570.05,5.00,20228.50
3826,2682,2026-04-01,380644.27,5.00,19032.21
3827,2682,2026-05-01,420828.12,5.00,21041.41
3828,2682,2026-06-01,440734.86,5.00,22036.74
3829,2682,2026-07-01,379497.93,5.00,18974.90
3830,2682,2026-08-01,404091.82,5.00,20204.59
3831,2685,2025-09-01,227024.38,5.00,11351.22
3832,2703,2025-09-01,337296.48,5.00,16864.82
3833,2703,2025-10-01,328943.20,5.00,16447.16
3834,2703,2025-11-01,346996.75,5.00,17349.84
3835,2703,2025-12-01,327955.92,5.00,16397.80
3836,2703,2026-01-01,345725.30,5.00,17286.27
3837,2703,2026-02-01,324346.14,5.00,16217.31
3838,2703,2026-03-01,330519.86,5.00,16525.99
3839,2703,2026-04-01,320544.64,5.00,16027.23
3840,2703,2026-05-01,347431.69,5.00,17371.58
3841,2703,2026-06-01,318692.48,5.00,15934.62
3842,2703,2026-07-01,308548.28,5.00,15427.41
3843,2703,2026-08-01,362751.60,5.00,18137.58
3844,2706,2025-09-01,312303.19,5.00,15615.16
3845,2706,2025-10-01,301499.22,5.00,15074.96
3846,2706,2025-11-01,339657.95,5.00,16982.90
3847,2706,2025-12-01,342547.11,5.00,17127.36
3848,2706,2026-01-01,281115.43,5.00,14055.77
3849,2706,2026-02-01,319819.34,5.00,15990.97
3850,2706,2026-03-01,327237.44,5.00,16361.87
3851,2706,2026-04-01,341229.42,5.00,17061.47
3852,2706,2026-05-01,365740.93,5.00,18287.05
3853,2706,2026-06-01,337258.76,5.00,16862.94
3854,2706,2026-07-01,340253.60,5.00,17012.68
3855,2706,2026-08-01,370266.18,5.00,18513.31
3856,2711,2025-09-01,202232.38,5.00,10111.62
3857,2711,2025-10-01,231975.17,5.00,11598.76
3858,2711,2025-11-01,251802.62,5.00,12590.13
3859,2711,2025-12-01,212191.94,5.00,10609.60
3860,2711,2026-01-01,217725.62,5.00,10886.28
3861,2711,2026-02-01,217462.18,5.00,10873.11
3862,2711,2026-03-01,247745.78,5.00,12387.29
3863,2711,2026-04-01,228509.29,5.00,11425.46
3864,2711,2026-05-01,250356.15,5.00,12517.81
3865,2711,2026-06-01,217201.61,5.00,10860.08
3866,2711,2026-07-01,249748.62,5.00,12487.43
3867,2711,2026-08-01,256920.75,5.00,12846.04
3868,2718,2025-09-01,313299.50,5.00,15664.98
3869,2718,2025-10-01,278919.99,5.00,13946.00
3870,2718,2025-11-01,270251.97,5.00,13512.60
3871,2718,2025-12-01,262579.79,5.00,13128.99
3872,2718,2026-01-01,274800.36,5.00,13740.02
3873,2718,2026-02-01,248133.39,5.00,12406.67
3874,2718,2026-03-01,282983.16,5.00,14149.16
3875,2718,2026-04-01,284667.89,5.00,14233.39
3876,2718,2026-05-01,260004.01,5.00,13000.20
3877,2718,2026-06-01,229857.61,5.00,11492.88
3878,2718,2026-07-01,278252.73,5.00,13912.64
3879,2718,2026-08-01,272061.59,5.00,13603.08
3880,2720,2025-09-01,249593.06,5.00,12479.65
3881,2720,2025-10-01,214932.17,5.00,10746.61
3882,2720,2025-11-01,240491.37,5.00,12024.57
3883,2720,2025-12-01,244760.82,5.00,12238.04
3884,2720,2026-01-01,223952.45,5.00,11197.62
3885,2720,2026-02-01,246282.33,5.00,12314.12
3886,2720,2026-03-01,213471.79,5.00,10673.59
3887,2720,2026-04-01,223686.38,5.00,11184.32
3888,2720,2026-05-01,210584.66,5.00,10529.23
3889,2720,2026-06-01,224424.50,5.00,11221.23
3890,2720,2026-07-01,209134.52,5.00,10456.73
3891,2720,2026-08-01,205874.34,5.00,10293.72
3892,2727,2025-09-01,251771.30,5.00,12588.57
3893,2727,2025-10-01,211740.41,5.00,10587.02
3894,2727,2025-11-01,244601.37,5.00,12230.07
3895,2727,2025-12-01,229754.83,5.00,11487.74
3896,2727,2026-01-01,239078.11,5.00,11953.91
3897,2727,2026-02-01,232688.31,5.00,11634.42
3898,2727,2026-03-01,212332.11,5.00,10616.61
3899,2727,2026-04-01,265824.63,5.00,13291.23
3900,2727,2026-05-01,208451.36,5.00,10422.57
3901,2727,2026-06-01,246035.14,5.00,12301.76
3902,2727,2026-07-01,221349.18,5.00,11067.46
3903,2727,2026-08-01,249855.93,5.00,12492.80
3904,2734,2025-09-01,271106.68,5.00,13555.33
3905,2734,2025-10-01,272471.95,5.00,13623.60
3906,2734,2025-11-01,307826.76,5.00,15391.34
3907,2734,2025-12-01,339471.30,5.00,16973.57
3908,2734,2026-01-01,261911.31,5.00,13095.57
3909,2734,2026-02-01,266071.16,5.00,13303.56
3910,2734,2026-03-01,304296.07,5.00,15214.80
3911,2734,2026-04-01,272256.78,5.00,13612.84
3912,2734,2026-05-01,295417.75,5.00,14770.89
3913,2734,2026-06-01,289634.22,5.00,14481.71
3914,2734,2026-07-01,278708.68,5.00,13935.43
3915,2734,2026-08-01,304386.22,5.00,15219.31
3916,2746,2025-09-01,277518.19,5.00,13875.91
3917,2746,2025-10-01,276000.19,5.00,13800.01
3918,2746,2025-11-01,271957.46,5.00,13597.87
3919,2746,2025-12-01,275015.12,5.00,13750.76
3920,2746,2026-01-01,271726.82,5.00,13586.34
3921,2746,2026-02-01,279288.98,5.00,13964.45
3922,2746,2026-03-01,253541.20,5.00,12677.06
3923,2746,2026-04-01,260159.13,5.00,13007.96
3924,2746,2026-05-01,259585.54,5.00,12979.28
3925,2746,2026-06-01,272254.28,5.00,13612.71
3926,2746,2026-07-01,281499.95,5.00,14075.00
3927,2746,2026-08-01,273503.94,5.00,13675.20
3928,2764,2025-09-01,213619.42,5.00,10680.97
3929,2764,2025-10-01,189675.71,5.00,9483.79
3930,2764,2025-11-01,224531.35,5.00,11226.57
3931,2764,2025-12-01,215569.10,5.00,10778.46
3932,2764,2026-01-01,234679.96,5.00,11734.00
3933,2764,2026-02-01,197086.17,5.00,9854.31
3934,2764,2026-03-01,218177.79,5.00,10908.89
3935,2764,2026-04-01,218094.57,5.00,10904.73
3936,2764,2026-05-01,229894.88,5.00,11494.74
3937,2764,2026-06-01,220046.54,5.00,11002.33
3938,2764,2026-07-01,207763.86,5.00,10388.19
3939,2764,2026-08-01,229501.30,5.00,11475.07
3940,2795,2025-09-01,313054.86,5.00,15652.74
3941,2795,2025-10-01,332785.35,5.00,16639.27
3942,2795,2025-11-01,330171.24,5.00,16508.56
3943,2795,2025-12-01,342818.79,5.00,17140.94
3944,2795,2026-01-01,356078.81,5.00,17803.94
3945,2795,2026-02-01,345014.55,5.00,17250.73
3946,2795,2026-03-01,334141.68,5.00,16707.08
3947,2795,2026-04-01,323863.88,5.00,16193.19
3948,2795,2026-05-01,328833.34,5.00,16441.67
3949,2795,2026-06-01,335678.46,5.00,16783.92
3950,2795,2026-07-01,370744.09,5.00,18537.20
3951,2795,2026-08-01,314134.73,5.00,15706.74
3952,2805,2025-09-01,205879.48,5.00,10293.97
3953,2805,2025-10-01,206491.92,5.00,10324.60
3954,2805,2025-11-01,231333.29,5.00,11566.66
3955,2805,2025-12-01,244292.68,5.00,12214.63
3956,2805,2026-01-01,228667.08,5.00,11433.35
3957,2805,2026-02-01,232740.89,5.00,11637.04
3958,2805,2026-03-01,221366.82,5.00,11068.34
3959,2805,2026-04-01,227607.46,5.00,11380.37
3960,2805,2026-05-01,225416.32,5.00,11270.82
3961,2805,2026-06-01,211733.52,5.00,10586.68
3962,2805,2026-07-01,214962.18,5.00,10748.11
3963,2805,2026-08-01,251714.69,5.00,12585.73
3964,2806,2025-09-01,172669.13,5.00,8633.46
3965,2806,2025-10-01,152757.66,5.00,7637.88
3966,2806,2025-11-01,156387.26,5.00,7819.36
3967,2806,2025-12-01,157352.79,5.00,7867.64
3968,2806,2026-01-01,152199.06,5.00,7609.95
3969,2806,2026-02-01,147006.16,5.00,7350.31
3970,2806,2026-03-01,168970.95,5.00,8448.55
3971,2806,2026-04-01,153532.38,5.00,7676.62
3972,2806,2026-05-01,165069.29,5.00,8253.46
3973,2806,2026-06-01,174557.12,5.00,8727.86
3974,2806,2026-07-01,146463.98,5.00,7323.20
3975,2806,2026-08-01,169869.83,5.00,8493.49
3976,2808,2025-09-01,180384.29,5.00,9019.21
3977,2808,2025-10-01,197577.13,5.00,9878.86
3978,2808,2025-11-01,177461.98,5.00,8873.10
3979,2808,2025-12-01,206828.88,5.00,10341.44
3980,2808,2026-01-01,206556.52,5.00,10327.83
3981,2808,2026-02-01,198753.50,5.00,9937.68
3982,2808,2026-03-01,165692.23,5.00,8284.61
3983,2808,2026-04-01,194100.66,5.00,9705.03
3984,2808,2026-05-01,189305.29,5.00,9465.26
3985,2808,2026-06-01,203062.67,5.00,10153.13
3986,2808,2026-07-01,196789.49,5.00,9839.47
3987,2808,2026-08-01,185671.48,5.00,9283.57
3988,2821,2025-09-01,218436.90,5.00,10921.85
3989,2821,2025-10-01,234888.28,5.00,11744.41
3990,2821,2025-11-01,217671.59,5.00,10883.58
3991,2821,2025-12-01,259891.38,5.00,12994.57
3992,2821,2026-01-01,243171.38,5.00,12158.57
3993,2821,2026-02-01,223864.14,5.00,11193.21
3994,2821,2026-03-01,269703.49,5.00,13485.17
3995,2821,2026-04-01,245805.13,5.00,12290.26
3996,2821,2026-05-01,225339.51,5.00,11266.98
3997,2821,2026-06-01,236225.07,5.00,11811.25
3998,2821,2026-07-01,264974.12,5.00,13248.71
3999,2821,2026-08-01,229084.69,5.00,11454.23
4000,2823,2025-09-01,122463.64,5.00,6123.18
4001,2823,2025-10-01,99121.00,5.00,4956.05
4002,2823,2025-11-01,118956.95,5.00,5947.85
4003,2823,2025-12-01,108808.61,5.00,5440.43
4004,2823,2026-01-01,113839.98,5.00,5692.00
4005,2823,2026-02-01,134011.25,5.00,6700.56
4006,2823,2026-03-01,114026.71,5.00,5701.34
4007,2823,2026-04-01,127353.59,5.00,6367.68
4008,2823,2026-05-01,111590.50,5.00,5579.53
4009,2823,2026-06-01,119326.19,5.00,5966.31
4010,2823,2026-07-01,116911.03,5.00,5845.55
4011,2823,2026-08-01,116587.04,5.00,5829.35
4012,2841,2025-09-01,285325.68,5.00,14266.28
4013,2841,2025-10-01,282539.21,5.00,14126.96
4014,2841,2025-11-01,324275.76,5.00,16213.79
4015,2841,2025-12-01,318346.31,5.00,15917.32
4016,2841,2026-01-01,300809.81,5.00,15040.49
4017,2841,2026-02-01,258076.10,5.00,12903.81
4018,2841,2026-03-01,254772.86,5.00,12738.64
4019,2841,2026-04-01,270626.16,5.00,13531.31
4020,2841,2026-05-01,318681.92,5.00,15934.10
4021,2841,2026-06-01,299342.23,5.00,14967.11
4022,2841,2026-07-01,318764.66,5.00,15938.23
4023,2841,2026-08-01,324912.97,5.00,16245.65
4024,2856,2025-09-01,200149.09,5.00,10007.45
4025,2856,2025-10-01,186978.49,5.00,9348.92
4026,2856,2025-11-01,205834.43,5.00,10291.72
4027,2856,2025-12-01,196473.47,5.00,9823.67
4028,2856,2026-01-01,175609.69,5.00,8780.48
4029,2856,2026-02-01,191354.11,5.00,9567.71
4030,2856,2026-03-01,185526.63,5.00,9276.33
4031,2856,2026-04-01,185267.07,5.00,9263.35
4032,2856,2026-05-01,188201.03,5.00,9410.05
4033,2856,2026-06-01,195602.97,5.00,9780.15
4034,2856,2026-07-01,189909.83,5.00,9495.49
4035,2856,2026-08-01,158816.37,5.00,7940.82
4036,2857,2025-09-01,240663.85,5.00,12033.19
4037,2857,2025-10-01,235036.51,5.00,11751.83
4038,2857,2025-11-01,221585.23,5.00,11079.26
4039,2857,2025-12-01,220089.33,5.00,11004.47
4040,2857,2026-01-01,235850.63,5.00,11792.53
4041,2857,2026-02-01,242931.99,5.00,12146.60
4042,2857,2026-03-01,268492.39,5.00,13424.62
4043,2857,2026-04-01,223132.49,5.00,11156.62
4044,2857,2026-05-01,255372.88,5.00,12768.64
4045,2857,2026-06-01,244805.65,5.00,12240.28
4046,2857,2026-07-01,223442.83,5.00,11172.14
4047,2857,2026-08-01,231447.41,5.00,11572.37
4048,2862,2025-09-01,222328.32,5.00,11116.42
4049,2862,2025-10-01,189569.46,5.00,9478.47
4050,2862,2025-11-01,185051.14,5.00,9252.56
4051,2862,2025-12-01,211096.32,5.00,10554.82
4052,2862,2026-01-01,210022.92,5.00,10501.15
4053,2862,2026-02-01,199222.10,5.00,9961.11
4054,2862,2026-03-01,212795.73,5.00,10639.79
4055,2862,2026-04-01,181107.98,5.00,9055.40
4056,2862,2026-05-01,207914.12,5.00,10395.71
4057,2862,2026-06-01,221516.42,5.00,11075.82
4058,2862,2026-07-01,191149.31,5.00,9557.47
4059,2862,2026-08-01,215498.59,5.00,10774.93
4060,2863,2025-09-01,298099.68,5.00,14904.98
4061,2863,2025-10-01,290733.24,5.00,14536.66
4062,2863,2025-11-01,254704.84,5.00,12735.24
4063,2863,2025-12-01,263533.07,5.00,13176.65
4064,2863,2026-01-01,260531.22,5.00,13026.56
4065,2863,2026-02-01,274852.68,5.00,13742.63
4066,2863,2026-03-01,273776.42,5.00,13688.82
4067,2863,2026-04-01,295910.34,5.00,14795.52
4068,2863,2026-05-01,289139.28,5.00,14456.96
4069,2863,2026-06-01,292085.50,5.00,14604.28
4070,2863,2026-07-01,234582.45,5.00,11729.12
4071,2863,2026-08-01,278629.42,5.00,13931.47
4072,2867,2025-09-01,310684.07,5.00,15534.20
4073,2867,2025-10-01,318428.94,5.00,15921.45
4074,2867,2025-11-01,315220.35,5.00,15761.02
4075,2867,2025-12-01,308546.97,5.00,15427.35
4076,2867,2026-01-01,305177.32,5.00,15258.87
4077,2867,2026-02-01,254891.64,5.00,12744.58
4078,2867,2026-03-01,321444.97,5.00,16072.25
4079,2867,2026-04-01,314647.90,5.00,15732.40
4080,2867,2026-05-01,316914.41,5.00,15845.72
4081,2867,2026-06-01,280236.52,5.00,14011.83
4082,2867,2026-07-01,299733.78,5.00,14986.69
4083,2867,2026-08-01,317462.06,5.00,15873.10
4084,2869,2026-01-01,260817.20,5.00,13040.86
4085,2869,2026-02-01,266368.34,5.00,13318.42
4086,2869,2026-03-01,262328.56,5.00,13116.43
4087,2869,2026-04-01,270157.95,5.00,13507.90
4088,2869,2026-05-01,282278.57,5.00,14113.93
4089,2869,2026-06-01,231599.54,5.00,11579.98
4090,2869,2026-07-01,237549.13,5.00,11877.46
4091,2869,2026-08-01,234293.09,5.00,11714.65
4092,2878,2025-09-01,242087.85,5.00,12104.39
4093,2878,2025-10-01,220514.73,5.00,11025.74
4094,2878,2025-11-01,245061.87,5.00,12253.09
4095,2878,2025-12-01,246848.48,5.00,12342.42
4096,2878,2026-01-01,266610.94,5.00,13330.55
4097,2878,2026-02-01,235487.52,5.00,11774.38
4098,2878,2026-03-01,257856.75,5.00,12892.84
4099,2878,2026-04-01,275272.42,5.00,13763.62
4100,2878,2026-05-01,250127.50,5.00,12506.38
4101,2878,2026-06-01,243038.73,5.00,12151.94
4102,2878,2026-07-01,247171.27,5.00,12358.56
4103,2878,2026-08-01,229989.50,5.00,11499.48
4104,2881,2025-09-01,300637.83,5.00,15031.89
4105,2881,2025-10-01,281910.81,5.00,14095.54
4106,2881,2025-11-01,278817.57,5.00,13940.88
4107,2881,2025-12-01,288340.21,5.00,14417.01
4108,2881,2026-01-01,279987.92,5.00,13999.40
4109,2881,2026-02-01,287169.00,5.00,14358.45
4110,2881,2026-03-01,275585.75,5.00,13779.29
4111,2881,2026-04-01,267643.68,5.00,13382.18
4112,2881,2026-05-01,278623.49,5.00,13931.17
4113,2881,2026-06-01,277727.41,5.00,13886.37
4114,2881,2026-07-01,282701.17,5.00,14135.06
4115,2881,2026-08-01,259384.09,5.00,12969.20
4116,2884,2025-09-01,220750.94,5.00,11037.55
4117,2884,2025-10-01,234252.12,5.00,11712.61
4118,2884,2025-11-01,226052.78,5.00,11302.64
4119,2884,2025-12-01,234512.74,5.00,11725.64
4120,2884,2026-01-01,228046.00,5.00,11402.30
4121,2884,2026-02-01,233036.67,5.00,11651.83
4122,2884,2026-03-01,275713.24,5.00,13785.66
4123,2884,2026-04-01,218475.81,5.00,10923.79
4124,2884,2026-05-01,223238.74,5.00,11161.94
4125,2884,2026-06-01,262131.75,5.00,13106.59
4126,2884,2026-07-01,235409.39,5.00,11770.47
4127,2884,2026-08-01,254088.47,5.00,12704.42
4128,2891,2025-09-01,313053.13,5.00,15652.66
4129,2891,2025-10-01,280665.16,5.00,14033.26
4130,2891,2025-11-01,288076.87,5.00,14403.84
4131,2891,2025-12-01,278785.80,5.00,13939.29
4132,2891,2026-01-01,269510.83,5.00,13475.54
4133,2891,2026-02-01,321273.88,5.00,16063.69
4134,2891,2026-03-01,270225.17,5.00,13511.26
4135,2891,2026-04-01,311727.08,5.00,15586.35
4136,2891,2026-05-01,287524.32,5.00,14376.22
4137,2891,2026-06-01,288715.11,5.00,14435.76
4138,2891,2026-07-01,306358.50,5.00,15317.93
4139,2891,2026-08-01,304038.37,5.00,15201.92
4140,2892,2025-09-01,265829.94,5.00,13291.50
4141,2892,2025-10-01,336172.65,5.00,16808.63
4142,2892,2025-11-01,250335.69,5.00,12516.78
4143,2892,2025-12-01,302734.77,5.00,15136.74
4144,2892,2026-01-01,303816.31,5.00,15190.82
4145,2892,2026-02-01,285000.92,5.00,14250.05
4146,2892,2026-03-01,297500.21,5.00,14875.01
4147,2892,2026-04-01,296750.96,5.00,14837.55
4148,2892,2026-05-01,320631.12,5.00,16031.56
4149,2892,2026-06-01,318174.51,5.00,15908.73
4150,2892,2026-07-01,282387.90,5.00,14119.40
4151,2892,2026-08-01,319450.21,5.00,15972.51
4152,2911,2025-09-01,197923.64,5.00,9896.18
4153,2911,2025-10-01,211337.95,5.00,10566.90
4154,2911,2025-11-01,183635.77,5.00,9181.79
4155,2911,2025-12-01,203191.20,5.00,10159.56
4156,2911,2026-01-01,206015.11,5.00,10300.76
4157,2911,2026-02-01,193272.58,5.00,9663.63
4158,2911,2026-03-01,194170.43,5.00,9708.52
4159,2911,2026-04-01,201513.67,5.00,10075.68
4160,2911,2026-05-01,205177.68,5.00,10258.88
4161,2911,2026-06-01,200866.41,5.00,10043.32
4162,2911,2026-07-01,194715.25,5.00,9735.76
4163,2911,2026-08-01,199612.06,5.00,9980.60
4164,2914,2025-09-01,392308.83,5.00,19615.44
4165,2914,2025-10-01,376499.76,5.00,18824.99
4166,2914,2025-11-01,352243.31,5.00,17612.17
4167,2914,2025-12-01,376334.93,5.00,18816.75
4168,2914,2026-01-01,344369.44,5.00,17218.47
4169,2914,2026-02-01,430538.78,5.00,21526.94
4170,2914,2026-03-01,432930.51,5.00,21646.53
4171,2914,2026-04-01,338797.01,5.00,16939.85
4172,2914,2026-05-01,449409.33,5.00,22470.47
4173,2914,2026-06-01,410385.96,5.00,20519.30
4174,2914,2026-07-01,378297.44,5.00,18914.87
4175,2914,2026-08-01,331035.34,5.00,16551.77
4176,2917,2025-09-01,353644.11,5.00,17682.21
4177,2917,2025-10-01,336321.96,5.00,16816.10
4178,2917,2025-11-01,321296.69,5.00,16064.83
4179,2917,2025-12-01,371041.94,5.00,18552.10
4180,2917,2026-01-01,321023.73,5.00,16051.19
4181,2917,2026-02-01,346552.26,5.00,17327.61
4182,2917,2026-03-01,373256.00,5.00,18662.80
4183,2917,2026-04-01,362317.49,5.00,18115.87
4184,2917,2026-05-01,343684.51,5.00,17184.23
4185,2917,2026-06-01,335419.18,5.00,16770.96
4186,2917,2026-07-01,361694.55,5.00,18084.73
4187,2917,2026-08-01,359080.43,5.00,17954.02
4188,2923,2025-09-01,149884.65,5.00,7494.23
4189,2923,2025-10-01,167932.36,5.00,8396.62
4190,2923,2025-11-01,207620.56,5.00,10381.03
4191,2923,2025-12-01,195721.24,5.00,9786.06
4192,2923,2026-01-01,174718.39,5.00,8735.92
4193,2923,2026-02-01,187593.62,5.00,9379.68
4194,2923,2026-03-01,191766.78,5.00,9588.34
4195,2923,2026-04-01,153859.19,5.00,7692.96
4196,2923,2026-05-01,178662.76,5.00,8933.14
4197,2923,2026-06-01,160364.71,5.00,8018.24
4198,2923,2026-07-01,178610.78,5.00,8930.54
4199,2923,2026-08-01,165760.49,5.00,8288.02
4200,2927,2025-09-01,270299.96,5.00,13515.00
4201,2927,2025-10-01,293682.34,5.00,14684.12
4202,2927,2025-11-01,276280.33,5.00,13814.02
4203,2927,2025-12-01,250014.19,5.00,12500.71
4204,2927,2026-01-01,268228.13,5.00,13411.41
4205,2927,2026-02-01,286134.67,5.00,14306.73
4206,2927,2026-03-01,260761.25,5.00,13038.06
4207,2927,2026-04-01,270812.65,5.00,13540.63
4208,2927,2026-05-01,306365.30,5.00,15318.27
4209,2927,2026-06-01,273342.75,5.00,13667.14
4210,2927,2026-07-01,250568.22,5.00,12528.41
4211,2927,2026-08-01,299137.95,5.00,14956.90
4212,2931,2025-09-01,328798.74,5.00,16439.94
4213,2931,2025-10-01,333175.03,5.00,16658.75
4214,2931,2025-11-01,307547.63,5.00,15377.38
4215,2931,2025-12-01,368304.11,5.00,18415.21
4216,2931,2026-01-01,324012.77,5.00,16200.64
4217,2931,2026-02-01,331307.79,5.00,16565.39
4218,2931,2026-03-01,343094.98,5.00,17154.75
4219,2931,2026-04-01,338818.47,5.00,16940.92
4220,2931,2026-05-01,354221.03,5.00,17711.05
4221,2931,2026-06-01,297310.09,5.00,14865.50
4222,2931,2026-07-01,392826.88,5.00,19641.34
4223,2931,2026-08-01,355375.06,5.00,17768.75
4224,2932,2025-09-01,291067.88,5.00,14553.39
4225,2932,2025-10-01,309545.50,5.00,15477.28
4226,2932,2025-11-01,294262.40,5.00,14713.12
4227,2932,2025-12-01,301574.94,5.00,15078.75
4228,2932,2026-01-01,306518.69,5.00,15325.93
4229,2932,2026-02-01,304620.63,5.00,15231.03
4230,2932,2026-03-01,310792.42,5.00,15539.62
4231,2932,2026-04-01,294558.27,5.00,14727.91
4232,2932,2026-05-01,312382.24,5.00,15619.11
4233,2932,2026-06-01,350660.04,5.00,17533.00
4234,2932,2026-07-01,362942.62,5.00,18147.13
4235,2932,2026-08-01,275786.50,5.00,13789.33
4236,2940,2025-09-01,244239.45,5.00,12211.97
4237,2940,2025-10-01,272794.35,5.00,13639.72
4238,2940,2025-11-01,265392.82,5.00,13269.64
4239,2940,2025-12-01,265663.02,5.00,13283.15
4240,2940,2026-01-01,240629.28,5.00,12031.46
4241,2940,2026-02-01,281125.71,5.00,14056.29
4242,2940,2026-03-01,240784.73,5.00,12039.24
4243,2940,2026-04-01,278237.07,5.00,13911.85
4244,2940,2026-05-01,273963.32,5.00,13698.17
4245,2940,2026-06-01,251227.45,5.00,12561.37
4246,2940,2026-07-01,258132.67,5.00,12906.63
4247,2940,2026-08-01,252744.01,5.00,12637.20
4248,2955,2025-09-01,231319.08,5.00,11565.95
4249,2955,2025-10-01,214838.28,5.00,10741.91
4250,2955,2025-11-01,226841.52,5.00,11342.08
4251,2955,2025-12-01,211743.08,5.00,10587.15
4252,2955,2026-01-01,211354.42,5.00,10567.72
4253,2955,2026-02-01,216548.21,5.00,10827.41
4254,2955,2026-03-01,244447.69,5.00,12222.38
4255,2955,2026-04-01,238844.35,5.00,11942.22
4256,2955,2026-05-01,212270.35,5.00,10613.52
4257,2955,2026-06-01,230507.08,5.00,11525.35
4258,2955,2026-07-01,246175.08,5.00,12308.75
4259,2955,2026-08-01,202017.14,5.00,10100.86
4260,2963,2025-09-01,225430.46,5.00,11271.52
4261,2963,2025-10-01,213486.32,5.00,10674.32
4262,2963,2025-11-01,256833.62,5.00,12841.68
4263,2966,2025-09-01,269423.71,5.00,13471.19
4264,2966,2025-10-01,236944.35,5.00,11847.22
4265,2966,2025-11-01,252767.60,5.00,12638.38
4266,2966,2025-12-01,248693.07,5.00,12434.65
4267,2966,2026-01-01,252769.74,5.00,12638.49
4268,2966,2026-02-01,273753.34,5.00,13687.67
4269,2966,2026-03-01,250497.08,5.00,12524.85
4270,2966,2026-04-01,241008.51,5.00,12050.43
4271,2966,2026-05-01,233924.15,5.00,11696.21
4272,2966,2026-06-01,221291.70,5.00,11064.59
4273,2966,2026-07-01,259102.80,5.00,12955.14
4274,2966,2026-08-01,230583.82,5.00,11529.19
4275,2969,2025-09-01,198601.51,5.00,9930.08
4276,2969,2025-10-01,212550.34,5.00,10627.52
4277,2969,2025-11-01,229674.38,5.00,11483.72
4278,2969,2025-12-01,233924.00,5.00,11696.20
4279,2969,2026-01-01,239880.72,5.00,11994.04
4280,2969,2026-02-01,223311.89,5.00,11165.59
4281,2969,2026-03-01,207564.66,5.00,10378.23
4282,2969,2026-04-01,215448.73,5.00,10772.44
4283,2969,2026-05-01,212028.26,5.00,10601.41
4284,2969,2026-06-01,225509.69,5.00,11275.48
4285,2969,2026-07-01,201968.54,5.00,10098.43
4286,2969,2026-08-01,210470.27,5.00,10523.51
4287,2974,2025-09-01,342973.96,5.00,17148.70
4288,2974,2025-10-01,313471.29,5.00,15673.56
4289,2974,2025-11-01,328193.02,5.00,16409.65
4290,2974,2025-12-01,313509.06,5.00,15675.45
4291,2974,2026-01-01,289609.28,5.00,14480.46
4292,2974,2026-02-01,332402.89,5.00,16620.14
4293,2974,2026-03-01,323645.48,5.00,16182.27
4294,2974,2026-04-01,330697.04,5.00,16534.85
4295,2974,2026-05-01,359717.12,5.00,17985.86
4296,2974,2026-06-01,301808.08,5.00,15090.40
4297,2974,2026-07-01,354520.90,5.00,17726.05
4298,2974,2026-08-01,330264.31,5.00,16513.22
4299,2986,2025-09-01,261983.81,5.00,13099.19
4300,2986,2025-10-01,277186.72,5.00,13859.34
4301,2986,2025-11-01,222326.96,5.00,11116.35
4302,2986,2025-12-01,247907.63,5.00,12395.38
4303,2986,2026-01-01,263658.77,5.00,13182.94
4304,2986,2026-02-01,254636.55,5.00,12731.83
4305,2986,2026-03-01,262933.00,5.00,13146.65
4306,2986,2026-04-01,230838.64,5.00,11541.93
4307,2986,2026-05-01,254834.43,5.00,12741.72
4308,2986,2026-06-01,267950.44,5.00,13397.52
4309,2986,2026-07-01,230441.58,5.00,11522.08
4310,2986,2026-08-01,272004.49,5.00,13600.22
4311,2987,2026-04-01,127570.00,5.00,6378.50
4312,2987,2026-05-01,145359.48,5.00,7267.97
4313,2987,2026-06-01,144623.00,5.00,7231.15
4314,2987,2026-07-01,158815.32,5.00,7940.77
4315,2987,2026-08-01,143788.95,5.00,7189.45
4316,2994,2025-09-01,144127.03,5.00,7206.35
4317,2994,2025-10-01,162927.88,5.00,8146.39
4318,2994,2025-11-01,136847.56,5.00,6842.38
4319,2994,2025-12-01,136547.17,5.00,6827.36
4320,2994,2026-01-01,129324.30,5.00,6466.22
4321,2994,2026-02-01,148090.20,5.00,7404.51
4322,2994,2026-03-01,144834.79,5.00,7241.74
4323,2994,2026-04-01,151124.88,5.00,7556.24
4324,2994,2026-05-01,136883.82,5.00,6844.19
4325,2994,2026-06-01,143149.17,5.00,7157.46
4326,2994,2026-07-01,134331.91,5.00,6716.60
4327,2994,2026-08-01,137361.41,5.00,6868.07
4328,3012,2025-09-01,175442.05,5.00,8772.10
4329,3012,2025-10-01,217663.49,5.00,10883.17
4330,3012,2025-11-01,198866.24,5.00,9943.31
4331,3012,2025-12-01,179210.52,5.00,8960.53
4332,3012,2026-01-01,173721.32,5.00,8686.07
4333,3012,2026-02-01,194132.41,5.00,9706.62
4334,3012,2026-03-01,196264.10,5.00,9813.21
4335,3012,2026-04-01,187104.25,5.00,9355.21
4336,3012,2026-05-01,215293.61,5.00,10764.68
4337,3012,2026-06-01,202348.67,5.00,10117.43
4338,3012,2026-07-01,183441.71,5.00,9172.09
4339,3012,2026-08-01,199626.57,5.00,9981.33
4340,3021,2025-09-01,327209.33,5.00,16360.47
4341,3021,2025-10-01,365183.07,5.00,18259.15
4342,3021,2025-11-01,312131.45,5.00,15606.57
4343,3021,2025-12-01,357710.12,5.00,17885.51
4344,3021,2026-01-01,343420.89,5.00,17171.04
4345,3021,2026-02-01,328887.68,5.00,16444.38
4346,3021,2026-03-01,354346.41,5.00,17717.32
4347,3021,2026-04-01,321957.86,5.00,16097.89
4348,3021,2026-05-01,380065.70,5.00,19003.29
4349,3021,2026-06-01,340245.89,5.00,17012.29
4350,3021,2026-07-01,329504.67,5.00,16475.23
4351,3021,2026-08-01,346029.92,5.00,17301.50
4352,3022,2026-03-01,167552.28,5.00,8377.61
4353,3022,2026-04-01,169911.07,5.00,8495.55
4354,3022,2026-05-01,165365.54,5.00,8268.28
4355,3022,2026-06-01,156398.88,5.00,7819.94
4356,3022,2026-07-01,137931.71,5.00,6896.59
4357,3022,2026-08-01,168320.35,5.00,8416.02
4358,3034,2025-09-01,314464.61,5.00,15723.23
4359,3034,2025-10-01,280381.13,5.00,14019.06
4360,3034,2025-11-01,314387.30,5.00,15719.37
4361,3034,2025-12-01,303045.29,5.00,15152.26
4362,3034,2026-01-01,294509.09,5.00,14725.45
4363,3034,2026-02-01,327857.87,5.00,16392.89
4364,3034,2026-03-01,280467.20,5.00,14023.36
4365,3034,2026-04-01,335154.18,5.00,16757.71
4366,3034,2026-05-01,290723.49,5.00,14536.17
4367,3034,2026-06-01,296123.12,5.00,14806.16
4368,3034,2026-07-01,340726.43,5.00,17036.32
4369,3034,2026-08-01,285905.76,5.00,14295.29
4370,3048,2025-09-01,223894.61,5.00,11194.73
4371,3048,2025-10-01,265964.79,5.00,13298.24
4372,3048,2025-11-01,255191.36,5.00,12759.57
4373,3048,2025-12-01,279145.97,5.00,13957.30
4374,3048,2026-01-01,252362.02,5.00,12618.10
4375,3048,2026-02-01,242439.52,5.00,12121.98
4376,3048,2026-03-01,278401.95,5.00,13920.10
4377,3048,2026-04-01,235064.47,5.00,11753.22
4378,3048,2026-05-01,244141.04,5.00,12207.05
4379,3048,2026-06-01,236284.12,5.00,11814.21
4380,3048,2026-07-01,264620.92,5.00,13231.05
4381,3048,2026-08-01,225451.02,5.00,11272.55
4382,3050,2025-09-01,335403.67,5.00,16770.18
4383,3050,2025-10-01,319700.04,5.00,15985.00
4384,3050,2025-11-01,317049.93,5.00,15852.50
4385,3050,2025-12-01,423954.98,5.00,21197.75
4386,3050,2026-01-01,323023.68,5.00,16151.18
4387,3050,2026-02-01,345788.07,5.00,17289.40
4388,3050,2026-03-01,312772.21,5.00,15638.61
4389,3050,2026-04-01,350119.14,5.00,17505.96
4390,3050,2026-05-01,351421.52,5.00,17571.08
4391,3050,2026-06-01,308362.62,5.00,15418.13
4392,3050,2026-07-01,353612.88,5.00,17680.64
4393,3050,2026-08-01,307794.95,5.00,15389.75
4394,3053,2025-09-01,302265.88,5.00,15113.29
4395,3053,2025-10-01,254637.17,5.00,12731.86
4396,3053,2025-11-01,332918.91,5.00,16645.95
4397,3053,2025-12-01,285305.52,5.00,14265.28
4398,3053,2026-01-01,293056.02,5.00,14652.80
4399,3053,2026-02-01,308183.75,5.00,15409.19
4400,3053,2026-03-01,341512.68,5.00,17075.63
4401,3053,2026-04-01,322842.83,5.00,16142.14
4402,3053,2026-05-01,280724.08,5.00,14036.20
4403,3053,2026-06-01,292307.81,5.00,14615.39
4404,3053,2026-07-01,288223.22,5.00,14411.16
4405,3053,2026-08-01,283163.14,5.00,14158.16
4406,3057,2025-09-01,306652.95,5.00,15332.65
4407,3057,2025-10-01,305425.72,5.00,15271.29
4408,3057,2025-11-01,301102.61,5.00,15055.13
4409,3057,2025-12-01,292031.01,5.00,14601.55
4410,3057,2026-01-01,309951.47,5.00,15497.57
4411,3057,2026-02-01,339848.95,5.00,16992.45
4412,3057,2026-03-01,241430.76,5.00,12071.54
4413,3057,2026-04-01,277543.13,5.00,13877.16
4414,3057,2026-05-01,276673.58,5.00,13833.68
4415,3057,2026-06-01,287908.07,5.00,14395.40
4416,3057,2026-07-01,344611.58,5.00,17230.58
4417,3057,2026-08-01,296121.17,5.00,14806.06
4418,3065,2026-01-01,117225.26,5.00,5861.26
4419,3065,2026-02-01,106018.81,5.00,5300.94
4420,3065,2026-03-01,110379.05,5.00,5518.95
4421,3065,2026-04-01,113443.40,5.00,5672.17
4422,3065,2026-05-01,107940.43,5.00,5397.02
4423,3065,2026-06-01,104549.41,5.00,5227.47
4424,3072,2025-09-01,190067.81,5.00,9503.39
4425,3072,2025-10-01,212317.64,5.00,10615.88
4426,3072,2025-11-01,161047.77,5.00,8052.39
4427,3072,2025-12-01,156557.14,5.00,7827.86
4428,3072,2026-01-01,174679.41,5.00,8733.97
4429,3072,2026-02-01,165993.78,5.00,8299.69
4430,3072,2026-03-01,175998.27,5.00,8799.91
4431,3072,2026-04-01,186082.80,5.00,9304.14
4432,3072,2026-05-01,180787.87,5.00,9039.39
4433,3072,2026-06-01,174798.26,5.00,8739.91
4434,3072,2026-07-01,181564.69,5.00,9078.23
4435,3072,2026-08-01,195147.27,5.00,9757.36
4436,3082,2025-09-01,177087.19,5.00,8854.36
4437,3082,2025-10-01,174157.50,5.00,8707.88
4438,3082,2025-11-01,174200.15,5.00,8710.01
4439,3082,2025-12-01,188392.94,5.00,9419.65
4440,3082,2026-01-01,175893.25,5.00,8794.66
4441,3082,2026-02-01,171913.41,5.00,8595.67
4442,3082,2026-03-01,155633.43,5.00,7781.67
4443,3082,2026-04-01,169176.88,5.00,8458.84
4444,3082,2026-05-01,168959.09,5.00,8447.95
4445,3082,2026-06-01,175017.67,5.00,8750.88
4446,3082,2026-07-01,180202.67,5.00,9010.13
4447,3082,2026-08-01,177402.55,5.00,8870.13
4448,3083,2025-09-01,176998.50,5.00,8849.93
4449,3083,2025-10-01,186654.39,5.00,9332.72
4450,3083,2025-11-01,196264.82,5.00,9813.24
4451,3083,2025-12-01,192512.55,5.00,9625.63
4452,3083,2026-01-01,216872.82,5.00,10843.64
4453,3083,2026-02-01,207278.79,5.00,10363.94
4454,3083,2026-03-01,201709.20,5.00,10085.46
4455,3083,2026-04-01,188543.87,5.00,9427.19
4456,3083,2026-05-01,207328.14,5.00,10366.41
4457,3083,2026-06-01,187630.70,5.00,9381.54
4458,3083,2026-07-01,196830.09,5.00,9841.50
4459,3083,2026-08-01,200536.86,5.00,10026.84
4460,3084,2025-09-01,350265.64,5.00,17513.28
4461,3084,2025-10-01,395802.33,5.00,19790.12
4462,3084,2025-11-01,277687.92,5.00,13884.40
4463,3084,2025-12-01,328996.85,5.00,16449.84
4464,3084,2026-01-01,345245.61,5.00,17262.28
4465,3084,2026-02-01,384517.88,5.00,19225.89
4466,3084,2026-03-01,373012.62,5.00,18650.63
4467,3084,2026-04-01,349000.56,5.00,17450.03
4468,3084,2026-05-01,286269.03,5.00,14313.45
4469,3084,2026-06-01,333467.64,5.00,16673.38
4470,3084,2026-07-01,362493.70,5.00,18124.69
4471,3084,2026-08-01,349676.24,5.00,17483.81
4472,3093,2025-09-01,357999.86,5.00,17899.99
4473,3093,2025-10-01,378783.67,5.00,18939.18
4474,3093,2025-11-01,353249.68,5.00,17662.48
4475,3093,2025-12-01,316185.38,5.00,15809.27
4476,3093,2026-01-01,355749.36,5.00,17787.47
4477,3093,2026-02-01,377247.79,5.00,18862.39
4478,3093,2026-03-01,360763.89,5.00,18038.19
4479,3093,2026-04-01,391465.00,5.00,19573.25
4480,3093,2026-05-01,339639.66,5.00,16981.98
4481,3093,2026-06-01,352316.96,5.00,17615.85
4482,3093,2026-07-01,376630.13,5.00,18831.51
4483,3093,2026-08-01,361670.54,5.00,18083.53
4484,3106,2025-09-01,276465.42,5.00,13823.27
4485,3106,2025-10-01,305883.61,5.00,15294.18
4486,3106,2025-11-01,274955.70,5.00,13747.79
4487,3106,2025-12-01,234098.81,5.00,11704.94
4488,3106,2026-01-01,278737.17,5.00,13936.86
4489,3106,2026-02-01,350416.28,5.00,17520.81
4490,3106,2026-03-01,286428.39,5.00,14321.42
4491,3106,2026-04-01,284275.05,5.00,14213.75
4492,3106,2026-05-01,305953.36,5.00,15297.67
4493,3106,2026-06-01,310503.59,5.00,15525.18
4494,3106,2026-07-01,281921.60,5.00,14096.08
4495,3106,2026-08-01,276456.09,5.00,13822.80
4496,3113,2025-09-01,300843.42,5.00,15042.17
4497,3113,2025-10-01,250256.79,5.00,12512.84
4498,3113,2025-11-01,273639.16,5.00,13681.96
4499,3113,2025-12-01,287567.34,5.00,14378.37
4500,3113,2026-01-01,236659.33,5.00,11832.97
4501,3113,2026-02-01,269927.41,5.00,13496.37
4502,3113,2026-03-01,248373.10,5.00,12418.66
4503,3113,2026-04-01,307420.61,5.00,15371.03
4504,3113,2026-05-01,274658.31,5.00,13732.92
4505,3113,2026-06-01,272617.26,5.00,13630.86
4506,3113,2026-07-01,245848.95,5.00,12292.45
4507,3113,2026-08-01,293805.21,5.00,14690.26
4508,3114,2025-09-01,220279.73,5.00,11013.99
4509,3114,2025-10-01,196360.97,5.00,9818.05
4510,3114,2025-11-01,248376.18,5.00,12418.81
4511,3114,2025-12-01,224214.80,5.00,11210.74
4512,3114,2026-01-01,236094.18,5.00,11804.71
4513,3114,2026-02-01,231100.64,5.00,11555.03
4514,3114,2026-03-01,233050.58,5.00,11652.53
4515,3114,2026-04-01,234909.57,5.00,11745.48
4516,3114,2026-05-01,216610.93,5.00,10830.55
4517,3114,2026-06-01,232407.72,5.00,11620.39
4518,3114,2026-07-01,240122.25,5.00,12006.11
4519,3114,2026-08-01,219218.84,5.00,10960.94
4520,3123,2026-03-01,118516.91,5.00,5925.85
4521,3123,2026-04-01,127330.97,5.00,6366.55
4522,3123,2026-05-01,133985.24,5.00,6699.26
4523,3123,2026-06-01,138099.46,5.00,6904.97
4524,3123,2026-07-01,123383.62,5.00,6169.18
4525,3123,2026-08-01,140041.64,5.00,7002.08
4526,3124,2025-12-01,157062.70,5.00,7853.14
4527,3124,2026-01-01,171499.61,5.00,8574.98
4528,3124,2026-02-01,189605.79,5.00,9480.29
4529,3124,2026-03-01,158549.25,5.00,7927.46
4530,3124,2026-04-01,153813.55,5.00,7690.68
4531,3124,2026-05-01,161985.66,5.00,8099.28
4532,3124,2026-06-01,163042.73,5.00,8152.14
4533,3124,2026-07-01,157453.60,5.00,7872.68
4534,3124,2026-08-01,190649.91,5.00,9532.50
4535,3127,2025-09-01,224896.89,5.00,11244.84
4536,3127,2025-10-01,251583.21,5.00,12579.16
4537,3127,2025-11-01,225996.87,5.00,11299.84
4538,3127,2025-12-01,282524.91,5.00,14126.25
4539,3127,2026-01-01,221565.86,5.00,11078.29
4540,3127,2026-02-01,258835.74,5.00,12941.79
4541,3127,2026-03-01,245422.34,5.00,12271.12
4542,3127,2026-04-01,215414.88,5.00,10770.74
4543,3127,2026-05-01,270035.27,5.00,13501.76
4544,3127,2026-06-01,207667.04,5.00,10383.35
4545,3127,2026-07-01,218806.44,5.00,10940.32
4546,3127,2026-08-01,235398.11,5.00,11769.91
4547,3146,2025-09-01,183189.15,5.00,9159.46
4548,3146,2025-10-01,173817.09,5.00,8690.85
4549,3146,2025-11-01,186796.11,5.00,9339.81
4550,3146,2025-12-01,170396.27,5.00,8519.81
4551,3146,2026-01-01,163329.83,5.00,8166.49
4552,3146,2026-02-01,174996.72,5.00,8749.84
4553,3146,2026-03-01,175319.66,5.00,8765.98
4554,3146,2026-04-01,174050.12,5.00,8702.51
4555,3146,2026-05-01,176143.28,5.00,8807.16
4556,3146,2026-06-01,151268.07,5.00,7563.40
4557,3146,2026-07-01,198076.61,5.00,9903.83
4558,3146,2026-08-01,182726.79,5.00,9136.34
4559,3163,2026-06-01,132114.07,5.00,6605.70
4560,3163,2026-07-01,142639.23,5.00,7131.96
4561,3163,2026-08-01,135215.70,5.00,6760.79
4562,3165,2025-09-01,217529.06,5.00,10876.45
4563,3165,2025-10-01,268591.27,5.00,13429.56
4564,3165,2025-11-01,263574.28,5.00,13178.71
4565,3165,2025-12-01,243106.74,5.00,12155.34
4566,3165,2026-01-01,230128.17,5.00,11506.41
4567,3165,2026-02-01,253636.92,5.00,12681.85
4568,3165,2026-03-01,244514.90,5.00,12225.75
4569,3165,2026-04-01,277959.48,5.00,13897.97
4570,3165,2026-05-01,290409.94,5.00,14520.50
4571,3165,2026-06-01,251204.94,5.00,12560.25
4572,3165,2026-07-01,268245.18,5.00,13412.26
4573,3165,2026-08-01,260927.12,5.00,13046.36
4574,3177,2025-09-01,224906.65,5.00,11245.33
4575,3177,2025-10-01,264651.82,5.00,13232.59
4576,3177,2025-11-01,260486.14,5.00,13024.31
4577,3177,2025-12-01,285570.85,5.00,14278.54
4578,3177,2026-01-01,245741.09,5.00,12287.05
4579,3177,2026-02-01,245787.71,5.00,12289.39
4580,3177,2026-03-01,248454.83,5.00,12422.74
4581,3177,2026-04-01,275269.91,5.00,13763.50
4582,3177,2026-05-01,249765.68,5.00,12488.28
4583,3177,2026-06-01,226358.46,5.00,11317.92
4584,3177,2026-07-01,269744.17,5.00,13487.21
4585,3177,2026-08-01,259416.69,5.00,12970.83
4586,3180,2025-09-01,235349.14,5.00,11767.46
4587,3180,2025-10-01,263801.52,5.00,13190.08
4588,3180,2025-11-01,236187.72,5.00,11809.39
4589,3180,2025-12-01,200719.64,5.00,10035.98
4590,3180,2026-01-01,210723.91,5.00,10536.20
4591,3180,2026-02-01,242136.05,5.00,12106.80
4592,3180,2026-03-01,229102.45,5.00,11455.12
4593,3180,2026-04-01,223526.66,5.00,11176.33
4594,3180,2026-05-01,203439.56,5.00,10171.98
4595,3180,2026-06-01,240406.53,5.00,12020.33
4596,3180,2026-07-01,206619.19,5.00,10330.96
4597,3180,2026-08-01,213703.02,5.00,10685.15
4598,3192,2025-09-01,171419.33,5.00,8570.97
4599,3192,2025-10-01,139119.86,5.00,6955.99
4600,3192,2025-11-01,164663.86,5.00,8233.19
4601,3192,2025-12-01,182138.67,5.00,9106.93
4602,3192,2026-01-01,169102.54,5.00,8455.13
4603,3192,2026-02-01,151191.55,5.00,7559.58
4604,3192,2026-03-01,162388.14,5.00,8119.41
4605,3192,2026-04-01,151745.59,5.00,7587.28
4606,3192,2026-05-01,145326.59,5.00,7266.33
4607,3192,2026-06-01,158154.81,5.00,7907.74
4608,3192,2026-07-01,166669.48,5.00,8333.47
4609,3192,2026-08-01,163637.90,5.00,8181.90
4610,3213,2025-09-01,242840.27,5.00,12142.01
4611,3213,2025-10-01,228487.09,5.00,11424.35
4612,3213,2025-11-01,226472.19,5.00,11323.61
4613,3213,2025-12-01,259756.57,5.00,12987.83
4614,3213,2026-01-01,212639.78,5.00,10631.99
4615,3213,2026-02-01,237953.95,5.00,11897.70
4616,3213,2026-03-01,267982.66,5.00,13399.13
4617,3213,2026-04-01,232232.60,5.00,11611.63
4618,3213,2026-05-01,255035.71,5.00,12751.79
4619,3213,2026-06-01,219750.07,5.00,10987.50
4620,3213,2026-07-01,238440.65,5.00,11922.03
4621,3213,2026-08-01,271739.57,5.00,13586.98
4622,3219,2025-09-01,227154.31,5.00,11357.72
4623,3219,2025-10-01,203548.87,5.00,10177.44
4624,3219,2025-11-01,219367.45,5.00,10968.37
4625,3219,2025-12-01,212300.55,5.00,10615.03
4626,3219,2026-01-01,181029.78,5.00,9051.49
4627,3219,2026-02-01,205523.30,5.00,10276.17
4628,3219,2026-03-01,221701.39,5.00,11085.07
4629,3219,2026-04-01,206341.99,5.00,10317.10
4630,3219,2026-05-01,233217.76,5.00,11660.89
4631,3219,2026-06-01,229632.41,5.00,11481.62
4632,3219,2026-07-01,206643.27,5.00,10332.16
4633,3219,2026-08-01,199608.27,5.00,9980.41
4634,3228,2025-09-01,215754.68,5.00,10787.73
4635,3228,2025-10-01,226531.66,5.00,11326.58
4636,3228,2025-11-01,236164.02,5.00,11808.20
4637,3228,2025-12-01,225022.61,5.00,11251.13
4638,3228,2026-01-01,238217.99,5.00,11910.90
4639,3228,2026-02-01,230482.83,5.00,11524.14
4640,3228,2026-03-01,227481.53,5.00,11374.08
4641,3228,2026-04-01,233351.38,5.00,11667.57
4642,3228,2026-05-01,237058.39,5.00,11852.92
4643,3228,2026-06-01,229262.56,5.00,11463.13
4644,3228,2026-07-01,228060.13,5.00,11403.01
4645,3228,2026-08-01,228468.71,5.00,11423.44
4646,3231,2025-09-01,307395.87,5.00,15369.79
4647,3231,2025-10-01,281990.32,5.00,14099.52
4648,3231,2025-11-01,294562.72,5.00,14728.14
4649,3231,2025-12-01,270714.38,5.00,13535.72
4650,3231,2026-01-01,308238.33,5.00,15411.92
4651,3231,2026-02-01,307946.30,5.00,15397.32
4652,3231,2026-03-01,316049.09,5.00,15802.45
4653,3231,2026-04-01,290106.73,5.00,14505.34
4654,3231,2026-05-01,280614.40,5.00,14030.72
4655,3231,2026-06-01,283834.22,5.00,14191.71
4656,3231,2026-07-01,288992.31,5.00,14449.62
4657,3231,2026-08-01,299613.86,5.00,14980.69
4658,3238,2025-09-01,221064.39,5.00,11053.22
4659,3238,2025-10-01,283733.52,5.00,14186.68
4660,3238,2025-11-01,233819.05,5.00,11690.95
4661,3238,2025-12-01,250078.34,5.00,12503.92
4662,3238,2026-01-01,242451.50,5.00,12122.58
4663,3238,2026-02-01,227319.47,5.00,11365.97
4664,3238,2026-03-01,226088.03,5.00,11304.40
4665,3238,2026-04-01,228445.36,5.00,11422.27
4666,3238,2026-05-01,244969.54,5.00,12248.48
4667,3238,2026-06-01,276676.46,5.00,13833.82
4668,3238,2026-07-01,255473.43,5.00,12773.67
4669,3238,2026-08-01,258060.77,5.00,12903.04
4670,3239,2025-09-01,267197.02,5.00,13359.85
4671,3239,2025-10-01,276464.72,5.00,13823.24
4672,3239,2025-11-01,229242.49,5.00,11462.12
4673,3239,2025-12-01,237770.23,5.00,11888.51
4674,3239,2026-01-01,228980.74,5.00,11449.04
4675,3239,2026-02-01,262356.52,5.00,13117.83
4676,3239,2026-03-01,222295.35,5.00,11114.77
4677,3239,2026-04-01,263168.68,5.00,13158.43
4678,3239,2026-05-01,228066.99,5.00,11403.35
4679,3239,2026-06-01,263603.44,5.00,13180.17
4680,3239,2026-07-01,227433.71,5.00,11371.69
4681,3239,2026-08-01,236271.03,5.00,11813.55
4682,3243,2025-09-01,168805.18,5.00,8440.26
4683,3243,2025-10-01,165236.46,5.00,8261.82
4684,3243,2025-11-01,172530.86,5.00,8626.54
4685,3243,2025-12-01,187330.95,5.00,9366.55
4686,3243,2026-01-01,150133.06,5.00,7506.65
4687,3243,2026-02-01,167263.53,5.00,8363.18
4688,3243,2026-03-01,178547.30,5.00,8927.37
4689,3243,2026-04-01,176989.49,5.00,8849.47
4690,3243,2026-05-01,169682.52,5.00,8484.13
4691,3243,2026-06-01,165800.48,5.00,8290.02
4692,3243,2026-07-01,168454.17,5.00,8422.71
4693,3243,2026-08-01,159254.00,5.00,7962.70
4694,3246,2025-09-01,404955.95,5.00,20247.80
4695,3246,2025-10-01,349221.53,5.00,17461.08
4696,3246,2025-11-01,355162.44,5.00,17758.12
4697,3246,2025-12-01,430472.96,5.00,21523.65
4698,3246,2026-01-01,373853.46,5.00,18692.67
4699,3246,2026-02-01,369529.03,5.00,18476.45
4700,3246,2026-03-01,412112.78,5.00,20605.64
4701,3246,2026-04-01,377560.79,5.00,18878.04
4702,3246,2026-05-01,380416.66,5.00,19020.83
4703,3246,2026-06-01,365310.58,5.00,18265.53
4704,3246,2026-07-01,384517.35,5.00,19225.87
4705,3246,2026-08-01,394189.16,5.00,19709.46
4706,3266,2025-09-01,105142.75,5.00,5257.14
4707,3266,2025-10-01,141099.96,5.00,7055.00
4708,3266,2025-11-01,114441.80,5.00,5722.09
4709,3266,2025-12-01,123354.23,5.00,6167.71
4710,3266,2026-01-01,114432.98,5.00,5721.65
4711,3266,2026-02-01,118762.02,5.00,5938.10
4712,3266,2026-03-01,117674.25,5.00,5883.71
4713,3266,2026-04-01,127004.44,5.00,6350.22
4714,3266,2026-05-01,120139.88,5.00,6006.99
4715,3266,2026-06-01,130642.15,5.00,6532.11
4716,3266,2026-07-01,114096.49,5.00,5704.82
4717,3266,2026-08-01,110043.83,5.00,5502.19
4718,3272,2025-09-01,206468.16,5.00,10323.41
4719,3272,2025-10-01,217355.57,5.00,10867.78
4720,3272,2025-11-01,222605.80,5.00,11130.29
4721,3272,2025-12-01,217008.51,5.00,10850.43
4722,3272,2026-01-01,233514.67,5.00,11675.73
4723,3272,2026-02-01,240929.63,5.00,12046.48
4724,3272,2026-03-01,201913.36,5.00,10095.67
4725,3272,2026-04-01,243536.61,5.00,12176.83
4726,3272,2026-05-01,238189.16,5.00,11909.46
4727,3272,2026-06-01,230611.79,5.00,11530.59
4728,3272,2026-07-01,228358.40,5.00,11417.92
4729,3272,2026-08-01,245688.65,5.00,12284.43
4730,3284,2025-09-01,126386.81,5.00,6319.34
4731,3284,2025-10-01,136521.09,5.00,6826.05
4732,3284,2025-11-01,117923.58,5.00,5896.18
4733,3284,2025-12-01,127152.44,5.00,6357.62
4734,3284,2026-01-01,120747.69,5.00,6037.38
4735,3284,2026-02-01,129061.40,5.00,6453.07
4736,3284,2026-03-01,135027.74,5.00,6751.39
4737,3284,2026-04-01,111827.17,5.00,5591.36
4738,3284,2026-05-01,124832.12,5.00,6241.61
4739,3284,2026-06-01,120085.52,5.00,6004.28
4740,3284,2026-07-01,122991.89,5.00,6149.59
4741,3284,2026-08-01,119329.68,5.00,5966.48
4742,3292,2026-05-01,151349.56,5.00,7567.48
4743,3292,2026-06-01,152998.62,5.00,7649.93
4744,3292,2026-07-01,158609.58,5.00,7930.48
4745,3292,2026-08-01,139492.00,5.00,6974.60
4746,3302,2025-09-01,158087.64,5.00,7904.38
4747,3302,2025-10-01,146571.82,5.00,7328.59
4748,3302,2025-11-01,156624.04,5.00,7831.20
4749,3302,2025-12-01,135204.67,5.00,6760.23
4750,3302,2026-01-01,145379.96,5.00,7269.00
4751,3302,2026-02-01,176683.43,5.00,8834.17
4752,3302,2026-03-01,134803.73,5.00,6740.19
4753,3302,2026-04-01,161427.46,5.00,8071.37
4754,3302,2026-05-01,149555.68,5.00,7477.78
4755,3302,2026-06-01,140459.88,5.00,7022.99
4756,3302,2026-07-01,165357.26,5.00,8267.86
4757,3302,2026-08-01,163442.53,5.00,8172.13
4758,3307,2025-09-01,168609.26,5.00,8430.46
4759,3307,2025-10-01,174008.73,5.00,8700.44
4760,3307,2025-11-01,161830.57,5.00,8091.53
4761,3307,2025-12-01,176361.85,5.00,8818.09
4762,3307,2026-01-01,165554.70,5.00,8277.74
4763,3307,2026-02-01,177663.76,5.00,8883.19
4764,3307,2026-03-01,160750.97,5.00,8037.55
4765,3307,2026-04-01,181966.01,5.00,9098.30
4766,3307,2026-05-01,195115.45,5.00,9755.77
4767,3307,2026-06-01,194965.63,5.00,9748.28
4768,3307,2026-07-01,156505.36,5.00,7825.27
4769,3307,2026-08-01,199962.64,5.00,9998.13
4770,3316,2026-03-01,161300.04,5.00,8065.00
4771,3316,2026-04-01,168051.32,5.00,8402.57
4772,3316,2026-05-01,170895.56,5.00,8544.78
4773,3316,2026-06-01,178594.21,5.00,8929.71
4774,3316,2026-07-01,175686.79,5.00,8784.34
4775,3316,2026-08-01,176823.58,5.00,8841.18
4776,3327,2025-09-01,185551.55,5.00,9277.58
4777,3327,2025-10-01,204911.09,5.00,10245.55
4778,3327,2025-11-01,174617.18,5.00,8730.86
4779,3327,2025-12-01,203061.16,5.00,10153.06
4780,3327,2026-01-01,189403.86,5.00,9470.19
4781,3327,2026-02-01,205809.05,5.00,10290.45
4782,3327,2026-03-01,174695.42,5.00,8734.77
4783,3327,2026-04-01,194245.49,5.00,9712.27
4784,3327,2026-05-01,167176.03,5.00,8358.80
4785,3327,2026-06-01,191195.46,5.00,9559.77
4786,3327,2026-07-01,192590.16,5.00,9629.51
4787,3327,2026-08-01,194611.45,5.00,9730.57
4788,3350,2025-09-01,184066.81,5.00,9203.34
4789,3350,2025-10-01,169854.28,5.00,8492.71
4790,3350,2025-11-01,158288.04,5.00,7914.40
4791,3350,2025-12-01,184582.46,5.00,9229.12
4792,3350,2026-01-01,188612.18,5.00,9430.61
4793,3350,2026-02-01,164691.15,5.00,8234.56
4794,3350,2026-03-01,202403.74,5.00,10120.19
4795,3350,2026-04-01,165828.88,5.00,8291.44
4796,3350,2026-05-01,175554.46,5.00,8777.72
4797,3350,2026-06-01,171217.39,5.00,8560.87
4798,3350,2026-07-01,181343.05,5.00,9067.15
4799,3350,2026-08-01,183817.62,5.00,9190.88
4800,3363,2025-09-01,211932.02,5.00,10596.60
4801,3363,2025-10-01,224200.64,5.00,11210.03
4802,3363,2025-11-01,214098.49,5.00,10704.92
4803,3363,2025-12-01,216623.90,5.00,10831.20
4804,3363,2026-01-01,230383.05,5.00,11519.15
4805,3363,2026-02-01,188566.96,5.00,9428.35
4806,3363,2026-03-01,185721.69,5.00,9286.08
4807,3363,2026-04-01,226215.35,5.00,11310.77
4808,3363,2026-05-01,198301.38,5.00,9915.07
4809,3363,2026-06-01,220297.80,5.00,11014.89
4810,3363,2026-07-01,213131.65,5.00,10656.58
4811,3363,2026-08-01,217074.55,5.00,10853.73
4812,3372,2025-09-01,370062.37,5.00,18503.12
4813,3372,2025-10-01,394233.53,5.00,19711.68
4814,3372,2025-11-01,361964.01,5.00,18098.20
4815,3372,2025-12-01,393115.31,5.00,19655.77
4816,3372,2026-01-01,384331.87,5.00,19216.59
4817,3372,2026-02-01,401006.10,5.00,20050.31
4818,3372,2026-03-01,364977.23,5.00,18248.86
4819,3372,2026-04-01,366715.25,5.00,18335.76
4820,3372,2026-05-01,433842.62,5.00,21692.13
4821,3372,2026-06-01,379790.06,5.00,18989.50
4822,3372,2026-07-01,366336.14,5.00,18316.81
4823,3372,2026-08-01,386403.55,5.00,19320.18
4824,3379,2025-09-01,230161.19,5.00,11508.06
4825,3379,2025-10-01,212938.55,5.00,10646.93
4826,3379,2025-11-01,238992.80,5.00,11949.64
4827,3379,2025-12-01,238684.06,5.00,11934.20
4828,3379,2026-01-01,204275.29,5.00,10213.76
4829,3379,2026-02-01,237230.92,5.00,11861.55
4830,3379,2026-03-01,231492.65,5.00,11574.63
4831,3379,2026-04-01,229795.90,5.00,11489.80
4832,3379,2026-05-01,202199.47,5.00,10109.97
4833,3379,2026-06-01,203293.32,5.00,10164.67
4834,3379,2026-07-01,215357.76,5.00,10767.89
4835,3379,2026-08-01,224123.71,5.00,11206.19
4836,3380,2025-09-01,232521.19,5.00,11626.06
4837,3380,2025-10-01,208185.70,5.00,10409.29
4838,3380,2025-11-01,257608.79,5.00,12880.44
4839,3380,2025-12-01,213921.13,5.00,10696.06
4840,3380,2026-01-01,238686.07,5.00,11934.30
4841,3380,2026-02-01,199416.14,5.00,9970.81
4842,3380,2026-03-01,264346.37,5.00,13217.32
4843,3380,2026-04-01,225188.20,5.00,11259.41
4844,3380,2026-05-01,214674.00,5.00,10733.70
4845,3380,2026-06-01,252070.87,5.00,12603.54
4846,3380,2026-07-01,234963.22,5.00,11748.16
4847,3380,2026-08-01,211168.43,5.00,10558.42
4848,3382,2025-09-01,296547.13,5.00,14827.36
4849,3382,2025-10-01,309407.67,5.00,15470.38
4850,3382,2025-11-01,279093.01,5.00,13954.65
4851,3382,2025-12-01,320342.00,5.00,16017.10
4852,3382,2026-01-01,285477.65,5.00,14273.88
4853,3382,2026-02-01,296302.05,5.00,14815.10
4854,3382,2026-03-01,307780.79,5.00,15389.04
4855,3382,2026-04-01,277862.87,5.00,13893.14
4856,3382,2026-05-01,332792.47,5.00,16639.62
4857,3382,2026-06-01,298267.89,5.00,14913.39
4858,3382,2026-07-01,288582.58,5.00,14429.13
4859,3382,2026-08-01,319362.36,5.00,15968.12
4860,3414,2025-09-01,197535.67,5.00,9876.78
4861,3414,2025-10-01,226686.11,5.00,11334.31
4862,3414,2025-11-01,194890.56,5.00,9744.53
4863,3414,2025-12-01,232602.17,5.00,11630.11
4864,3414,2026-01-01,205999.74,5.00,10299.99
4865,3414,2026-02-01,221430.17,5.00,11071.51
4866,3414,2026-03-01,197379.68,5.00,9868.98
4867,3414,2026-04-01,206871.66,5.00,10343.58
4868,3414,2026-05-01,192866.35,5.00,9643.32
4869,3414,2026-06-01,221415.15,5.00,11070.76
4870,3414,2026-07-01,208009.56,5.00,10400.48
4871,3414,2026-08-01,190997.88,5.00,9549.89
4872,3425,2025-09-01,287398.74,5.00,14369.94
4873,3425,2025-10-01,331593.03,5.00,16579.65
4874,3425,2025-11-01,296894.64,5.00,14844.73
4875,3425,2025-12-01,310773.67,5.00,15538.68
4876,3425,2026-01-01,330437.20,5.00,16521.86
4877,3425,2026-02-01,264219.76,5.00,13210.99
4878,3425,2026-03-01,290654.95,5.00,14532.75
4879,3425,2026-04-01,294285.79,5.00,14714.29
4880,3425,2026-05-01,296845.11,5.00,14842.26
4881,3425,2026-06-01,263415.34,5.00,13170.77
4882,3425,2026-07-01,317834.09,5.00,15891.70
4883,3425,2026-08-01,285235.05,5.00,14261.75
4884,3439,2025-09-01,219366.76,5.00,10968.34
4885,3439,2025-10-01,214125.14,5.00,10706.26
4886,3439,2025-11-01,216191.75,5.00,10809.59
4887,3439,2025-12-01,225189.99,5.00,11259.50
4888,3439,2026-01-01,205028.36,5.00,10251.42
4889,3439,2026-02-01,214996.68,5.00,10749.83
4890,3439,2026-03-01,236674.34,5.00,11833.72
4891,3439,2026-04-01,219594.34,5.00,10979.72
4892,3439,2026-05-01,205677.55,5.00,10283.88
4893,3439,2026-06-01,204356.71,5.00,10217.84
4894,3439,2026-07-01,209170.68,5.00,10458.53
4895,3439,2026-08-01,225025.99,5.00,11251.30
4896,3453,2025-09-01,270679.42,5.00,13533.97
4897,3453,2025-10-01,246353.80,5.00,12317.69
4898,3453,2025-11-01,289925.32,5.00,14496.27
4899,3454,2026-05-01,174817.48,5.00,8740.87
4900,3454,2026-06-01,214233.68,5.00,10711.68
4901,3454,2026-07-01,194592.70,5.00,9729.64
4902,3454,2026-08-01,226257.47,5.00,11312.87
4903,3472,2025-09-01,200735.70,5.00,10036.79
4904,3472,2025-10-01,204670.87,5.00,10233.54
4905,3472,2025-11-01,218611.82,5.00,10930.59
4906,3472,2025-12-01,201652.32,5.00,10082.62
4907,3472,2026-01-01,228106.13,5.00,11405.31
4908,3472,2026-02-01,233090.51,5.00,11654.53
4909,3472,2026-03-01,204237.18,5.00,10211.86
4910,3472,2026-04-01,202511.72,5.00,10125.59
4911,3472,2026-05-01,220749.44,5.00,11037.47
4912,3472,2026-06-01,229051.53,5.00,11452.58
4913,3472,2026-07-01,200218.64,5.00,10010.93
4914,3472,2026-08-01,240878.86,5.00,12043.94
4915,3473,2025-09-01,322408.47,5.00,16120.42
4916,3473,2025-10-01,319629.34,5.00,15981.47
4917,3473,2025-11-01,294419.22,5.00,14720.96
4918,3473,2025-12-01,307847.52,5.00,15392.38
4919,3473,2026-01-01,275529.67,5.00,13776.48
4920,3473,2026-02-01,295714.28,5.00,14785.71
4921,3473,2026-03-01,300453.15,5.00,15022.66
4922,3473,2026-04-01,271646.35,5.00,13582.32
4923,3473,2026-05-01,295055.38,5.00,14752.77
4924,3473,2026-06-01,283033.63,5.00,14151.68
4925,3473,2026-07-01,320088.97,5.00,16004.45
4926,3473,2026-08-01,320272.88,5.00,16013.64
4927,3483,2025-09-01,332682.22,5.00,16634.11
4928,3483,2025-10-01,332506.70,5.00,16625.34
4929,3483,2025-11-01,312892.20,5.00,15644.61
4930,3483,2025-12-01,304650.13,5.00,15232.51
4931,3483,2026-01-01,313152.25,5.00,15657.61
4932,3483,2026-02-01,319739.83,5.00,15986.99
4933,3483,2026-03-01,280555.41,5.00,14027.77
4934,3483,2026-04-01,357857.49,5.00,17892.87
4935,3483,2026-05-01,345789.52,5.00,17289.48
4936,3483,2026-06-01,310959.41,5.00,15547.97
4937,3483,2026-07-01,322573.06,5.00,16128.65
4938,3483,2026-08-01,318662.16,5.00,15933.11
4939,3485,2025-09-01,242406.47,5.00,12120.32
4940,3485,2025-10-01,251865.03,5.00,12593.25
4941,3485,2025-11-01,204004.45,5.00,10200.22
4942,3485,2025-12-01,264144.82,5.00,13207.24
4943,3485,2026-01-01,238147.87,5.00,11907.39
4944,3485,2026-02-01,248547.97,5.00,12427.40
4945,3485,2026-03-01,264386.97,5.00,13219.35
4946,3485,2026-04-01,263324.42,5.00,13166.22
4947,3485,2026-05-01,211289.67,5.00,10564.48
4948,3485,2026-06-01,234074.49,5.00,11703.72
4949,3485,2026-07-01,236322.53,5.00,11816.13
4950,3485,2026-08-01,216434.86,5.00,10821.74
4951,3493,2025-09-01,268321.00,5.00,13416.05
4952,3493,2025-10-01,302659.15,5.00,15132.96
4953,3493,2025-11-01,295252.42,5.00,14762.62
4954,3493,2025-12-01,307644.77,5.00,15382.24
4955,3493,2026-01-01,304261.14,5.00,15213.06
4956,3493,2026-02-01,314072.49,5.00,15703.62
4957,3493,2026-03-01,280733.53,5.00,14036.68
4958,3493,2026-04-01,294154.44,5.00,14707.72
4959,3493,2026-05-01,293295.31,5.00,14664.77
4960,3493,2026-06-01,276595.03,5.00,13829.75
4961,3493,2026-07-01,276437.33,5.00,13821.87
4962,3493,2026-08-01,284503.63,5.00,14225.18
4963,3497,2025-09-01,336803.15,5.00,16840.16
4964,3497,2025-10-01,357520.06,5.00,17876.00
4965,3497,2025-11-01,319542.27,5.00,15977.11
4966,3497,2025-12-01,344182.09,5.00,17209.10
4967,3497,2026-01-01,361635.17,5.00,18081.76
4968,3497,2026-02-01,317559.59,5.00,15877.98
4969,3497,2026-03-01,328289.98,5.00,16414.50
4970,3497,2026-04-01,354257.04,5.00,17712.85
4971,3497,2026-05-01,375445.63,5.00,18772.28
4972,3497,2026-06-01,345071.40,5.00,17253.57
4973,3497,2026-07-01,376408.93,5.00,18820.45
4974,3497,2026-08-01,343929.18,5.00,17196.46
4975,3505,2025-09-01,335960.99,5.00,16798.05
4976,3505,2025-10-01,309628.48,5.00,15481.42
4977,3505,2025-11-01,339472.98,5.00,16973.65
4978,3505,2025-12-01,308482.10,5.00,15424.11
4979,3505,2026-01-01,352212.46,5.00,17610.62
4980,3505,2026-02-01,324763.65,5.00,16238.18
4981,3505,2026-03-01,326737.92,5.00,16336.90
4982,3505,2026-04-01,309735.86,5.00,15486.79
4983,3505,2026-05-01,343620.16,5.00,17181.01
4984,3505,2026-06-01,337138.66,5.00,16856.93
4985,3505,2026-07-01,367004.43,5.00,18350.22
4986,3505,2026-08-01,327561.35,5.00,16378.07
4987,3513,2025-09-01,190724.18,5.00,9536.21
4988,3513,2025-10-01,190380.86,5.00,9519.04
4989,3513,2025-11-01,170277.87,5.00,8513.89
4990,3513,2025-12-01,179972.66,5.00,8998.63
4991,3513,2026-01-01,191491.67,5.00,9574.58
4992,3513,2026-02-01,184921.38,5.00,9246.07
4993,3513,2026-03-01,208242.26,5.00,10412.11
4994,3513,2026-04-01,169982.55,5.00,8499.13
4995,3513,2026-05-01,165277.38,5.00,8263.87
4996,3513,2026-06-01,183668.64,5.00,9183.43
4997,3513,2026-07-01,183974.72,5.00,9198.74
4998,3513,2026-08-01,179295.12,5.00,8964.76
4999,3517,2025-09-01,329674.91,5.00,16483.75
5000,3517,2025-10-01,345378.12,5.00,17268.91
5001,3517,2025-11-01,320833.65,5.00,16041.68
5002,3517,2025-12-01,299465.67,5.00,14973.28
5003,3517,2026-01-01,330647.19,5.00,16532.36
5004,3517,2026-02-01,327912.20,5.00,16395.61
5005,3517,2026-03-01,339322.74,5.00,16966.14
5006,3517,2026-04-01,292129.37,5.00,14606.47
5007,3517,2026-05-01,325003.35,5.00,16250.17
5008,3517,2026-06-01,331872.82,5.00,16593.64
5009,3517,2026-07-01,276255.46,5.00,13812.77
5010,3517,2026-08-01,318560.45,5.00,15928.02
5011,3530,2025-11-01,121518.34,5.00,6075.92
5012,3530,2025-12-01,130201.98,5.00,6510.10
5013,3530,2026-01-01,125855.32,5.00,6292.77
5014,3530,2026-02-01,125149.52,5.00,6257.48
5015,3530,2026-03-01,130803.92,5.00,6540.20
5016,3530,2026-04-01,122565.64,5.00,6128.28
5017,3530,2026-05-01,116550.85,5.00,5827.54
5018,3530,2026-06-01,112117.75,5.00,5605.89
5019,3530,2026-07-01,141651.62,5.00,7082.58
5020,3530,2026-08-01,128801.77,5.00,6440.09
5021,3533,2025-09-01,226558.82,5.00,11327.94
5022,3533,2025-10-01,269443.77,5.00,13472.19
5023,3533,2025-11-01,236863.42,5.00,11843.17
5024,3533,2025-12-01,227050.27,5.00,11352.51
5025,3533,2026-01-01,225241.40,5.00,11262.07
5026,3533,2026-02-01,203298.13,5.00,10164.91
5027,3533,2026-03-01,229316.14,5.00,11465.81
5028,3533,2026-04-01,231608.63,5.00,11580.43
5029,3533,2026-05-01,247725.08,5.00,12386.25
5030,3533,2026-06-01,262679.66,5.00,13133.98
5031,3533,2026-07-01,250972.88,5.00,12548.64
5032,3533,2026-08-01,221105.38,5.00,11055.27
5033,3534,2025-09-01,157334.98,5.00,7866.75
5034,3534,2025-10-01,171031.96,5.00,8551.60
5035,3534,2025-11-01,170383.37,5.00,8519.17
5036,3534,2025-12-01,169393.54,5.00,8469.68
5037,3534,2026-01-01,156481.73,5.00,7824.09
5038,3534,2026-02-01,163412.96,5.00,8170.65
5039,3534,2026-03-01,157232.25,5.00,7861.61
5040,3534,2026-04-01,149469.09,5.00,7473.45
5041,3534,2026-05-01,149137.14,5.00,7456.86
5042,3534,2026-06-01,167561.00,5.00,8378.05
5043,3534,2026-07-01,152121.74,5.00,7606.09
5044,3534,2026-08-01,145513.98,5.00,7275.70
5045,3538,2025-09-01,247285.08,5.00,12364.25
5046,3538,2025-10-01,252505.78,5.00,12625.29
5047,3538,2025-11-01,262209.64,5.00,13110.48
5048,3538,2025-12-01,221870.51,5.00,11093.53
5049,3538,2026-01-01,214660.78,5.00,10733.04
5050,3538,2026-02-01,240299.36,5.00,12014.97
5051,3538,2026-03-01,234626.85,5.00,11731.34
5052,3538,2026-04-01,239723.55,5.00,11986.18
5053,3538,2026-05-01,246892.01,5.00,12344.60
5054,3538,2026-06-01,274364.85,5.00,13718.24
5055,3538,2026-07-01,230085.39,5.00,11504.27
5056,3538,2026-08-01,240820.37,5.00,12041.02
5057,3542,2025-09-01,192342.60,5.00,9617.13
5058,3542,2025-10-01,233826.31,5.00,11691.32
5059,3542,2025-11-01,235683.31,5.00,11784.17
5060,3553,2025-09-01,293283.93,5.00,14664.20
5061,3553,2025-10-01,341038.20,5.00,17051.91
5062,3553,2025-11-01,324472.54,5.00,16223.63
5063,3553,2025-12-01,318799.32,5.00,15939.97
5064,3553,2026-01-01,349310.79,5.00,17465.54
5065,3553,2026-02-01,310734.83,5.00,15536.74
5066,3553,2026-03-01,316982.94,5.00,15849.15
5067,3553,2026-04-01,311482.22,5.00,15574.11
5068,3553,2026-05-01,308509.93,5.00,15425.50
5069,3553,2026-06-01,291909.11,5.00,14595.46
5070,3553,2026-07-01,347544.21,5.00,17377.21
5071,3553,2026-08-01,304997.56,5.00,15249.88
5072,3573,2025-09-01,256710.80,5.00,12835.54
5073,3573,2025-10-01,261018.08,5.00,13050.90
5074,3573,2025-11-01,262387.75,5.00,13119.39
5075,3573,2025-12-01,278364.14,5.00,13918.21
5076,3573,2026-01-01,264165.60,5.00,13208.28
5077,3573,2026-02-01,267189.53,5.00,13359.48
5078,3573,2026-03-01,246084.17,5.00,12304.21
5079,3573,2026-04-01,271887.03,5.00,13594.35
5080,3573,2026-05-01,265691.67,5.00,13284.58
5081,3573,2026-06-01,311773.63,5.00,15588.68
5082,3573,2026-07-01,257403.44,5.00,12870.17
5083,3573,2026-08-01,221288.10,5.00,11064.41
5084,3589,2025-09-01,175440.92,5.00,8772.05
5085,3589,2025-10-01,189695.50,5.00,9484.78
5086,3589,2025-11-01,229118.69,5.00,11455.93
5087,3589,2025-12-01,187257.28,5.00,9362.86
5088,3589,2026-01-01,173452.37,5.00,8672.62
5089,3589,2026-02-01,183238.42,5.00,9161.92
5090,3589,2026-03-01,198007.61,5.00,9900.38
5091,3589,2026-04-01,192052.29,5.00,9602.61
5092,3589,2026-05-01,159251.31,5.00,7962.57
5093,3589,2026-06-01,174430.28,5.00,8721.51
5094,3589,2026-07-01,208689.81,5.00,10434.49
5095,3589,2026-08-01,202036.18,5.00,10101.81
5096,3592,2025-09-01,175452.41,5.00,8772.62
5097,3592,2025-10-01,139283.78,5.00,6964.19
5098,3592,2025-11-01,159542.27,5.00,7977.11
5099,3592,2025-12-01,162824.51,5.00,8141.23
5100,3592,2026-01-01,151428.06,5.00,7571.40
5101,3592,2026-02-01,165623.47,5.00,8281.17
5102,3592,2026-03-01,169083.90,5.00,8454.20
5103,3592,2026-04-01,179232.72,5.00,8961.64
5104,3592,2026-05-01,164738.71,5.00,8236.94
5105,3592,2026-06-01,182919.66,5.00,9145.98
5106,3592,2026-07-01,153340.58,5.00,7667.03
5107,3592,2026-08-01,157829.29,5.00,7891.46
5108,3621,2025-09-01,203011.82,5.00,10150.59
5109,3621,2025-10-01,214149.23,5.00,10707.46
5110,3621,2025-11-01,204118.18,5.00,10205.91
5111,3621,2025-12-01,216249.83,5.00,10812.49
5112,3621,2026-01-01,217529.93,5.00,10876.50
5113,3621,2026-02-01,255525.13,5.00,12776.26
5114,3621,2026-03-01,229431.88,5.00,11471.59
5115,3621,2026-04-01,207953.40,5.00,10397.67
5116,3621,2026-05-01,247382.15,5.00,12369.11
5117,3621,2026-06-01,203145.78,5.00,10157.29
5118,3621,2026-07-01,233028.44,5.00,11651.42
5119,3621,2026-08-01,244315.51,5.00,12215.78
5120,3625,2025-09-01,345421.33,5.00,17271.07
5121,3625,2025-10-01,341405.92,5.00,17070.30
5122,3625,2025-11-01,310889.58,5.00,15544.48
5123,3625,2025-12-01,327171.47,5.00,16358.57
5124,3625,2026-01-01,335860.72,5.00,16793.04
5125,3625,2026-02-01,369704.80,5.00,18485.24
5126,3625,2026-03-01,340640.51,5.00,17032.03
5127,3625,2026-04-01,318176.60,5.00,15908.83
5128,3625,2026-05-01,306657.54,5.00,15332.88
5129,3625,2026-06-01,324075.51,5.00,16203.78
5130,3625,2026-07-01,318787.15,5.00,15939.36
5131,3625,2026-08-01,331160.85,5.00,16558.04
5132,3641,2025-09-01,222630.90,5.00,11131.55
5133,3641,2025-10-01,236602.54,5.00,11830.13
5134,3641,2025-11-01,202415.23,5.00,10120.76
5135,3641,2025-12-01,243320.32,5.00,12166.02
5136,3641,2026-01-01,229844.24,5.00,11492.21
5137,3641,2026-02-01,246045.53,5.00,12302.28
5138,3641,2026-03-01,219024.15,5.00,10951.21
5139,3641,2026-04-01,247758.23,5.00,12387.91
5140,3641,2026-05-01,220576.66,5.00,11028.83
5141,3641,2026-06-01,198496.29,5.00,9924.81
5142,3641,2026-07-01,227436.64,5.00,11371.83
5143,3641,2026-08-01,237595.51,5.00,11879.78
5144,3655,2025-09-01,271103.01,5.00,13555.15
5145,3655,2025-10-01,284965.09,5.00,14248.25
5146,3655,2025-11-01,275056.73,5.00,13752.84
5147,3655,2025-12-01,257039.75,5.00,12851.99
5148,3655,2026-01-01,269921.50,5.00,13496.08
5149,3655,2026-02-01,251839.46,5.00,12591.97
5150,3655,2026-03-01,294066.45,5.00,14703.32
5151,3655,2026-04-01,264449.22,5.00,13222.46
5152,3655,2026-05-01,273806.73,5.00,13690.34
5153,3655,2026-06-01,262801.29,5.00,13140.06
5154,3655,2026-07-01,246351.40,5.00,12317.57
5155,3655,2026-08-01,293802.70,5.00,14690.14
5156,3658,2025-09-01,285252.26,5.00,14262.61
5157,3658,2025-10-01,271908.85,5.00,13595.44
5158,3658,2025-11-01,281819.62,5.00,14090.98
5159,3658,2025-12-01,280993.01,5.00,14049.65
5160,3658,2026-01-01,314724.62,5.00,15736.23
5161,3658,2026-02-01,281936.34,5.00,14096.82
5162,3658,2026-03-01,314481.15,5.00,15724.06
5163,3658,2026-04-01,291391.89,5.00,14569.59
5164,3658,2026-05-01,267523.41,5.00,13376.17
5165,3658,2026-06-01,305620.82,5.00,15281.04
5166,3658,2026-07-01,338183.35,5.00,16909.17
5167,3658,2026-08-01,295440.97,5.00,14772.05
5168,3662,2025-09-01,218624.00,5.00,10931.20
5169,3662,2025-10-01,235967.29,5.00,11798.36
5170,3662,2025-11-01,237698.49,5.00,11884.92
5171,3662,2025-12-01,234098.43,5.00,11704.92
5172,3662,2026-01-01,237103.60,5.00,11855.18
5173,3662,2026-02-01,239987.74,5.00,11999.39
5174,3662,2026-03-01,248082.67,5.00,12404.13
5175,3662,2026-04-01,226219.16,5.00,11310.96
5176,3662,2026-05-01,244653.31,5.00,12232.67
5177,3662,2026-06-01,226886.49,5.00,11344.32
5178,3662,2026-07-01,243553.70,5.00,12177.69
5179,3662,2026-08-01,229610.15,5.00,11480.51
5180,3670,2025-10-01,189308.06,5.00,9465.40
5181,3670,2025-11-01,190255.47,5.00,9512.77
5182,3670,2025-12-01,222960.35,5.00,11148.02
5183,3670,2026-01-01,213860.72,5.00,10693.04
5184,3670,2026-02-01,225458.24,5.00,11272.91
5185,3670,2026-03-01,191766.44,5.00,9588.32
5186,3670,2026-04-01,217165.61,5.00,10858.28
5187,3670,2026-05-01,190622.12,5.00,9531.11
5188,3670,2026-06-01,187300.17,5.00,9365.01
5189,3670,2026-07-01,175783.92,5.00,8789.20
5190,3670,2026-08-01,191927.86,5.00,9596.39
5191,3682,2025-09-01,243277.12,5.00,12163.86
5192,3682,2025-10-01,223056.71,5.00,11152.84
5193,3682,2025-11-01,251366.09,5.00,12568.30
5194,3682,2025-12-01,253823.34,5.00,12691.17
5195,3682,2026-01-01,211475.53,5.00,10573.78
5196,3682,2026-02-01,213946.44,5.00,10697.32
5197,3682,2026-03-01,217938.71,5.00,10896.94
5198,3682,2026-04-01,240599.78,5.00,12029.99
5199,3682,2026-05-01,238582.56,5.00,11929.13
5200,3682,2026-06-01,236193.78,5.00,11809.69
5201,3682,2026-07-01,249117.14,5.00,12455.86
5202,3682,2026-08-01,248408.56,5.00,12420.43
5203,3683,2025-09-01,187510.51,5.00,9375.53
5204,3683,2025-10-01,166638.37,5.00,8331.92
5205,3683,2025-11-01,175744.65,5.00,8787.23
5206,3683,2025-12-01,171228.56,5.00,8561.43
5207,3683,2026-01-01,192609.98,5.00,9630.50
5208,3683,2026-02-01,174501.44,5.00,8725.07
5209,3683,2026-03-01,184910.14,5.00,9245.51
5210,3683,2026-04-01,177958.21,5.00,8897.91
5211,3683,2026-05-01,190955.28,5.00,9547.76
5212,3683,2026-06-01,189371.00,5.00,9468.55
5213,3683,2026-07-01,190119.88,5.00,9505.99
5214,3683,2026-08-01,181355.01,5.00,9067.75
5215,3686,2025-09-01,254673.24,5.00,12733.66
5216,3686,2025-10-01,291882.69,5.00,14594.13
5217,3686,2025-11-01,269248.64,5.00,13462.43
5218,3686,2025-12-01,241456.12,5.00,12072.81
5219,3686,2026-01-01,270543.94,5.00,13527.20
5220,3686,2026-02-01,245999.44,5.00,12299.97
5221,3686,2026-03-01,217339.99,5.00,10867.00
5222,3686,2026-04-01,260634.16,5.00,13031.71
5223,3686,2026-05-01,240251.31,5.00,12012.57
5224,3686,2026-06-01,269694.98,5.00,13484.75
5225,3686,2026-07-01,280096.70,5.00,14004.84
5226,3686,2026-08-01,235683.58,5.00,11784.18
5227,3689,2025-09-01,234234.71,5.00,11711.74
5228,3689,2025-10-01,249942.88,5.00,12497.14
5229,3689,2025-11-01,260325.68,5.00,13016.28
5230,3689,2025-12-01,249151.42,5.00,12457.57
5231,3689,2026-01-01,265274.81,5.00,13263.74
5232,3689,2026-02-01,272460.44,5.00,13623.02
5233,3689,2026-03-01,265563.36,5.00,13278.17
5234,3689,2026-04-01,237326.00,5.00,11866.30
5235,3689,2026-05-01,256864.62,5.00,12843.23
5236,3689,2026-06-01,290041.31,5.00,14502.07
5237,3689,2026-07-01,282451.98,5.00,14122.60
5238,3689,2026-08-01,281663.30,5.00,14083.17
5239,3690,2025-09-01,407382.92,5.00,20369.15
5240,3690,2025-10-01,338501.90,5.00,16925.10
5241,3690,2025-11-01,333928.19,5.00,16696.41
5242,3690,2025-12-01,333892.12,5.00,16694.61
5243,3690,2026-01-01,341035.19,5.00,17051.76
5244,3690,2026-02-01,352741.91,5.00,17637.10
5245,3690,2026-03-01,363945.31,5.00,18197.27
5246,3690,2026-04-01,422823.08,5.00,21141.15
5247,3690,2026-05-01,319659.48,5.00,15982.97
5248,3690,2026-06-01,387547.97,5.00,19377.40
5249,3690,2026-07-01,333104.80,5.00,16655.24
5250,3690,2026-08-01,299154.10,5.00,14957.71
5251,3691,2025-09-01,229695.49,5.00,11484.77
5252,3691,2025-10-01,248167.14,5.00,12408.36
5253,3691,2025-11-01,186860.60,5.00,9343.03
5254,3691,2025-12-01,200841.48,5.00,10042.07
5255,3691,2026-01-01,213796.25,5.00,10689.81
5256,3691,2026-02-01,210624.19,5.00,10531.21
5257,3691,2026-03-01,203142.93,5.00,10157.15
5258,3691,2026-04-01,214723.03,5.00,10736.15
5259,3691,2026-05-01,232393.88,5.00,11619.69
5260,3691,2026-06-01,214924.84,5.00,10746.24
5261,3691,2026-07-01,237151.96,5.00,11857.60
5262,3691,2026-08-01,202789.29,5.00,10139.46
5263,3708,2025-09-01,211344.22,5.00,10567.21
5264,3708,2025-10-01,254638.15,5.00,12731.91
5265,3708,2025-11-01,267057.45,5.00,13352.87
5266,3708,2025-12-01,270401.48,5.00,13520.07
5267,3708,2026-01-01,244665.56,5.00,12233.28
5268,3708,2026-02-01,238914.26,5.00,11945.71
5269,3708,2026-03-01,257674.20,5.00,12883.71
5270,3708,2026-04-01,250468.34,5.00,12523.42
5271,3708,2026-05-01,228189.33,5.00,11409.47
5272,3708,2026-06-01,244760.60,5.00,12238.03
5273,3708,2026-07-01,260322.98,5.00,13016.15
5274,3708,2026-08-01,286955.83,5.00,14347.79
5275,3715,2025-09-01,310914.39,5.00,15545.72
5276,3715,2025-10-01,255852.82,5.00,12792.64
5277,3715,2025-11-01,255320.52,5.00,12766.03
5278,3715,2025-12-01,256711.41,5.00,12835.57
5279,3715,2026-01-01,222988.65,5.00,11149.43
5280,3715,2026-02-01,268905.42,5.00,13445.27
5281,3715,2026-03-01,279034.89,5.00,13951.74
5282,3715,2026-04-01,255344.08,5.00,12767.20
5283,3715,2026-05-01,257334.37,5.00,12866.72
5284,3715,2026-06-01,269587.60,5.00,13479.38
5285,3715,2026-07-01,248852.54,5.00,12442.63
5286,3715,2026-08-01,208491.95,5.00,10424.60
5287,3718,2025-09-01,147250.72,5.00,7362.54
5288,3718,2025-10-01,155038.78,5.00,7751.94
5289,3718,2025-11-01,157306.35,5.00,7865.32
5290,3718,2025-12-01,164994.38,5.00,8249.72
5291,3718,2026-01-01,150165.97,5.00,7508.30
5292,3718,2026-02-01,145914.58,5.00,7295.73
5293,3718,2026-03-01,165604.85,5.00,8280.24
5294,3718,2026-04-01,140899.79,5.00,7044.99
5295,3718,2026-05-01,158471.74,5.00,7923.59
5296,3718,2026-06-01,138824.54,5.00,6941.23
5297,3718,2026-07-01,157150.59,5.00,7857.53
5298,3718,2026-08-01,161724.24,5.00,8086.21
5299,3727,2025-09-01,346146.64,5.00,17307.33
5300,3727,2025-10-01,303748.63,5.00,15187.43
5301,3727,2025-11-01,325486.02,5.00,16274.30
5302,3727,2025-12-01,350288.26,5.00,17514.41
5303,3727,2026-01-01,275197.37,5.00,13759.87
5304,3727,2026-02-01,310872.56,5.00,15543.63
5305,3727,2026-03-01,304528.27,5.00,15226.41
5306,3727,2026-04-01,387313.56,5.00,19365.68
5307,3727,2026-05-01,315426.77,5.00,15771.34
5308,3727,2026-06-01,301573.26,5.00,15078.66
5309,3727,2026-07-01,375299.14,5.00,18764.96
5310,3727,2026-08-01,361822.69,5.00,18091.13
5311,3728,2025-09-01,181201.13,5.00,9060.06
5312,3728,2025-10-01,190985.04,5.00,9549.25
5313,3728,2025-11-01,206143.01,5.00,10307.15
5314,3728,2025-12-01,200334.36,5.00,10016.72
5315,3728,2026-01-01,193460.76,5.00,9673.04
5316,3728,2026-02-01,162065.23,5.00,8103.26
5317,3728,2026-03-01,188711.98,5.00,9435.60
5318,3728,2026-04-01,195679.86,5.00,9783.99
5319,3728,2026-05-01,167137.53,5.00,8356.88
5320,3728,2026-06-01,170262.67,5.00,8513.13
5321,3728,2026-07-01,185952.61,5.00,9297.63
5322,3728,2026-08-01,173478.57,5.00,8673.93
5323,3729,2025-09-01,328653.72,5.00,16432.69
5324,3729,2025-10-01,322359.79,5.00,16117.99
5325,3729,2025-11-01,352660.39,5.00,17633.02
5326,3729,2025-12-01,338218.09,5.00,16910.90
5327,3729,2026-01-01,317354.28,5.00,15867.71
5328,3729,2026-02-01,309347.40,5.00,15467.37
5329,3729,2026-03-01,351256.78,5.00,17562.84
5330,3729,2026-04-01,341202.37,5.00,17060.12
5331,3729,2026-05-01,318246.64,5.00,15912.33
5332,3729,2026-06-01,330978.78,5.00,16548.94
5333,3729,2026-07-01,301483.37,5.00,15074.17
5334,3729,2026-08-01,297622.06,5.00,14881.10
5335,3731,2025-09-01,106921.42,5.00,5346.07
5336,3731,2025-10-01,104507.20,5.00,5225.36
5337,3731,2025-11-01,98871.73,5.00,4943.59
5338,3731,2025-12-01,112228.45,5.00,5611.42
5339,3731,2026-01-01,106684.82,5.00,5334.24
5340,3731,2026-02-01,120695.66,5.00,6034.78
5341,3731,2026-03-01,101548.41,5.00,5077.42
5342,3731,2026-04-01,105853.91,5.00,5292.70
5343,3731,2026-05-01,111200.51,5.00,5560.03
5344,3731,2026-06-01,97329.95,5.00,4866.50
5345,3731,2026-07-01,109405.96,5.00,5470.30
5346,3731,2026-08-01,104647.21,5.00,5232.36
5347,3733,2026-03-01,123312.00,5.00,6165.60
5348,3733,2026-04-01,140850.35,5.00,7042.52
5349,3733,2026-05-01,130771.12,5.00,6538.56
5350,3733,2026-06-01,148659.73,5.00,7432.99
5351,3733,2026-07-01,125123.25,5.00,6256.16
5352,3733,2026-08-01,139210.55,5.00,6960.53
5353,3737,2026-02-01,166341.52,5.00,8317.08
5354,3737,2026-03-01,148791.52,5.00,7439.58
5355,3737,2026-04-01,162184.27,5.00,8109.21
5356,3737,2026-05-01,165955.99,5.00,8297.80
5357,3737,2026-06-01,186433.14,5.00,9321.66
5358,3737,2026-07-01,169565.99,5.00,8478.30
5359,3737,2026-08-01,169940.22,5.00,8497.01
5360,3742,2026-04-01,175605.17,5.00,8780.26
5361,3742,2026-05-01,180663.36,5.00,9033.17
5362,3742,2026-06-01,175778.94,5.00,8788.95
5363,3742,2026-07-01,194168.81,5.00,9708.44
5364,3742,2026-08-01,162737.67,5.00,8136.88
5365,3755,2025-09-01,231689.59,5.00,11584.48
5366,3755,2025-10-01,210533.02,5.00,10526.65
5367,3755,2025-11-01,176124.90,5.00,8806.25
5368,3755,2025-12-01,221291.55,5.00,11064.58
5369,3755,2026-01-01,222147.75,5.00,11107.39
5370,3755,2026-02-01,211449.56,5.00,10572.48
5371,3755,2026-03-01,197628.35,5.00,9881.42
5372,3755,2026-04-01,203164.20,5.00,10158.21
5373,3755,2026-05-01,213892.48,5.00,10694.62
5374,3755,2026-06-01,207728.83,5.00,10386.44
5375,3755,2026-07-01,223662.37,5.00,11183.12
5376,3755,2026-08-01,172019.37,5.00,8600.97
5377,3767,2025-09-01,224114.74,5.00,11205.74
5378,3767,2025-10-01,244481.01,5.00,12224.05
5379,3767,2025-11-01,223844.18,5.00,11192.21
5380,3767,2025-12-01,227180.92,5.00,11359.05
5381,3767,2026-01-01,218123.30,5.00,10906.17
5382,3767,2026-02-01,231858.15,5.00,11592.91
5383,3767,2026-03-01,205232.46,5.00,10261.62
5384,3767,2026-04-01,219976.36,5.00,10998.82
5385,3767,2026-05-01,245346.09,5.00,12267.30
5386,3767,2026-06-01,267588.06,5.00,13379.40
5387,3767,2026-07-01,241474.33,5.00,12073.72
5388,3767,2026-08-01,233005.51,5.00,11650.28
5389,3775,2025-09-01,229661.30,5.00,11483.07
5390,3775,2025-10-01,217753.34,5.00,10887.67
5391,3775,2025-11-01,231309.02,5.00,11565.45
5392,3775,2025-12-01,224399.71,5.00,11219.99
5393,3775,2026-01-01,234944.84,5.00,11747.24
5394,3775,2026-02-01,210526.34,5.00,10526.32
5395,3775,2026-03-01,245939.15,5.00,12296.96
5396,3775,2026-04-01,230907.61,5.00,11545.38
5397,3775,2026-05-01,248898.03,5.00,12444.90
5398,3775,2026-06-01,241365.83,5.00,12068.29
5399,3775,2026-07-01,241124.68,5.00,12056.23
5400,3775,2026-08-01,249981.61,5.00,12499.08
5401,3780,2025-09-01,182980.29,5.00,9149.01
5402,3780,2025-10-01,188765.14,5.00,9438.26
5403,3780,2025-11-01,190852.11,5.00,9542.61
5404,3780,2025-12-01,160024.32,5.00,8001.22
5405,3780,2026-01-01,176431.31,5.00,8821.57
5406,3780,2026-02-01,174842.73,5.00,8742.14
5407,3780,2026-03-01,184439.64,5.00,9221.98
5408,3780,2026-04-01,195546.83,5.00,9777.34
5409,3780,2026-05-01,195197.84,5.00,9759.89
5410,3780,2026-06-01,211248.46,5.00,10562.42
5411,3780,2026-07-01,185104.24,5.00,9255.21
5412,3780,2026-08-01,198143.28,5.00,9907.16
5413,3782,2025-09-01,270885.42,5.00,13544.27
5414,3782,2025-10-01,293077.14,5.00,14653.86
5415,3782,2025-11-01,245418.42,5.00,12270.92
5416,3782,2025-12-01,250813.97,5.00,12540.70
5417,3782,2026-01-01,263465.95,5.00,13173.30
5418,3782,2026-02-01,242054.96,5.00,12102.75
5419,3782,2026-03-01,273061.02,5.00,13653.05
5420,3782,2026-04-01,257012.46,5.00,12850.62
5421,3782,2026-05-01,270571.63,5.00,13528.58
5422,3782,2026-06-01,271681.32,5.00,13584.07
5423,3782,2026-07-01,272341.27,5.00,13617.06
5424,3782,2026-08-01,286864.31,5.00,14343.22
5425,3790,2025-12-01,229156.43,5.00,11457.82
5426,3790,2026-01-01,214230.16,5.00,10711.51
5427,3790,2026-02-01,248090.57,5.00,12404.53
5428,3790,2026-03-01,250089.21,5.00,12504.46
5429,3790,2026-04-01,228410.71,5.00,11420.54
5430,3790,2026-05-01,256631.15,5.00,12831.56
5431,3790,2026-06-01,233085.00,5.00,11654.25
5432,3790,2026-07-01,227728.05,5.00,11386.40
5433,3790,2026-08-01,224049.08,5.00,11202.45
5434,3793,2025-09-01,271342.57,5.00,13567.13
5435,3793,2025-10-01,260482.84,5.00,13024.14
5436,3793,2025-11-01,261842.57,5.00,13092.13
5437,3793,2025-12-01,262365.61,5.00,13118.28
5438,3793,2026-01-01,310707.56,5.00,15535.38
5439,3793,2026-02-01,315788.24,5.00,15789.41
5440,3793,2026-03-01,273576.35,5.00,13678.82
5441,3793,2026-04-01,266840.00,5.00,13342.00
5442,3793,2026-05-01,250800.48,5.00,12540.02
5443,3793,2026-06-01,285712.13,5.00,14285.61
5444,3793,2026-07-01,285373.86,5.00,14268.69
5445,3793,2026-08-01,263987.92,5.00,13199.40
5446,3804,2025-09-01,418432.20,5.00,20921.61
5447,3804,2025-10-01,442626.27,5.00,22131.31
5448,3804,2025-11-01,408061.08,5.00,20403.05
5449,3804,2025-12-01,389744.65,5.00,19487.23
5450,3804,2026-01-01,454437.81,5.00,22721.89
5451,3804,2026-02-01,467167.38,5.00,23358.37
5452,3804,2026-03-01,410346.43,5.00,20517.32
5453,3804,2026-04-01,439194.84,5.00,21959.74
5454,3804,2026-05-01,358603.52,5.00,17930.18
5455,3804,2026-06-01,402458.62,5.00,20122.93
5456,3804,2026-07-01,451471.06,5.00,22573.55
5457,3804,2026-08-01,413915.82,5.00,20695.79
5458,3806,2025-09-01,161747.45,5.00,8087.37
5459,3806,2025-10-01,161935.20,5.00,8096.76
5460,3806,2025-11-01,168528.39,5.00,8426.42
5461,3806,2025-12-01,184228.85,5.00,9211.44
5462,3806,2026-01-01,177725.13,5.00,8886.26
5463,3806,2026-02-01,171999.17,5.00,8599.96
5464,3806,2026-03-01,180570.60,5.00,9028.53
5465,3806,2026-04-01,174089.79,5.00,8704.49
5466,3806,2026-05-01,170956.18,5.00,8547.81
5467,3806,2026-06-01,162023.49,5.00,8101.17
5468,3806,2026-07-01,159239.20,5.00,7961.96
5469,3806,2026-08-01,186836.15,5.00,9341.81
5470,3807,2025-09-01,181818.25,5.00,9090.91
5471,3807,2025-10-01,197145.17,5.00,9857.26
5472,3807,2025-11-01,193721.79,5.00,9686.09
5473,3807,2025-12-01,183400.15,5.00,9170.01
5474,3807,2026-01-01,194759.37,5.00,9737.97
5475,3831,2025-09-01,456675.56,5.00,22833.78
5476,3831,2025-10-01,387210.64,5.00,19360.53
5477,3831,2025-11-01,306968.90,5.00,15348.45
5478,3831,2025-12-01,387756.16,5.00,19387.81
5479,3831,2026-01-01,384617.59,5.00,19230.88
5480,3831,2026-02-01,388918.81,5.00,19445.94
5481,3831,2026-03-01,425276.56,5.00,21263.83
5482,3831,2026-04-01,382579.34,5.00,19128.97
5483,3831,2026-05-01,347735.70,5.00,17386.79
5484,3831,2026-06-01,420343.54,5.00,21017.18
5485,3831,2026-07-01,370585.28,5.00,18529.26
5486,3831,2026-08-01,392660.24,5.00,19633.01
5487,3834,2025-09-01,171540.82,5.00,8577.04
5488,3834,2025-10-01,181250.34,5.00,9062.52
5489,3834,2025-11-01,156910.45,5.00,7845.52
5490,3834,2025-12-01,186475.43,5.00,9323.77
5491,3834,2026-01-01,161544.53,5.00,8077.23
5492,3834,2026-02-01,193572.91,5.00,9678.65
5493,3834,2026-03-01,159845.64,5.00,7992.28
5494,3834,2026-04-01,160789.89,5.00,8039.49
5495,3834,2026-05-01,160021.17,5.00,8001.06
5496,3834,2026-06-01,185427.84,5.00,9271.39
5497,3834,2026-07-01,166569.76,5.00,8328.49
5498,3834,2026-08-01,165590.08,5.00,8279.50
5499,3848,2025-09-01,320922.65,5.00,16046.13
5500,3848,2025-10-01,371226.13,5.00,18561.31
5501,3848,2025-11-01,320336.81,5.00,16016.84
5502,3848,2025-12-01,354671.20,5.00,17733.56
5503,3848,2026-01-01,301087.30,5.00,15054.37
5504,3848,2026-02-01,299524.19,5.00,14976.21
5505,3848,2026-03-01,321347.34,5.00,16067.37
5506,3848,2026-04-01,334509.76,5.00,16725.49
5507,3848,2026-05-01,270909.20,5.00,13545.46
5508,3848,2026-06-01,363932.86,5.00,18196.64
5509,3848,2026-07-01,311431.86,5.00,15571.59
5510,3848,2026-08-01,318223.96,5.00,15911.20
5511,3855,2025-09-01,361472.76,5.00,18073.64
5512,3855,2025-10-01,353960.38,5.00,17698.02
5513,3855,2025-11-01,338025.49,5.00,16901.27
5514,3855,2025-12-01,364517.97,5.00,18225.90
5515,3855,2026-01-01,362930.41,5.00,18146.52
5516,3855,2026-02-01,309008.12,5.00,15450.41
5517,3855,2026-03-01,342147.81,5.00,17107.39
5518,3855,2026-04-01,332063.49,5.00,16603.17
5519,3855,2026-05-01,332125.85,5.00,16606.29
5520,3855,2026-06-01,303775.85,5.00,15188.79
5521,3855,2026-07-01,375664.73,5.00,18783.24
5522,3855,2026-08-01,390375.47,5.00,19518.77
5523,3860,2025-09-01,285144.51,5.00,14257.23
5524,3860,2025-10-01,331811.33,5.00,16590.57
5525,3860,2025-11-01,329736.22,5.00,16486.81
5526,3860,2025-12-01,368851.32,5.00,18442.57
5527,3860,2026-01-01,292198.90,5.00,14609.95
5528,3860,2026-02-01,363915.40,5.00,18195.77
5529,3860,2026-03-01,311441.59,5.00,15572.08
5530,3860,2026-04-01,335127.97,5.00,16756.40
5531,3860,2026-05-01,337107.67,5.00,16855.38
5532,3860,2026-06-01,287480.80,5.00,14374.04
5533,3860,2026-07-01,340585.97,5.00,17029.30
5534,3860,2026-08-01,330031.41,5.00,16501.57
5535,3865,2025-09-01,221203.39,5.00,11060.17
5536,3865,2025-10-01,255718.42,5.00,12785.92
5537,3865,2025-11-01,216396.79,5.00,10819.84
5538,3865,2025-12-01,251945.54,5.00,12597.28
5539,3865,2026-01-01,257129.27,5.00,12856.46
5540,3865,2026-02-01,250407.14,5.00,12520.36
5541,3865,2026-03-01,220831.49,5.00,11041.57
5542,3865,2026-04-01,237613.63,5.00,11880.68
5543,3865,2026-05-01,242535.31,5.00,12126.77
5544,3865,2026-06-01,229247.34,5.00,11462.37
5545,3865,2026-07-01,239816.09,5.00,11990.80
5546,3865,2026-08-01,241047.63,5.00,12052.38
5547,3881,2025-09-01,184248.74,5.00,9212.44
5548,3881,2025-10-01,175034.50,5.00,8751.73
5549,3881,2025-11-01,195966.14,5.00,9798.31
5550,3881,2025-12-01,193496.81,5.00,9674.84
5551,3881,2026-01-01,183068.23,5.00,9153.41
5552,3881,2026-02-01,189076.06,5.00,9453.80
5553,3881,2026-03-01,165586.69,5.00,8279.33
5554,3881,2026-04-01,165282.31,5.00,8264.12
5555,3881,2026-05-01,183418.60,5.00,9170.93
5556,3881,2026-06-01,183742.99,5.00,9187.15
5557,3881,2026-07-01,160919.79,5.00,8045.99
5558,3881,2026-08-01,179314.40,5.00,8965.72
5559,3887,2025-09-01,268331.04,5.00,13416.55
5560,3887,2025-10-01,305755.34,5.00,15287.77
5561,3887,2025-11-01,328340.12,5.00,16417.01
5562,3887,2025-12-01,307274.61,5.00,15363.73
5563,3887,2026-01-01,305957.24,5.00,15297.86
5564,3887,2026-02-01,308217.92,5.00,15410.90
5565,3887,2026-03-01,300001.64,5.00,15000.08
5566,3887,2026-04-01,298106.34,5.00,14905.32
5567,3887,2026-05-01,303022.97,5.00,15151.15
5568,3887,2026-06-01,289563.35,5.00,14478.17
5569,3887,2026-07-01,290370.24,5.00,14518.51
5570,3887,2026-08-01,303996.86,5.00,15199.84
5571,3890,2025-09-01,225632.83,5.00,11281.64
5572,3890,2025-10-01,284442.86,5.00,14222.14
5573,3890,2025-11-01,256485.52,5.00,12824.28
5574,3890,2025-12-01,264343.56,5.00,13217.18
5575,3890,2026-01-01,281796.17,5.00,14089.81
5576,3890,2026-02-01,248335.17,5.00,12416.76
5577,3890,2026-03-01,301659.03,5.00,15082.95
5578,3890,2026-04-01,268541.38,5.00,13427.07
5579,3890,2026-05-01,260431.42,5.00,13021.57
5580,3890,2026-06-01,281992.52,5.00,14099.63
5581,3890,2026-07-01,248492.33,5.00,12424.62
5582,3890,2026-08-01,285030.16,5.00,14251.51
5583,3893,2025-09-01,198861.05,5.00,9943.05
5584,3893,2025-10-01,167820.72,5.00,8391.04
5585,3893,2025-11-01,157525.98,5.00,7876.30
5586,3893,2025-12-01,191929.34,5.00,9596.47
5587,3893,2026-01-01,198076.46,5.00,9903.82
5588,3893,2026-02-01,177924.60,5.00,8896.23
5589,3893,2026-03-01,187788.63,5.00,9389.43
5590,3893,2026-04-01,204431.59,5.00,10221.58
5591,3893,2026-05-01,181847.14,5.00,9092.36
5592,3893,2026-06-01,187272.38,5.00,9363.62
5593,3893,2026-07-01,186009.99,5.00,9300.50
5594,3893,2026-08-01,205844.38,5.00,10292.22
5595,3897,2026-04-01,174291.96,5.00,8714.60
5596,3897,2026-05-01,195322.34,5.00,9766.12
5597,3897,2026-06-01,200770.79,5.00,10038.54
5598,3897,2026-07-01,183713.06,5.00,9185.65
5599,3897,2026-08-01,174357.36,5.00,8717.87
5600,3906,2025-09-01,200934.03,5.00,10046.70
5601,3906,2025-10-01,177380.70,5.00,8869.04
5602,3906,2025-11-01,201406.59,5.00,10070.33
5603,3906,2025-12-01,183416.30,5.00,9170.82
5604,3906,2026-01-01,207344.03,5.00,10367.20
5605,3906,2026-02-01,194576.15,5.00,9728.81
5606,3906,2026-03-01,199791.21,5.00,9989.56
5607,3906,2026-04-01,213562.60,5.00,10678.13
5608,3906,2026-05-01,194358.87,5.00,9717.94
5609,3906,2026-06-01,206427.93,5.00,10321.40
5610,3906,2026-07-01,205103.41,5.00,10255.17
5611,3906,2026-08-01,194262.38,5.00,9713.12
5612,3928,2025-09-01,130258.03,5.00,6512.90
5613,3928,2025-10-01,120524.45,5.00,6026.22
5614,3928,2025-11-01,125395.07,5.00,6269.75
5615,3928,2025-12-01,134472.28,5.00,6723.61
5616,3928,2026-01-01,129716.69,5.00,6485.83
5617,3928,2026-02-01,133301.98,5.00,6665.10
5618,3928,2026-03-01,120376.48,5.00,6018.82
5619,3928,2026-04-01,131621.62,5.00,6581.08
5620,3928,2026-05-01,116062.71,5.00,5803.14
5621,3928,2026-06-01,123107.94,5.00,6155.40
5622,3928,2026-07-01,114654.10,5.00,5732.71
5623,3928,2026-08-01,117109.23,5.00,5855.46
5624,3952,2025-09-01,431805.84,5.00,21590.29
5625,3952,2025-10-01,364369.88,5.00,18218.49
5626,3952,2025-11-01,416447.63,5.00,20822.38
5627,3952,2025-12-01,325699.25,5.00,16284.96
5628,3952,2026-01-01,390399.14,5.00,19519.96
5629,3952,2026-02-01,357307.20,5.00,17865.36
5630,3952,2026-03-01,412504.40,5.00,20625.22
5631,3952,2026-04-01,460757.37,5.00,23037.87
5632,3952,2026-05-01,380470.85,5.00,19023.54
5633,3952,2026-06-01,413923.76,5.00,20696.19
5634,3952,2026-07-01,403712.21,5.00,20185.61
5635,3952,2026-08-01,337014.16,5.00,16850.71
5636,3964,2026-03-01,135572.13,5.00,6778.61
5637,3964,2026-04-01,144362.20,5.00,7218.11
5638,3964,2026-05-01,134543.38,5.00,6727.17
5639,3964,2026-06-01,130892.23,5.00,6544.61
5640,3964,2026-07-01,129206.71,5.00,6460.34
5641,3964,2026-08-01,152694.96,5.00,7634.75
5642,3968,2025-09-01,235940.18,5.00,11797.01
5643,3968,2025-10-01,280994.24,5.00,14049.71
5644,3968,2025-11-01,250078.95,5.00,12503.95
5645,3968,2025-12-01,211947.79,5.00,10597.39
5646,3968,2026-01-01,251485.70,5.00,12574.29
5647,3968,2026-02-01,250688.90,5.00,12534.45
5648,3968,2026-03-01,278154.78,5.00,13907.74
5649,3968,2026-04-01,243404.85,5.00,12170.24
5650,3968,2026-05-01,256968.54,5.00,12848.43
5651,3968,2026-06-01,227187.19,5.00,11359.36
5652,3968,2026-07-01,257570.75,5.00,12878.54
5653,3968,2026-08-01,249321.62,5.00,12466.08
5654,3970,2025-09-01,174448.74,5.00,8722.44
5655,3970,2025-10-01,192700.41,5.00,9635.02
5656,3970,2025-11-01,179978.31,5.00,8998.92
5657,3970,2025-12-01,157308.34,5.00,7865.42
5658,3970,2026-01-01,175633.83,5.00,8781.69
5659,3970,2026-02-01,161612.44,5.00,8080.62
5660,3970,2026-03-01,166674.98,5.00,8333.75
5661,3970,2026-04-01,182435.71,5.00,9121.79
5662,3970,2026-05-01,155820.89,5.00,7791.04
5663,3970,2026-06-01,152591.84,5.00,7629.59
5664,3970,2026-07-01,167530.97,5.00,8376.55
5665,3970,2026-08-01,158320.31,5.00,7916.02
5666,3971,2025-09-01,205352.82,5.00,10267.64
5667,3971,2025-10-01,227162.89,5.00,11358.14
5668,3971,2025-11-01,196893.16,5.00,9844.66
5669,3971,2025-12-01,247903.32,5.00,12395.17
5670,3971,2026-01-01,245415.98,5.00,12270.80
5671,3971,2026-02-01,236984.15,5.00,11849.21
5672,3971,2026-03-01,241280.72,5.00,12064.04
5673,3971,2026-04-01,270170.18,5.00,13508.51
5674,3971,2026-05-01,230207.56,5.00,11510.38
5675,3971,2026-06-01,222703.47,5.00,11135.17
5676,3971,2026-07-01,216422.19,5.00,10821.11
5677,3971,2026-08-01,237300.84,5.00,11865.04
5678,3977,2025-09-01,369784.44,5.00,18489.22
5679,3977,2025-10-01,346310.98,5.00,17315.55
5680,3977,2025-11-01,333298.55,5.00,16664.93
5681,3977,2025-12-01,340247.60,5.00,17012.38
5682,3977,2026-01-01,364104.21,5.00,18205.21
5683,3977,2026-02-01,332095.48,5.00,16604.77
5684,3977,2026-03-01,337036.67,5.00,16851.83
5685,3977,2026-04-01,294320.82,5.00,14716.04
5686,3977,2026-05-01,349557.01,5.00,17477.85
5687,3977,2026-06-01,325829.77,5.00,16291.49
5688,3977,2026-07-01,358771.98,5.00,17938.60
5689,3977,2026-08-01,385317.46,5.00,19265.87
5690,3992,2025-09-01,237876.62,5.00,11893.83
5691,3992,2025-10-01,264872.98,5.00,13243.65
5692,3992,2025-11-01,278950.70,5.00,13947.54
5693,3992,2025-12-01,281451.55,5.00,14072.58
5694,3992,2026-01-01,262942.74,5.00,13147.14
5695,3992,2026-02-01,282718.74,5.00,14135.94
5696,3992,2026-03-01,254280.11,5.00,12714.01
5697,3992,2026-04-01,282863.80,5.00,14143.19
5698,3992,2026-05-01,276295.56,5.00,13814.78
5699,3992,2026-06-01,254361.68,5.00,12718.08
5700,3992,2026-07-01,283103.90,5.00,14155.20
5701,3992,2026-08-01,225010.79,5.00,11250.54
5702,3994,2025-09-01,172402.31,5.00,8620.12
5703,3994,2025-10-01,174021.03,5.00,8701.05
5704,3994,2025-11-01,173757.46,5.00,8687.87
5705,3994,2025-12-01,181293.07,5.00,9064.65
5706,3994,2026-01-01,154666.79,5.00,7733.34
5707,3994,2026-02-01,188184.30,5.00,9409.22
5708,3994,2026-03-01,173542.05,5.00,8677.10
5709,3994,2026-04-01,159225.69,5.00,7961.28
5710,3994,2026-05-01,154405.02,5.00,7720.25
5711,3994,2026-06-01,167774.94,5.00,8388.75
5712,3994,2026-07-01,170856.87,5.00,8542.84
5713,3994,2026-08-01,179962.42,5.00,8998.12
5714,4002,2025-09-01,236408.26,5.00,11820.41
5715,4002,2025-10-01,275154.72,5.00,13757.74
5716,4002,2025-11-01,232542.17,5.00,11627.11
5717,4002,2025-12-01,287774.00,5.00,14388.70
5718,4002,2026-01-01,235258.29,5.00,11762.91
5719,4002,2026-02-01,250813.39,5.00,12540.67
5720,4002,2026-03-01,259080.28,5.00,12954.01
5721,4002,2026-04-01,254503.94,5.00,12725.20
5722,4002,2026-05-01,243834.14,5.00,12191.71
5723,4002,2026-06-01,257411.16,5.00,12870.56
5724,4002,2026-07-01,258633.83,5.00,12931.69
5725,4002,2026-08-01,259677.09,5.00,12983.85
5726,4011,2025-09-01,367081.73,5.00,18354.09
5727,4011,2025-10-01,317469.80,5.00,15873.49
5728,4011,2025-11-01,375053.83,5.00,18752.69
5729,4011,2025-12-01,345991.55,5.00,17299.58
5730,4011,2026-01-01,355200.30,5.00,17760.02
5731,4011,2026-02-01,351674.19,5.00,17583.71
5732,4011,2026-03-01,338147.59,5.00,16907.38
5733,4011,2026-04-01,329673.60,5.00,16483.68
5734,4011,2026-05-01,305993.17,5.00,15299.66
5735,4011,2026-06-01,351901.25,5.00,17595.06
5736,4011,2026-07-01,359764.68,5.00,17988.23
5737,4011,2026-08-01,293675.62,5.00,14683.78
5738,4024,2025-09-01,384298.17,5.00,19214.91
5739,4024,2025-10-01,370680.14,5.00,18534.01
5740,4024,2025-11-01,352240.93,5.00,17612.05
5741,4024,2025-12-01,385239.10,5.00,19261.96
5742,4024,2026-01-01,384385.70,5.00,19219.29
5743,4024,2026-02-01,392890.93,5.00,19644.55
5744,4024,2026-03-01,342525.84,5.00,17126.29
5745,4024,2026-04-01,345138.39,5.00,17256.92
5746,4024,2026-05-01,352823.58,5.00,17641.18
5747,4024,2026-06-01,346050.22,5.00,17302.51
5748,4024,2026-07-01,356486.56,5.00,17824.33
5749,4024,2026-08-01,318899.38,5.00,15944.97
5750,4027,2025-09-01,282620.22,5.00,14131.01
5751,4027,2025-10-01,294913.26,5.00,14745.66
5752,4027,2025-11-01,250053.11,5.00,12502.66
5753,4027,2025-12-01,283020.04,5.00,14151.00
5754,4027,2026-01-01,262336.07,5.00,13116.80
5755,4027,2026-02-01,282591.20,5.00,14129.56
5756,4027,2026-03-01,247603.21,5.00,12380.16
5757,4027,2026-04-01,259994.92,5.00,12999.75
5758,4027,2026-05-01,261595.75,5.00,13079.79
5759,4027,2026-06-01,290128.53,5.00,14506.43
5760,4027,2026-07-01,285572.82,5.00,14278.64
5761,4027,2026-08-01,256435.06,5.00,12821.75
5762,4033,2025-09-01,242739.98,5.00,12137.00
5763,4033,2025-10-01,261562.29,5.00,13078.11
5764,4033,2025-11-01,291664.10,5.00,14583.21
5765,4033,2025-12-01,272868.75,5.00,13643.44
5766,4033,2026-01-01,270565.22,5.00,13528.26
5767,4033,2026-02-01,258323.38,5.00,12916.17
5768,4033,2026-03-01,261569.29,5.00,13078.46
5769,4033,2026-04-01,280891.43,5.00,14044.57
5770,4033,2026-05-01,230392.66,5.00,11519.63
5771,4033,2026-06-01,256019.82,5.00,12800.99
5772,4033,2026-07-01,275904.85,5.00,13795.24
5773,4033,2026-08-01,253896.83,5.00,12694.84
5774,4050,2025-09-01,111557.65,5.00,5577.88
5775,4050,2025-10-01,98975.91,5.00,4948.80
5776,4050,2025-11-01,109800.92,5.00,5490.05
5777,4050,2025-12-01,98167.80,5.00,4908.39
5778,4050,2026-01-01,108435.33,5.00,5421.77
5779,4050,2026-02-01,106606.35,5.00,5330.32
5780,4050,2026-03-01,110054.21,5.00,5502.71
5781,4050,2026-04-01,115656.25,5.00,5782.81
5782,4050,2026-05-01,111212.70,5.00,5560.64
5783,4050,2026-06-01,85539.95,5.00,4277.00
5784,4050,2026-07-01,103702.76,5.00,5185.14
5785,4050,2026-08-01,121908.92,5.00,6095.45
5786,4051,2025-09-01,235093.68,5.00,11754.68
5787,4051,2025-10-01,218147.43,5.00,10907.37
5788,4051,2025-11-01,248912.51,5.00,12445.63
5789,4051,2025-12-01,227821.92,5.00,11391.10
5790,4051,2026-01-01,244512.51,5.00,12225.63
5791,4051,2026-02-01,245988.77,5.00,12299.44
5792,4051,2026-03-01,251672.23,5.00,12583.61
5793,4051,2026-04-01,257594.20,5.00,12879.71
5794,4051,2026-05-01,216184.47,5.00,10809.22
5795,4051,2026-06-01,229362.46,5.00,11468.12
5796,4051,2026-07-01,254895.50,5.00,12744.78
5797,4051,2026-08-01,219840.57,5.00,10992.03
5798,4061,2025-09-01,404993.34,5.00,20249.67
5799,4061,2025-10-01,414982.04,5.00,20749.10
5800,4061,2025-11-01,406982.84,5.00,20349.14
5801,4061,2025-12-01,373203.32,5.00,18660.17
5802,4061,2026-01-01,427251.36,5.00,21362.57
5803,4061,2026-02-01,361256.20,5.00,18062.81
5804,4061,2026-03-01,359820.00,5.00,17991.00
5805,4061,2026-04-01,335200.26,5.00,16760.01
5806,4061,2026-05-01,375112.01,5.00,18755.60
5807,4061,2026-06-01,360961.45,5.00,18048.07
5808,4061,2026-07-01,388272.04,5.00,19413.60
5809,4061,2026-08-01,416491.27,5.00,20824.56
5810,4069,2025-09-01,171659.12,5.00,8582.96
5811,4069,2025-10-01,158473.55,5.00,7923.68
5812,4069,2025-11-01,160089.02,5.00,8004.45
5813,4069,2025-12-01,165374.96,5.00,8268.75
5814,4069,2026-01-01,172975.77,5.00,8648.79
5815,4069,2026-02-01,162191.60,5.00,8109.58
5816,4069,2026-03-01,169036.20,5.00,8451.81
5817,4069,2026-04-01,137503.62,5.00,6875.18
5818,4069,2026-05-01,152590.42,5.00,7629.52
5819,4069,2026-06-01,151658.84,5.00,7582.94
5820,4069,2026-07-01,153736.98,5.00,7686.85
5821,4069,2026-08-01,180367.22,5.00,9018.36
5822,4074,2025-09-01,244593.69,5.00,12229.68
5823,4074,2025-10-01,232351.13,5.00,11617.56
5824,4074,2025-11-01,263644.06,5.00,13182.20
5825,4074,2025-12-01,290745.83,5.00,14537.29
5826,4074,2026-01-01,257860.64,5.00,12893.03
5827,4074,2026-02-01,263676.22,5.00,13183.81
5828,4074,2026-03-01,243037.98,5.00,12151.90
5829,4074,2026-04-01,253353.43,5.00,12667.67
5830,4074,2026-05-01,298786.99,5.00,14939.35
5831,4074,2026-06-01,226822.57,5.00,11341.13
5832,4074,2026-07-01,268201.45,5.00,13410.07
5833,4074,2026-08-01,239250.05,5.00,11962.50
5834,4084,2025-09-01,225570.57,5.00,11278.53
5835,4084,2025-10-01,256365.30,5.00,12818.27
5836,4084,2025-11-01,247114.43,5.00,12355.72
5837,4084,2025-12-01,235893.26,5.00,11794.66
5838,4084,2026-01-01,235325.10,5.00,11766.26
5839,4084,2026-02-01,251497.61,5.00,12574.88
5840,4084,2026-03-01,228753.12,5.00,11437.66
5841,4084,2026-04-01,230463.97,5.00,11523.20
5842,4084,2026-05-01,221515.93,5.00,11075.80
5843,4084,2026-06-01,218622.60,5.00,10931.13
5844,4084,2026-07-01,236252.61,5.00,11812.63
5845,4084,2026-08-01,232036.86,5.00,11601.84
5846,4089,2025-09-01,243406.23,5.00,12170.31
5847,4089,2025-10-01,247885.35,5.00,12394.27
5848,4089,2025-11-01,221717.53,5.00,11085.88
5849,4089,2025-12-01,251214.10,5.00,12560.71
5850,4089,2026-01-01,254271.64,5.00,12713.58
5851,4089,2026-02-01,220952.61,5.00,11047.63
5852,4089,2026-03-01,247326.62,5.00,12366.33
5853,4089,2026-04-01,249560.28,5.00,12478.01
5854,4089,2026-05-01,274267.87,5.00,13713.39
5855,4089,2026-06-01,229660.83,5.00,11483.04
5856,4089,2026-07-01,259566.35,5.00,12978.32
5857,4089,2026-08-01,255026.25,5.00,12751.31
5858,4092,2025-09-01,212891.45,5.00,10644.57
5859,4092,2025-10-01,230574.72,5.00,11528.74
5860,4092,2025-11-01,217889.05,5.00,10894.45
5861,4092,2025-12-01,215155.30,5.00,10757.77
5862,4092,2026-01-01,192462.26,5.00,9623.11
5863,4092,2026-02-01,220342.85,5.00,11017.14
5864,4092,2026-03-01,191301.83,5.00,9565.09
5865,4092,2026-04-01,202480.41,5.00,10124.02
5866,4092,2026-05-01,203711.65,5.00,10185.58
5867,4092,2026-06-01,207295.89,5.00,10364.79
5868,4092,2026-07-01,216265.39,5.00,10813.27
5869,4092,2026-08-01,209978.07,5.00,10498.90
5870,4106,2025-09-01,244059.48,5.00,12202.97
5871,4106,2025-10-01,255256.41,5.00,12762.82
5872,4106,2025-11-01,227073.26,5.00,11353.66
5873,4106,2025-12-01,244423.88,5.00,12221.19
5874,4106,2026-01-01,255366.10,5.00,12768.31
5875,4106,2026-02-01,224572.25,5.00,11228.61
5876,4106,2026-03-01,205562.79,5.00,10278.14
5877,4106,2026-04-01,220335.97,5.00,11016.80
5878,4106,2026-05-01,246423.40,5.00,12321.17
5879,4106,2026-06-01,202485.46,5.00,10124.27
5880,4106,2026-07-01,238707.71,5.00,11935.39
5881,4106,2026-08-01,236630.96,5.00,11831.55
5882,4118,2025-09-01,178321.69,5.00,8916.08
5883,4118,2025-10-01,161841.83,5.00,8092.09
5884,4118,2025-11-01,193062.22,5.00,9653.11
5885,4118,2025-12-01,211232.25,5.00,10561.61
5886,4118,2026-01-01,176226.89,5.00,8811.34
5887,4118,2026-02-01,165750.06,5.00,8287.50
5888,4118,2026-03-01,179564.49,5.00,8978.22
5889,4118,2026-04-01,181921.47,5.00,9096.07
5890,4118,2026-05-01,194680.05,5.00,9734.00
5891,4118,2026-06-01,182029.13,5.00,9101.46
5892,4118,2026-07-01,194338.00,5.00,9716.90
5893,4118,2026-08-01,174357.10,5.00,8717.86
5894,4134,2025-09-01,234885.35,5.00,11744.27
5895,4134,2025-10-01,229881.42,5.00,11494.07
5896,4134,2025-11-01,228326.77,5.00,11416.34
5897,4134,2025-12-01,199968.40,5.00,9998.42
5898,4134,2026-01-01,242696.57,5.00,12134.83
5899,4134,2026-02-01,207100.22,5.00,10355.01
5900,4134,2026-03-01,216733.28,5.00,10836.66
5901,4134,2026-04-01,234444.05,5.00,11722.20
5902,4134,2026-05-01,228438.73,5.00,11421.94
5903,4134,2026-06-01,218570.15,5.00,10928.51
5904,4134,2026-07-01,208312.31,5.00,10415.62
5905,4134,2026-08-01,238504.76,5.00,11925.24
5906,4135,2025-09-01,205627.82,5.00,10281.39
5907,4135,2025-10-01,198012.20,5.00,9900.61
5908,4135,2025-11-01,224793.39,5.00,11239.67
5909,4135,2025-12-01,237587.57,5.00,11879.38
5910,4135,2026-01-01,237500.59,5.00,11875.03
5911,4135,2026-02-01,218661.80,5.00,10933.09
5912,4135,2026-03-01,204330.45,5.00,10216.52
5913,4135,2026-04-01,219659.91,5.00,10983.00
5914,4135,2026-05-01,227864.11,5.00,11393.21
5915,4135,2026-06-01,219497.45,5.00,10974.87
5916,4135,2026-07-01,199207.17,5.00,9960.36
5917,4135,2026-08-01,209449.07,5.00,10472.45
5918,4145,2025-09-01,173803.59,5.00,8690.18
5919,4145,2025-10-01,187987.22,5.00,9399.36
5920,4145,2025-11-01,208022.90,5.00,10401.15
5921,4145,2025-12-01,160446.84,5.00,8022.34
5922,4145,2026-01-01,206087.73,5.00,10304.39
5923,4145,2026-02-01,177597.10,5.00,8879.86
5924,4145,2026-03-01,170351.51,5.00,8517.58
5925,4145,2026-04-01,187640.97,5.00,9382.05
5926,4145,2026-05-01,179858.59,5.00,8992.93
5927,4145,2026-06-01,198719.66,5.00,9935.98
5928,4145,2026-07-01,164251.07,5.00,8212.55
5929,4145,2026-08-01,204301.72,5.00,10215.09
5930,4146,2025-09-01,299577.26,5.00,14978.86
5931,4146,2025-10-01,325079.13,5.00,16253.96
5932,4146,2025-11-01,349192.95,5.00,17459.65
5933,4146,2025-12-01,326411.99,5.00,16320.60
5934,4146,2026-01-01,361448.96,5.00,18072.45
5935,4146,2026-02-01,358743.83,5.00,17937.19
5936,4146,2026-03-01,329735.39,5.00,16486.77
5937,4146,2026-04-01,319505.07,5.00,15975.25
5938,4146,2026-05-01,290986.87,5.00,14549.34
5939,4146,2026-06-01,333844.69,5.00,16692.23
5940,4146,2026-07-01,312258.61,5.00,15612.93
5941,4146,2026-08-01,338673.70,5.00,16933.69
5942,4147,2025-09-01,219318.39,5.00,10965.92
5943,4147,2025-10-01,236967.69,5.00,11848.38
5944,4147,2025-11-01,264384.99,5.00,13219.25
5945,4147,2025-12-01,237610.79,5.00,11880.54
5946,4147,2026-01-01,235044.48,5.00,11752.22
5947,4147,2026-02-01,247654.61,5.00,12382.73
5948,4147,2026-03-01,243281.44,5.00,12164.07
5949,4147,2026-04-01,233452.51,5.00,11672.63
5950,4147,2026-05-01,218414.64,5.00,10920.73
5951,4147,2026-06-01,259308.08,5.00,12965.40
5952,4147,2026-07-01,251242.84,5.00,12562.14
5953,4147,2026-08-01,270627.97,5.00,13531.40
5954,4152,2025-09-01,247483.56,5.00,12374.18
5955,4152,2025-10-01,245783.35,5.00,12289.17
5956,4152,2025-11-01,221199.20,5.00,11059.96
5957,4152,2025-12-01,202403.43,5.00,10120.17
5958,4152,2026-01-01,230983.44,5.00,11549.17
5959,4152,2026-02-01,252058.71,5.00,12602.94
5960,4152,2026-03-01,237750.29,5.00,11887.51
5961,4152,2026-04-01,208960.28,5.00,10448.01
5962,4152,2026-05-01,241770.56,5.00,12088.53
5963,4152,2026-06-01,216803.75,5.00,10840.19
5964,4152,2026-07-01,216262.37,5.00,10813.12
5965,4152,2026-08-01,261004.39,5.00,13050.22
5966,4158,2025-09-01,229576.03,5.00,11478.80
5967,4158,2025-10-01,251495.64,5.00,12574.78
5968,4158,2025-11-01,248209.11,5.00,12410.46
5969,4158,2025-12-01,228396.93,5.00,11419.85
5970,4158,2026-01-01,243487.09,5.00,12174.35
5971,4158,2026-02-01,228491.28,5.00,11424.56
5972,4158,2026-03-01,243512.76,5.00,12175.64
5973,4158,2026-04-01,227595.14,5.00,11379.76
5974,4158,2026-05-01,221200.46,5.00,11060.02
5975,4158,2026-06-01,249753.61,5.00,12487.68
5976,4158,2026-07-01,209012.12,5.00,10450.61
5977,4158,2026-08-01,226544.59,5.00,11327.23
5978,4160,2025-09-01,366678.04,5.00,18333.90
5979,4160,2025-10-01,320231.15,5.00,16011.56
5980,4160,2025-11-01,332868.49,5.00,16643.42
5981,4160,2025-12-01,321113.01,5.00,16055.65
5982,4160,2026-01-01,362314.26,5.00,18115.71
5983,4160,2026-02-01,316537.90,5.00,15826.90
5984,4160,2026-03-01,318548.11,5.00,15927.41
5985,4160,2026-04-01,378425.01,5.00,18921.25
5986,4160,2026-05-01,369299.82,5.00,18464.99
5987,4160,2026-06-01,292374.43,5.00,14618.72
5988,4160,2026-07-01,315021.74,5.00,15751.09
5989,4160,2026-08-01,344596.10,5.00,17229.81
5990,4165,2025-09-01,229319.69,5.00,11465.98
5991,4165,2025-10-01,246951.40,5.00,12347.57
5992,4165,2025-11-01,261745.67,5.00,13087.28
5993,4165,2025-12-01,205545.78,5.00,10277.29
5994,4165,2026-01-01,236830.41,5.00,11841.52
5995,4165,2026-02-01,251996.37,5.00,12599.82
5996,4165,2026-03-01,213106.63,5.00,10655.33
5997,4165,2026-04-01,249920.87,5.00,12496.04
5998,4165,2026-05-01,234723.03,5.00,11736.15
5999,4165,2026-06-01,227033.50,5.00,11351.68
6000,4165,2026-07-01,225218.42,5.00,11260.92
6001,4165,2026-08-01,238119.75,5.00,11905.99
6002,4174,2025-09-01,123585.52,5.00,6179.28
6003,4174,2025-10-01,114734.75,5.00,5736.74
6004,4174,2025-11-01,124600.06,5.00,6230.00
6005,4174,2025-12-01,117202.21,5.00,5860.11
6006,4174,2026-01-01,116838.43,5.00,5841.92
6007,4174,2026-02-01,121101.12,5.00,6055.06
6008,4174,2026-03-01,121507.26,5.00,6075.36
6009,4174,2026-04-01,114139.50,5.00,5706.98
6010,4174,2026-05-01,121834.85,5.00,6091.74
6011,4174,2026-06-01,136586.10,5.00,6829.31
6012,4174,2026-07-01,134759.09,5.00,6737.95
6013,4174,2026-08-01,112032.65,5.00,5601.63
6014,4182,2025-09-01,319134.15,5.00,15956.71
6015,4182,2025-10-01,318480.74,5.00,15924.04
6016,4182,2025-11-01,312310.18,5.00,15615.51
6017,4182,2025-12-01,292608.26,5.00,14630.41
6018,4182,2026-01-01,292228.18,5.00,14611.41
6019,4182,2026-02-01,320366.35,5.00,16018.32
6020,4182,2026-03-01,365280.48,5.00,18264.02
6021,4182,2026-04-01,302609.84,5.00,15130.49
6022,4182,2026-05-01,361046.89,5.00,18052.34
6023,4182,2026-06-01,300307.45,5.00,15015.37
6024,4182,2026-07-01,362843.18,5.00,18142.16
6025,4182,2026-08-01,280487.57,5.00,14024.38
6026,4183,2025-09-01,240224.98,5.00,12011.25
6027,4183,2025-10-01,244122.03,5.00,12206.10
6028,4183,2025-11-01,244312.55,5.00,12215.63
6029,4183,2025-12-01,236026.98,5.00,11801.35
6030,4183,2026-01-01,221403.17,5.00,11070.16
6031,4183,2026-02-01,210707.74,5.00,10535.39
6032,4183,2026-03-01,235464.56,5.00,11773.23
6033,4183,2026-04-01,226913.54,5.00,11345.68
6034,4183,2026-05-01,238158.62,5.00,11907.93
6035,4183,2026-06-01,253006.70,5.00,12650.34
6036,4183,2026-07-01,220240.58,5.00,11012.03
6037,4183,2026-08-01,228132.55,5.00,11406.63
6038,4188,2025-09-01,134076.60,5.00,6703.83
6039,4188,2025-10-01,146512.98,5.00,7325.65
6040,4188,2025-11-01,151246.27,5.00,7562.31
6041,4188,2025-12-01,158548.34,5.00,7927.42
6042,4188,2026-01-01,130776.11,5.00,6538.81
6043,4188,2026-02-01,140339.91,5.00,7017.00
6044,4188,2026-03-01,133267.77,5.00,6663.39
6045,4188,2026-04-01,134282.65,5.00,6714.13
6046,4188,2026-05-01,129682.69,5.00,6484.13
6047,4188,2026-06-01,129605.18,5.00,6480.26
6048,4188,2026-07-01,131188.33,5.00,6559.42
6049,4188,2026-08-01,143856.15,5.00,7192.81
6050,4189,2025-09-01,185231.05,5.00,9261.55
6051,4189,2025-10-01,178715.71,5.00,8935.79
6052,4189,2025-11-01,157177.70,5.00,7858.89
6053,4189,2025-12-01,162959.64,5.00,8147.98
6054,4189,2026-01-01,185785.80,5.00,9289.29
6055,4189,2026-02-01,190451.74,5.00,9522.59
6056,4189,2026-03-01,196053.89,5.00,9802.69
6057,4189,2026-04-01,183017.04,5.00,9150.85
6058,4189,2026-05-01,189387.72,5.00,9469.39
6059,4189,2026-06-01,186990.84,5.00,9349.54
6060,4189,2026-07-01,185409.51,5.00,9270.48
6061,4189,2026-08-01,180870.27,5.00,9043.51
6062,4192,2025-09-01,441950.88,5.00,22097.54
6063,4192,2025-10-01,411532.09,5.00,20576.60
6064,4192,2025-11-01,458231.37,5.00,22911.57
6065,4192,2025-12-01,419273.90,5.00,20963.70
6066,4192,2026-01-01,477982.59,5.00,23899.13
6067,4192,2026-02-01,389502.32,5.00,19475.12
6068,4192,2026-03-01,420469.19,5.00,21023.46
6069,4192,2026-04-01,457141.56,5.00,22857.08
6070,4192,2026-05-01,452842.13,5.00,22642.11
6071,4192,2026-06-01,425950.97,5.00,21297.55
6072,4192,2026-07-01,437602.40,5.00,21880.12
6073,4192,2026-08-01,446016.40,5.00,22300.82
6074,4193,2025-09-01,269660.82,5.00,13483.04
6075,4193,2025-10-01,218306.05,5.00,10915.30
6076,4193,2025-11-01,255030.35,5.00,12751.52
6077,4193,2025-12-01,224949.80,5.00,11247.49
6078,4193,2026-01-01,266950.32,5.00,13347.52
6079,4193,2026-02-01,212611.19,5.00,10630.56
6080,4193,2026-03-01,290226.52,5.00,14511.33
6081,4193,2026-04-01,290526.46,5.00,14526.32
6082,4193,2026-05-01,231321.82,5.00,11566.09
6083,4193,2026-06-01,255053.07,5.00,12752.65
6084,4193,2026-07-01,224856.49,5.00,11242.82
6085,4193,2026-08-01,278048.98,5.00,13902.45
6086,4202,2025-11-01,259651.17,5.00,12982.56
6087,4202,2025-12-01,257156.71,5.00,12857.84
6088,4202,2026-01-01,246604.81,5.00,12330.24
6089,4202,2026-02-01,247067.13,5.00,12353.36
6090,4202,2026-03-01,242604.98,5.00,12130.25
6091,4202,2026-04-01,262692.41,5.00,13134.62
6092,4202,2026-05-01,277133.21,5.00,13856.66
6093,4202,2026-06-01,220378.10,5.00,11018.91
6094,4202,2026-07-01,226281.07,5.00,11314.05
6095,4202,2026-08-01,247553.22,5.00,12377.66
6096,4203,2025-09-01,284031.23,5.00,14201.56
6097,4203,2025-10-01,380477.24,5.00,19023.86
6098,4203,2025-11-01,362207.77,5.00,18110.39
6099,4203,2025-12-01,342484.60,5.00,17124.23
6100,4203,2026-01-01,323047.21,5.00,16152.36
6101,4203,2026-02-01,332387.14,5.00,16619.36
6102,4203,2026-03-01,338700.70,5.00,16935.04
6103,4203,2026-04-01,333498.86,5.00,16674.94
6104,4203,2026-05-01,338297.39,5.00,16914.87
6105,4203,2026-06-01,380875.91,5.00,19043.80
6106,4203,2026-07-01,356539.61,5.00,17826.98
6107,4203,2026-08-01,381658.59,5.00,19082.93
6108,4214,2025-09-01,288556.01,5.00,14427.80
6109,4214,2025-10-01,263062.80,5.00,13153.14
6110,4214,2025-11-01,219060.82,5.00,10953.04
6111,4214,2025-12-01,284037.31,5.00,14201.87
6112,4214,2026-01-01,241398.23,5.00,12069.91
6113,4214,2026-02-01,267983.73,5.00,13399.19
6114,4214,2026-03-01,237955.45,5.00,11897.77
6115,4214,2026-04-01,256271.02,5.00,12813.55
6116,4214,2026-05-01,252548.82,5.00,12627.44
6117,4214,2026-06-01,236872.26,5.00,11843.61
6118,4214,2026-07-01,215589.16,5.00,10779.46
6119,4214,2026-08-01,214390.23,5.00,10719.51
6120,4217,2025-09-01,359449.45,5.00,17972.47
6121,4217,2025-10-01,327069.45,5.00,16353.47
6122,4217,2025-11-01,291166.81,5.00,14558.34
6123,4217,2025-12-01,339162.92,5.00,16958.15
6124,4217,2026-01-01,314785.58,5.00,15739.28
6125,4217,2026-02-01,330483.02,5.00,16524.15
6126,4217,2026-03-01,290280.08,5.00,14514.00
6127,4217,2026-04-01,350683.11,5.00,17534.16
6128,4217,2026-05-01,343763.78,5.00,17188.19
6129,4217,2026-06-01,349808.82,5.00,17490.44
6130,4217,2026-07-01,362670.19,5.00,18133.51
6131,4217,2026-08-01,322607.02,5.00,16130.35
6132,4220,2026-07-01,162747.61,5.00,8137.38
6133,4220,2026-08-01,156854.78,5.00,7842.74
6134,4226,2025-09-01,118217.07,5.00,5910.85
6135,4226,2025-10-01,136494.20,5.00,6824.71
6136,4226,2025-11-01,120140.79,5.00,6007.04
6137,4226,2025-12-01,113921.19,5.00,5696.06
6138,4226,2026-01-01,115366.35,5.00,5768.32
6139,4226,2026-02-01,123998.72,5.00,6199.94
6140,4226,2026-03-01,135969.65,5.00,6798.48
6141,4226,2026-04-01,109455.30,5.00,5472.77
6142,4226,2026-05-01,130376.43,5.00,6518.82
6143,4226,2026-06-01,126446.66,5.00,6322.33
6144,4226,2026-07-01,132268.61,5.00,6613.43
6145,4226,2026-08-01,130493.14,5.00,6524.66
6146,4229,2025-09-01,125802.02,5.00,6290.10
6147,4229,2025-10-01,119679.47,5.00,5983.97
6148,4229,2025-11-01,105115.77,5.00,5255.79
6149,4229,2025-12-01,117437.32,5.00,5871.87
6150,4229,2026-01-01,110887.04,5.00,5544.35
6151,4229,2026-02-01,126352.97,5.00,6317.65
6152,4229,2026-03-01,117951.39,5.00,5897.57
6153,4229,2026-04-01,120772.30,5.00,6038.62
6154,4229,2026-05-01,91607.69,5.00,4580.38
6155,4229,2026-06-01,114507.51,5.00,5725.38
6156,4229,2026-07-01,128389.12,5.00,6419.46
6157,4229,2026-08-01,124632.66,5.00,6231.63
6158,4230,2025-09-01,196446.76,5.00,9822.34
6159,4230,2025-10-01,207273.98,5.00,10363.70
6160,4230,2025-11-01,212473.89,5.00,10623.69
6161,4230,2025-12-01,169372.38,5.00,8468.62
6162,4230,2026-01-01,191925.93,5.00,9596.30
6163,4230,2026-02-01,203001.70,5.00,10150.09
6164,4230,2026-03-01,217259.64,5.00,10862.98
6165,4230,2026-04-01,187891.68,5.00,9394.58
6166,4230,2026-05-01,211641.60,5.00,10582.08
6167,4230,2026-06-01,216072.81,5.00,10803.64
6168,4230,2026-07-01,206472.64,5.00,10323.63
6169,4230,2026-08-01,211111.85,5.00,10555.59
6170,4268,2025-09-01,274059.33,5.00,13702.97
6171,4268,2025-10-01,261392.60,5.00,13069.63
6172,4268,2025-11-01,257437.64,5.00,12871.88
6173,4268,2025-12-01,224203.10,5.00,11210.16
6174,4268,2026-01-01,239398.55,5.00,11969.93
6175,4268,2026-02-01,235701.63,5.00,11785.08
6176,4268,2026-03-01,236869.42,5.00,11843.47
6177,4268,2026-04-01,260640.99,5.00,13032.05
6178,4268,2026-05-01,256945.37,5.00,12847.27
6179,4268,2026-06-01,257276.56,5.00,12863.83
6180,4268,2026-07-01,249407.16,5.00,12470.36
6181,4268,2026-08-01,233573.56,5.00,11678.68
6182,4271,2025-10-01,283621.87,5.00,14181.09
6183,4271,2025-11-01,293223.62,5.00,14661.18
6184,4271,2025-12-01,297360.56,5.00,14868.03
6185,4271,2026-01-01,316615.69,5.00,15830.78
6186,4271,2026-02-01,324257.50,5.00,16212.88
6187,4271,2026-03-01,296522.16,5.00,14826.11
6188,4271,2026-04-01,300148.94,5.00,15007.45
6189,4271,2026-05-01,305149.92,5.00,15257.50
6190,4271,2026-06-01,276955.00,5.00,13847.75
6191,4271,2026-07-01,295672.70,5.00,14783.64
6192,4271,2026-08-01,273438.07,5.00,13671.90
6193,4272,2025-09-01,359746.03,5.00,17987.30
6194,4272,2025-10-01,305869.99,5.00,15293.50
6195,4272,2025-11-01,286091.96,5.00,14304.60
6196,4272,2025-12-01,348733.91,5.00,17436.70
6197,4272,2026-01-01,322946.38,5.00,16147.32
6198,4272,2026-02-01,295602.72,5.00,14780.14
6199,4272,2026-03-01,274179.82,5.00,13708.99
6200,4272,2026-04-01,310650.99,5.00,15532.55
6201,4272,2026-05-01,311441.11,5.00,15572.06
6202,4272,2026-06-01,310187.94,5.00,15509.40
6203,4272,2026-07-01,332630.11,5.00,16631.51
6204,4272,2026-08-01,298279.02,5.00,14913.95
6205,4278,2026-04-01,112562.78,5.00,5628.14
6206,4278,2026-05-01,130363.46,5.00,6518.17
6207,4278,2026-06-01,140828.26,5.00,7041.41
6208,4278,2026-07-01,121218.79,5.00,6060.94
6209,4278,2026-08-01,120999.96,5.00,6050.00
6210,4279,2025-09-01,260152.89,5.00,13007.64
6211,4279,2025-10-01,250130.20,5.00,12506.51
6212,4279,2025-11-01,283475.56,5.00,14173.78
6213,4279,2025-12-01,286553.22,5.00,14327.66
6214,4279,2026-01-01,278870.00,5.00,13943.50
6215,4279,2026-02-01,243196.36,5.00,12159.82
6216,4279,2026-03-01,278272.29,5.00,13913.61
6217,4279,2026-04-01,253099.05,5.00,12654.95
6218,4279,2026-05-01,273645.03,5.00,13682.25
6219,4279,2026-06-01,258428.97,5.00,12921.45
6220,4279,2026-07-01,264948.36,5.00,13247.42
6221,4279,2026-08-01,270600.59,5.00,13530.03
6222,4301,2025-09-01,301741.81,5.00,15087.09
6223,4301,2025-10-01,279879.40,5.00,13993.97
6224,4301,2025-11-01,262391.66,5.00,13119.58
6225,4301,2025-12-01,268277.79,5.00,13413.89
6226,4301,2026-01-01,266629.77,5.00,13331.49
6227,4301,2026-02-01,243686.03,5.00,12184.30
6228,4301,2026-03-01,274868.44,5.00,13743.42
6229,4301,2026-04-01,254120.84,5.00,12706.04
6230,4301,2026-05-01,308363.61,5.00,15418.18
6231,4301,2026-06-01,253889.49,5.00,12694.47
6232,4301,2026-07-01,289717.30,5.00,14485.87
6233,4301,2026-08-01,277884.28,5.00,13894.21
6234,4304,2025-09-01,173817.84,5.00,8690.89
6235,4304,2025-10-01,169028.53,5.00,8451.43
6236,4304,2025-11-01,173002.70,5.00,8650.14
6237,4304,2025-12-01,195844.84,5.00,9792.24
6238,4304,2026-01-01,184941.65,5.00,9247.08
6239,4304,2026-02-01,177828.79,5.00,8891.44
6240,4304,2026-03-01,171623.43,5.00,8581.17
6241,4304,2026-04-01,153856.85,5.00,7692.84
6242,4304,2026-05-01,175245.59,5.00,8762.28
6243,4304,2026-06-01,165913.16,5.00,8295.66
6244,4304,2026-07-01,190013.65,5.00,9500.68
6245,4304,2026-08-01,177693.64,5.00,8884.68
6246,4305,2025-09-01,328637.84,5.00,16431.89
6247,4305,2025-10-01,282029.04,5.00,14101.45
6248,4305,2025-11-01,346349.81,5.00,17317.49
6249,4305,2025-12-01,371387.15,5.00,18569.36
6250,4305,2026-01-01,372997.48,5.00,18649.87
6251,4305,2026-02-01,354039.33,5.00,17701.97
6252,4305,2026-03-01,351318.56,5.00,17565.93
6253,4305,2026-04-01,348416.77,5.00,17420.84
6254,4305,2026-05-01,355332.90,5.00,17766.65
6255,4305,2026-06-01,375255.42,5.00,18762.77
6256,4305,2026-07-01,334911.06,5.00,16745.55
6257,4305,2026-08-01,339619.22,5.00,16980.96
6258,4306,2025-09-01,330550.12,5.00,16527.51
6259,4306,2025-10-01,319868.95,5.00,15993.45
6260,4306,2025-11-01,318490.56,5.00,15924.53
6261,4306,2025-12-01,275920.42,5.00,13796.02
6262,4306,2026-01-01,275606.87,5.00,13780.34
6263,4306,2026-02-01,307828.11,5.00,15391.41
6264,4306,2026-03-01,278846.36,5.00,13942.32
6265,4306,2026-04-01,323589.94,5.00,16179.50
6266,4306,2026-05-01,317832.56,5.00,15891.63
6267,4306,2026-06-01,293649.31,5.00,14682.47
6268,4306,2026-07-01,343234.83,5.00,17161.74
6269,4306,2026-08-01,314093.97,5.00,15704.70
6270,4311,2025-09-01,250492.66,5.00,12524.63
6271,4311,2025-10-01,263105.54,5.00,13155.28
6272,4311,2025-11-01,264747.59,5.00,13237.38
6273,4311,2025-12-01,260631.47,5.00,13031.57
6274,4311,2026-01-01,239445.86,5.00,11972.29
6275,4311,2026-02-01,262315.51,5.00,13115.78
6276,4311,2026-03-01,236624.66,5.00,11831.23
6277,4311,2026-04-01,259930.54,5.00,12996.53
6278,4311,2026-05-01,250338.77,5.00,12516.94
6279,4311,2026-06-01,262913.87,5.00,13145.69
6280,4311,2026-07-01,255235.07,5.00,12761.75
6281,4311,2026-08-01,274557.95,5.00,13727.90
6282,4315,2025-09-01,264625.64,5.00,13231.28
6283,4315,2025-10-01,239860.06,5.00,11993.00
6284,4315,2025-11-01,274213.47,5.00,13710.67
6285,4315,2025-12-01,254565.94,5.00,12728.30
6286,4315,2026-01-01,288639.07,5.00,14431.95
6287,4315,2026-02-01,246573.71,5.00,12328.69
6288,4315,2026-03-01,271272.16,5.00,13563.61
6289,4315,2026-04-01,243735.15,5.00,12186.76
6290,4315,2026-05-01,266459.61,5.00,13322.98
6291,4315,2026-06-01,241950.49,5.00,12097.52
6292,4315,2026-07-01,248245.84,5.00,12412.29
6293,4315,2026-08-01,230129.04,5.00,11506.45
6294,4317,2025-09-01,253224.34,5.00,12661.22
6295,4317,2025-10-01,191772.15,5.00,9588.61
6296,4317,2025-11-01,225419.60,5.00,11270.98
6297,4317,2025-12-01,240316.75,5.00,12015.84
6298,4317,2026-01-01,235270.15,5.00,11763.51
6299,4317,2026-02-01,241094.58,5.00,12054.73
6300,4317,2026-03-01,259119.50,5.00,12955.98
6301,4317,2026-04-01,215948.66,5.00,10797.43
6302,4317,2026-05-01,241904.25,5.00,12095.21
6303,4317,2026-06-01,255680.50,5.00,12784.03
6304,4317,2026-07-01,202260.07,5.00,10113.00
6305,4317,2026-08-01,212901.73,5.00,10645.09
6306,4320,2025-09-01,171291.64,5.00,8564.58
6307,4320,2025-10-01,183675.30,5.00,9183.77
6308,4321,2025-09-01,179649.82,5.00,8982.49
6309,4321,2025-10-01,192696.72,5.00,9634.84
6310,4321,2025-11-01,179711.90,5.00,8985.60
6311,4321,2025-12-01,164053.45,5.00,8202.67
6312,4321,2026-01-01,148712.02,5.00,7435.60
6313,4321,2026-02-01,167687.95,5.00,8384.40
6314,4321,2026-03-01,169455.78,5.00,8472.79
6315,4321,2026-04-01,199615.53,5.00,9980.78
6316,4321,2026-05-01,191032.08,5.00,9551.60
6317,4321,2026-06-01,187260.16,5.00,9363.01
6318,4321,2026-07-01,210685.18,5.00,10534.26
6319,4321,2026-08-01,191811.22,5.00,9590.56
6320,4326,2025-09-01,165527.51,5.00,8276.38
6321,4326,2025-10-01,160575.26,5.00,8028.76
6322,4327,2025-09-01,227746.66,5.00,11387.33
6323,4327,2025-10-01,219684.68,5.00,10984.23
6324,4327,2025-11-01,222040.86,5.00,11102.04
6325,4327,2025-12-01,204757.97,5.00,10237.90
6326,4327,2026-01-01,228922.72,5.00,11446.14
6327,4327,2026-02-01,225273.15,5.00,11263.66
6328,4327,2026-03-01,259787.66,5.00,12989.38
6329,4327,2026-04-01,205573.23,5.00,10278.66
6330,4327,2026-05-01,222474.39,5.00,11123.72
6331,4327,2026-06-01,250857.51,5.00,12542.88
6332,4327,2026-07-01,240499.10,5.00,12024.96
6333,4327,2026-08-01,240317.43,5.00,12015.87
6334,4328,2025-09-01,335889.12,5.00,16794.46
6335,4328,2025-10-01,343949.87,5.00,17197.49
6336,4328,2025-11-01,321724.38,5.00,16086.22
6337,4328,2025-12-01,377102.12,5.00,18855.11
6338,4328,2026-01-01,335394.71,5.00,16769.74
6339,4328,2026-02-01,365756.57,5.00,18287.83
6340,4328,2026-03-01,335832.34,5.00,16791.62
6341,4328,2026-04-01,335406.53,5.00,16770.33
6342,4328,2026-05-01,333728.37,5.00,16686.42
6343,4328,2026-06-01,365530.14,5.00,18276.51
6344,4328,2026-07-01,368845.32,5.00,18442.27
6345,4328,2026-08-01,341456.59,5.00,17072.83
6346,4335,2025-09-01,144454.41,5.00,7222.72
6347,4335,2025-10-01,194250.13,5.00,9712.51
6348,4335,2025-11-01,185993.90,5.00,9299.70
6349,4335,2025-12-01,157383.60,5.00,7869.18
6350,4335,2026-01-01,211266.09,5.00,10563.30
6351,4335,2026-02-01,182396.62,5.00,9119.83
6352,4335,2026-03-01,167997.80,5.00,8399.89
6353,4335,2026-04-01,165238.53,5.00,8261.93
6354,4335,2026-05-01,187271.35,5.00,9363.57
6355,4335,2026-06-01,192165.57,5.00,9608.28
6356,4335,2026-07-01,193023.21,5.00,9651.16
6357,4335,2026-08-01,191354.30,5.00,9567.72
6358,4355,2025-09-01,242076.93,5.00,12103.85
6359,4355,2025-10-01,275670.16,5.00,13783.51
6360,4355,2025-11-01,253228.54,5.00,12661.43
6361,4355,2025-12-01,261590.21,5.00,13079.51
6362,4355,2026-01-01,248174.65,5.00,12408.73
6363,4355,2026-02-01,271265.24,5.00,13563.26
6364,4355,2026-03-01,222986.55,5.00,11149.33
6365,4355,2026-04-01,240334.79,5.00,12016.74
6366,4355,2026-05-01,276694.11,5.00,13834.71
6367,4355,2026-06-01,262258.99,5.00,13112.95
6368,4355,2026-07-01,215409.48,5.00,10770.47
6369,4355,2026-08-01,267401.23,5.00,13370.06
6370,4357,2025-09-01,364670.51,5.00,18233.53
6371,4357,2025-10-01,367067.42,5.00,18353.37
6372,4357,2025-11-01,384712.36,5.00,19235.62
6373,4357,2025-12-01,338185.73,5.00,16909.29
6374,4357,2026-01-01,385965.34,5.00,19298.27
6375,4357,2026-02-01,359069.09,5.00,17953.45
6376,4357,2026-03-01,312833.73,5.00,15641.69
6377,4357,2026-04-01,348938.00,5.00,17446.90
6378,4357,2026-05-01,365159.05,5.00,18257.95
6379,4357,2026-06-01,337877.78,5.00,16893.89
6380,4357,2026-07-01,340549.56,5.00,17027.48
6381,4357,2026-08-01,392073.23,5.00,19603.66
6382,4360,2025-09-01,293019.69,5.00,14650.98
6383,4360,2025-10-01,328554.88,5.00,16427.74
6384,4360,2025-11-01,321702.92,5.00,16085.15
6385,4360,2025-12-01,274079.23,5.00,13703.96
6386,4360,2026-01-01,323387.08,5.00,16169.35
6387,4360,2026-02-01,268278.76,5.00,13413.94
6388,4360,2026-03-01,288915.78,5.00,14445.79
6389,4360,2026-04-01,282530.72,5.00,14126.54
6390,4360,2026-05-01,324046.18,5.00,16202.31
6391,4360,2026-06-01,291474.88,5.00,14573.74
6392,4360,2026-07-01,283188.42,5.00,14159.42
6393,4360,2026-08-01,279544.20,5.00,13977.21
6394,4367,2025-09-01,333389.87,5.00,16669.49
6395,4367,2025-10-01,339965.26,5.00,16998.26
6396,4367,2025-11-01,367771.86,5.00,18388.59
6397,4367,2025-12-01,336824.96,5.00,16841.25
6398,4367,2026-01-01,311569.18,5.00,15578.46
6399,4367,2026-02-01,384421.65,5.00,19221.08
6400,4367,2026-03-01,364031.08,5.00,18201.55
6401,4367,2026-04-01,332280.42,5.00,16614.02
6402,4367,2026-05-01,355644.10,5.00,17782.21
6403,4367,2026-06-01,319245.09,5.00,15962.25
6404,4367,2026-07-01,349476.37,5.00,17473.82
6405,4367,2026-08-01,332926.13,5.00,16646.31
6406,4381,2025-09-01,294439.85,5.00,14721.99
6407,4381,2025-10-01,253020.73,5.00,12651.04
6408,4381,2025-11-01,283124.83,5.00,14156.24
6409,4381,2025-12-01,316026.15,5.00,15801.31
6410,4381,2026-01-01,300974.43,5.00,15048.72
6411,4381,2026-02-01,276532.99,5.00,13826.65
6412,4381,2026-03-01,255694.30,5.00,12784.72
6413,4381,2026-04-01,288864.37,5.00,14443.22
6414,4381,2026-05-01,349033.05,5.00,17451.65
6415,4381,2026-06-01,309513.05,5.00,15475.65
6416,4381,2026-07-01,276710.49,5.00,13835.52
6417,4381,2026-08-01,332875.72,5.00,16643.79
6418,4384,2025-09-01,274422.83,5.00,13721.14
6419,4384,2025-10-01,304368.18,5.00,15218.41
6420,4384,2025-11-01,266232.93,5.00,13311.65
6421,4384,2025-12-01,283631.11,5.00,14181.56
6422,4384,2026-01-01,259588.31,5.00,12979.42
6423,4384,2026-02-01,274704.54,5.00,13735.23
6424,4384,2026-03-01,276824.65,5.00,13841.23
6425,4384,2026-04-01,272190.54,5.00,13609.53
6426,4384,2026-05-01,272219.52,5.00,13610.98
6427,4384,2026-06-01,261653.25,5.00,13082.66
6428,4384,2026-07-01,300452.10,5.00,15022.61
6429,4384,2026-08-01,262468.85,5.00,13123.44
6430,4390,2025-11-01,264592.03,5.00,13229.60
6431,4390,2025-12-01,269787.56,5.00,13489.38
6432,4390,2026-01-01,279498.36,5.00,13974.92
6433,4390,2026-02-01,305010.10,5.00,15250.51
6434,4390,2026-03-01,280132.56,5.00,14006.63
6435,4390,2026-04-01,278350.38,5.00,13917.52
6436,4390,2026-05-01,265918.61,5.00,13295.93
6437,4390,2026-06-01,249098.99,5.00,12454.95
6438,4390,2026-07-01,300583.69,5.00,15029.18
6439,4390,2026-08-01,297181.22,5.00,14859.06
6440,4397,2025-09-01,223684.19,5.00,11184.21
6441,4397,2025-10-01,220728.37,5.00,11036.42
6442,4397,2025-11-01,195102.52,5.00,9755.13
6443,4397,2025-12-01,200507.33,5.00,10025.37
6444,4397,2026-01-01,215515.37,5.00,10775.77
6445,4397,2026-02-01,229263.02,5.00,11463.15
6446,4397,2026-03-01,226326.72,5.00,11316.34
6447,4397,2026-04-01,244085.01,5.00,12204.25
6448,4397,2026-05-01,239698.04,5.00,11984.90
6449,4397,2026-06-01,223211.42,5.00,11160.57
6450,4397,2026-07-01,209965.10,5.00,10498.26
6451,4397,2026-08-01,221390.52,5.00,11069.53
6452,4416,2025-09-01,167060.24,5.00,8353.01
6453,4416,2025-10-01,193776.95,5.00,9688.85
6454,4416,2025-11-01,176443.55,5.00,8822.18
6455,4416,2025-12-01,174373.84,5.00,8718.69
6456,4416,2026-01-01,185244.78,5.00,9262.24
6457,4416,2026-02-01,184963.18,5.00,9248.16
6458,4416,2026-03-01,169154.73,5.00,8457.74
6459,4416,2026-04-01,188922.70,5.00,9446.14
6460,4416,2026-05-01,184945.63,5.00,9247.28
6461,4416,2026-06-01,178068.87,5.00,8903.44
6462,4416,2026-07-01,188765.93,5.00,9438.30
6463,4416,2026-08-01,166511.06,5.00,8325.55
6464,4437,2025-09-01,109607.36,5.00,5480.37
6465,4437,2025-10-01,128937.08,5.00,6446.85
6466,4437,2025-11-01,134351.82,5.00,6717.59
6467,4437,2025-12-01,142788.69,5.00,7139.43
6468,4437,2026-01-01,136012.22,5.00,6800.61
6469,4437,2026-02-01,142872.14,5.00,7143.61
6470,4437,2026-03-01,119936.05,5.00,5996.80
6471,4437,2026-04-01,151810.22,5.00,7590.51
6472,4441,2025-09-01,185203.57,5.00,9260.18
6473,4441,2025-10-01,166226.66,5.00,8311.33
6474,4441,2025-11-01,182346.78,5.00,9117.34
6475,4441,2025-12-01,194337.67,5.00,9716.88
6476,4441,2026-01-01,174717.73,5.00,8735.89
6477,4441,2026-02-01,163612.79,5.00,8180.64
6478,4441,2026-03-01,169786.82,5.00,8489.34
6479,4441,2026-04-01,165400.65,5.00,8270.03
6480,4441,2026-05-01,152889.88,5.00,7644.49
6481,4441,2026-06-01,175498.60,5.00,8774.93
6482,4441,2026-07-01,177308.65,5.00,8865.43
6483,4441,2026-08-01,178400.67,5.00,8920.03
6484,4452,2025-09-01,112373.67,5.00,5618.68
6485,4452,2025-10-01,117330.34,5.00,5866.52
6486,4452,2025-11-01,115579.76,5.00,5778.99
6487,4452,2025-12-01,106162.34,5.00,5308.12
6488,4452,2026-01-01,110456.92,5.00,5522.85
6489,4452,2026-02-01,90092.56,5.00,4504.63
6490,4452,2026-03-01,109402.64,5.00,5470.13
6491,4452,2026-04-01,119841.97,5.00,5992.10
6492,4452,2026-05-01,108401.46,5.00,5420.07
6493,4452,2026-06-01,114830.10,5.00,5741.51
6494,4452,2026-07-01,118473.88,5.00,5923.69
6495,4452,2026-08-01,104985.17,5.00,5249.26
6496,4454,2025-09-01,276756.99,5.00,13837.85
6497,4454,2025-10-01,233491.23,5.00,11674.56
6498,4454,2025-11-01,261315.53,5.00,13065.78
6499,4454,2025-12-01,264223.22,5.00,13211.16
6500,4454,2026-01-01,261936.33,5.00,13096.82
6501,4454,2026-02-01,264731.27,5.00,13236.56
6502,4454,2026-03-01,239493.74,5.00,11974.69
6503,4454,2026-04-01,258851.52,5.00,12942.58
6504,4454,2026-05-01,246370.21,5.00,12318.51
6505,4454,2026-06-01,236756.85,5.00,11837.84
6506,4454,2026-07-01,241876.82,5.00,12093.84
6507,4454,2026-08-01,253843.60,5.00,12692.18
6508,4460,2025-09-01,272139.95,5.00,13607.00
6509,4460,2025-10-01,259226.02,5.00,12961.30
6510,4460,2025-11-01,253945.47,5.00,12697.27
6511,4460,2025-12-01,249939.66,5.00,12496.98
6512,4460,2026-01-01,260615.56,5.00,13030.78
6513,4460,2026-02-01,221258.05,5.00,11062.90
6514,4460,2026-03-01,233837.16,5.00,11691.86
6515,4460,2026-04-01,265709.20,5.00,13285.46
6516,4460,2026-05-01,241050.40,5.00,12052.52
6517,4460,2026-06-01,244714.05,5.00,12235.70
6518,4460,2026-07-01,258587.79,5.00,12929.39
6519,4460,2026-08-01,250960.89,5.00,12548.04
6520,4461,2025-09-01,280911.88,5.00,14045.59
6521,4461,2025-10-01,272936.15,5.00,13646.81
6522,4461,2025-11-01,235301.43,5.00,11765.07
6523,4461,2025-12-01,242974.30,5.00,12148.72
6524,4461,2026-01-01,227550.60,5.00,11377.53
6525,4461,2026-02-01,278399.02,5.00,13919.95
6526,4461,2026-03-01,261480.05,5.00,13074.00
6527,4461,2026-04-01,215409.91,5.00,10770.50
6528,4461,2026-05-01,251370.72,5.00,12568.54
6529,4461,2026-06-01,248920.92,5.00,12446.05
6530,4461,2026-07-01,282972.88,5.00,14148.64
6531,4461,2026-08-01,248160.70,5.00,12408.04
6532,4474,2025-09-01,178114.12,5.00,8905.71
6533,4474,2025-10-01,184995.24,5.00,9249.76
6534,4474,2025-11-01,188079.75,5.00,9403.99
6535,4474,2025-12-01,182728.91,5.00,9136.45
6536,4474,2026-01-01,182747.78,5.00,9137.39
6537,4474,2026-02-01,184524.04,5.00,9226.20
6538,4474,2026-03-01,181197.01,5.00,9059.85
6539,4474,2026-04-01,190073.79,5.00,9503.69
6540,4474,2026-05-01,178627.08,5.00,8931.35
6541,4474,2026-06-01,193702.06,5.00,9685.10
6542,4474,2026-07-01,163827.34,5.00,8191.37
6543,4474,2026-08-01,191155.51,5.00,9557.78
6544,4492,2025-09-01,225447.06,5.00,11272.35
6545,4492,2025-10-01,246981.66,5.00,12349.08
6546,4492,2025-11-01,237667.84,5.00,11883.39
6547,4492,2025-12-01,266239.09,5.00,13311.95
6548,4492,2026-01-01,239607.01,5.00,11980.35
6549,4492,2026-02-01,282883.63,5.00,14144.18
6550,4492,2026-03-01,244571.29,5.00,12228.56
6551,4492,2026-04-01,232657.41,5.00,11632.87
6552,4492,2026-05-01,219421.26,5.00,10971.06
6553,4492,2026-06-01,260160.06,5.00,13008.00
6554,4492,2026-07-01,231044.05,5.00,11552.20
6555,4492,2026-08-01,225265.05,5.00,11263.25
6556,4497,2025-10-01,185576.70,5.00,9278.84
6557,4497,2025-11-01,195985.58,5.00,9799.28
6558,4497,2025-12-01,182756.89,5.00,9137.84
6559,4497,2026-01-01,179682.87,5.00,8984.14
6560,4497,2026-02-01,184266.37,5.00,9213.32
6561,4497,2026-03-01,175079.15,5.00,8753.96
6562,4497,2026-04-01,183379.95,5.00,9169.00
6563,4497,2026-05-01,189968.16,5.00,9498.41
6564,4497,2026-06-01,184124.75,5.00,9206.24
6565,4497,2026-07-01,187116.49,5.00,9355.82
6566,4497,2026-08-01,193920.13,5.00,9696.01
6567,4501,2025-09-01,211773.00,5.00,10588.65
6568,4501,2025-10-01,214685.52,5.00,10734.28
6569,4501,2025-11-01,223857.32,5.00,11192.87
6570,4501,2025-12-01,248653.36,5.00,12432.67
6571,4501,2026-01-01,209945.01,5.00,10497.25
6572,4501,2026-02-01,235123.79,5.00,11756.19
6573,4501,2026-03-01,242928.16,5.00,12146.41
6574,4501,2026-04-01,226333.38,5.00,11316.67
6575,4501,2026-05-01,199615.04,5.00,9980.75
6576,4501,2026-06-01,233252.93,5.00,11662.65
6577,4501,2026-07-01,236713.42,5.00,11835.67
6578,4501,2026-08-01,229292.92,5.00,11464.65
6579,4513,2025-09-01,245587.35,5.00,12279.37
6580,4513,2025-10-01,258269.69,5.00,12913.48
6581,4513,2025-11-01,248753.17,5.00,12437.66
6582,4513,2025-12-01,251127.82,5.00,12556.39
6583,4513,2026-01-01,245065.78,5.00,12253.29
6584,4513,2026-02-01,239738.63,5.00,11986.93
6585,4513,2026-03-01,270973.61,5.00,13548.68
6586,4513,2026-04-01,257135.33,5.00,12856.77
6587,4513,2026-05-01,285093.49,5.00,14254.67
6588,4513,2026-06-01,266604.29,5.00,13330.21
6589,4513,2026-07-01,239281.93,5.00,11964.10
6590,4513,2026-08-01,251592.23,5.00,12579.61
6591,4519,2025-09-01,186499.79,5.00,9324.99
6592,4519,2025-10-01,175948.06,5.00,8797.40
6593,4519,2025-11-01,179282.66,5.00,8964.13
6594,4519,2025-12-01,203097.44,5.00,10154.87
6595,4519,2026-01-01,200902.60,5.00,10045.13
6596,4519,2026-02-01,169864.70,5.00,8493.24
6597,4519,2026-03-01,194283.73,5.00,9714.19
6598,4519,2026-04-01,187478.97,5.00,9373.95
6599,4519,2026-05-01,185527.57,5.00,9276.38
6600,4519,2026-06-01,178759.49,5.00,8937.97
6601,4519,2026-07-01,209218.95,5.00,10460.95
6602,4519,2026-08-01,192717.61,5.00,9635.88
6603,4524,2025-09-01,309367.15,5.00,15468.36
6604,4524,2025-10-01,300690.15,5.00,15034.51
6605,4524,2025-11-01,301281.62,5.00,15064.08
6606,4524,2025-12-01,336220.88,5.00,16811.04
6607,4524,2026-01-01,306353.36,5.00,15317.67
6608,4524,2026-02-01,316570.97,5.00,15828.55
6609,4524,2026-03-01,303645.38,5.00,15182.27
6610,4524,2026-04-01,292302.20,5.00,14615.11
6611,4524,2026-05-01,331291.47,5.00,16564.57
6612,4524,2026-06-01,305159.21,5.00,15257.96
6613,4524,2026-07-01,334292.56,5.00,16714.63
6614,4524,2026-08-01,309781.75,5.00,15489.09
6615,4534,2025-09-01,236043.41,5.00,11802.17
6616,4534,2025-10-01,283186.89,5.00,14159.34
6617,4534,2025-11-01,258027.44,5.00,12901.37
6618,4534,2025-12-01,259904.42,5.00,12995.22
6619,4534,2026-01-01,266790.14,5.00,13339.51
6620,4534,2026-02-01,234282.48,5.00,11714.12
6621,4534,2026-03-01,244132.86,5.00,12206.64
6622,4534,2026-04-01,238387.10,5.00,11919.36
6623,4534,2026-05-01,249012.16,5.00,12450.61
6624,4534,2026-06-01,290274.30,5.00,14513.72
6625,4534,2026-07-01,289237.75,5.00,14461.89
6626,4534,2026-08-01,241699.71,5.00,12084.99
6627,4537,2025-09-01,267577.99,5.00,13378.90
6628,4537,2025-10-01,280003.28,5.00,14000.16
6629,4537,2025-11-01,254356.15,5.00,12717.81
6630,4537,2025-12-01,272112.02,5.00,13605.60
6631,4537,2026-01-01,245258.85,5.00,12262.94
6632,4537,2026-02-01,259167.85,5.00,12958.39
6633,4537,2026-03-01,289135.17,5.00,14456.76
6634,4537,2026-04-01,219843.89,5.00,10992.19
6635,4537,2026-05-01,287955.74,5.00,14397.79
6636,4537,2026-06-01,250723.91,5.00,12536.20
6637,4537,2026-07-01,312124.29,5.00,15606.21
6638,4537,2026-08-01,243703.85,5.00,12185.19
6639,4541,2025-09-01,174857.49,5.00,8742.87
6640,4541,2025-10-01,159817.31,5.00,7990.87
6641,4541,2025-11-01,188282.72,5.00,9414.14
6642,4541,2025-12-01,174070.82,5.00,8703.54
6643,4541,2026-01-01,180854.84,5.00,9042.74
6644,4541,2026-02-01,146246.83,5.00,7312.34
6645,4541,2026-03-01,184909.92,5.00,9245.50
6646,4541,2026-04-01,157175.65,5.00,7858.78
6647,4541,2026-05-01,161333.52,5.00,8066.68
6648,4541,2026-06-01,176084.43,5.00,8804.22
6649,4541,2026-07-01,175109.30,5.00,8755.47
6650,4541,2026-08-01,171137.59,5.00,8556.88
6651,4545,2025-09-01,261626.46,5.00,13081.32
6652,4545,2025-10-01,239606.56,5.00,11980.33
6653,4545,2025-11-01,245055.12,5.00,12252.76
6654,4545,2025-12-01,272893.84,5.00,13644.69
6655,4545,2026-01-01,234101.21,5.00,11705.06
6656,4545,2026-02-01,254804.29,5.00,12740.21
6657,4545,2026-03-01,264253.22,5.00,13212.66
6658,4545,2026-04-01,238143.01,5.00,11907.15
6659,4545,2026-05-01,228931.57,5.00,11446.58
6660,4545,2026-06-01,238199.01,5.00,11909.95
6661,4545,2026-07-01,235107.17,5.00,11755.36
6662,4545,2026-08-01,233407.13,5.00,11670.36
6663,4549,2026-06-01,191821.20,5.00,9591.06
6664,4549,2026-07-01,178181.88,5.00,8909.09
6665,4549,2026-08-01,184710.05,5.00,9235.50
6666,4561,2025-09-01,207806.09,5.00,10390.30
6667,4561,2025-10-01,209353.77,5.00,10467.69
6668,4561,2025-11-01,207734.33,5.00,10386.72
6669,4561,2025-12-01,173971.59,5.00,8698.58
6670,4561,2026-01-01,207463.52,5.00,10373.18
6671,4561,2026-02-01,203685.60,5.00,10184.28
6672,4561,2026-03-01,207127.10,5.00,10356.36
6673,4561,2026-04-01,219975.44,5.00,10998.77
6674,4561,2026-05-01,186633.87,5.00,9331.69
6675,4561,2026-06-01,217687.35,5.00,10884.37
6676,4561,2026-07-01,240556.84,5.00,12027.84
6677,4561,2026-08-01,216208.57,5.00,10810.43
6678,4562,2025-09-01,198218.31,5.00,9910.92
6679,4562,2025-10-01,227591.57,5.00,11379.58
6680,4562,2025-11-01,221324.64,5.00,11066.23
6681,4562,2025-12-01,211999.88,5.00,10599.99
6682,4562,2026-01-01,213930.32,5.00,10696.52
6683,4562,2026-02-01,202620.88,5.00,10131.04
6684,4562,2026-03-01,209137.92,5.00,10456.90
6685,4562,2026-04-01,187437.33,5.00,9371.87
6686,4562,2026-05-01,232581.73,5.00,11629.09
6687,4562,2026-06-01,185958.44,5.00,9297.92
6688,4562,2026-07-01,193616.48,5.00,9680.82
6689,4562,2026-08-01,184972.89,5.00,9248.64
6690,4563,2025-09-01,237042.47,5.00,11852.12
6691,4563,2025-10-01,192562.14,5.00,9628.11
6692,4563,2025-11-01,203095.65,5.00,10154.78
6693,4563,2025-12-01,211157.37,5.00,10557.87
6694,4563,2026-01-01,189261.26,5.00,9463.06
6695,4563,2026-02-01,250673.91,5.00,12533.70
6696,4563,2026-03-01,211685.76,5.00,10584.29
6697,4563,2026-04-01,251024.06,5.00,12551.20
6698,4563,2026-05-01,202197.03,5.00,10109.85
6699,4563,2026-06-01,239925.60,5.00,11996.28
6700,4563,2026-07-01,203871.80,5.00,10193.59
6701,4563,2026-08-01,225794.21,5.00,11289.71
6702,4565,2025-09-01,201304.47,5.00,10065.22
6703,4565,2025-10-01,187476.63,5.00,9373.83
6704,4565,2025-11-01,197307.83,5.00,9865.39
6705,4565,2025-12-01,235021.60,5.00,11751.08
6706,4565,2026-01-01,228111.58,5.00,11405.58
6707,4565,2026-02-01,214127.56,5.00,10706.38
6708,4565,2026-03-01,196206.98,5.00,9810.35
6709,4565,2026-04-01,219938.23,5.00,10996.91
6710,4565,2026-05-01,194982.59,5.00,9749.13
6711,4565,2026-06-01,217005.53,5.00,10850.28
6712,4565,2026-07-01,210012.16,5.00,10500.61
6713,4565,2026-08-01,183295.00,5.00,9164.75
6714,4568,2025-09-01,396016.16,5.00,19800.81
6715,4568,2025-10-01,394450.48,5.00,19722.52
6716,4568,2025-11-01,371692.86,5.00,18584.64
6717,4568,2025-12-01,362231.36,5.00,18111.57
6718,4568,2026-01-01,334358.92,5.00,16717.95
6719,4568,2026-02-01,340730.45,5.00,17036.52
6720,4568,2026-03-01,339728.00,5.00,16986.40
6721,4568,2026-04-01,337913.95,5.00,16895.70
6722,4568,2026-05-01,355004.44,5.00,17750.22
6723,4568,2026-06-01,334751.57,5.00,16737.58
6724,4568,2026-07-01,380407.32,5.00,19020.37
6725,4568,2026-08-01,310804.18,5.00,15540.21
6726,4574,2025-09-01,273436.73,5.00,13671.84
6727,4574,2025-10-01,283261.00,5.00,14163.05
6728,4574,2025-11-01,258697.79,5.00,12934.89
6729,4574,2025-12-01,269523.64,5.00,13476.18
6730,4574,2026-01-01,280738.00,5.00,14036.90
6731,4574,2026-02-01,303261.33,5.00,15163.07
6732,4574,2026-03-01,271052.05,5.00,13552.60
6733,4574,2026-04-01,291643.60,5.00,14582.18
6734,4574,2026-05-01,271584.48,5.00,13579.22
6735,4574,2026-06-01,284978.59,5.00,14248.93
6736,4574,2026-07-01,275733.07,5.00,13786.65
6737,4574,2026-08-01,228921.85,5.00,11446.09
6738,4590,2025-09-01,215362.60,5.00,10768.13
6739,4590,2025-10-01,222013.80,5.00,11100.69
6740,4590,2025-11-01,224576.55,5.00,11228.83
6741,4590,2025-12-01,227303.99,5.00,11365.20
6742,4590,2026-01-01,193110.55,5.00,9655.53
6743,4590,2026-02-01,237958.32,5.00,11897.92
6744,4590,2026-03-01,236584.17,5.00,11829.21
6745,4590,2026-04-01,233056.54,5.00,11652.83
6746,4590,2026-05-01,246453.13,5.00,12322.66
6747,4590,2026-06-01,220168.59,5.00,11008.43
6748,4590,2026-07-01,223753.70,5.00,11187.69
6749,4590,2026-08-01,226753.27,5.00,11337.66
6750,4591,2025-09-01,335572.67,5.00,16778.63
6751,4591,2025-10-01,324305.64,5.00,16215.28
6752,4591,2025-11-01,322265.26,5.00,16113.26
6753,4591,2025-12-01,279602.18,5.00,13980.11
6754,4591,2026-01-01,336370.34,5.00,16818.52
6755,4591,2026-02-01,339714.80,5.00,16985.74
6756,4591,2026-03-01,329320.34,5.00,16466.02
6757,4591,2026-04-01,365778.58,5.00,18288.93
6758,4591,2026-05-01,313521.61,5.00,15676.08
6759,4591,2026-06-01,349222.56,5.00,17461.13
6760,4591,2026-07-01,326199.34,5.00,16309.97
6761,4591,2026-08-01,285228.97,5.00,14261.45
6762,4602,2025-09-01,304024.96,5.00,15201.25
6763,4602,2025-10-01,312914.61,5.00,15645.73
6764,4602,2025-11-01,287460.67,5.00,14373.03
6765,4602,2025-12-01,294962.58,5.00,14748.13
6766,4602,2026-01-01,265047.44,5.00,13252.37
6767,4602,2026-02-01,274075.38,5.00,13703.77
6768,4602,2026-03-01,358952.96,5.00,17947.65
6769,4602,2026-04-01,285785.57,5.00,14289.28
6770,4602,2026-05-01,274560.52,5.00,13728.03
6771,4602,2026-06-01,271328.82,5.00,13566.44
6772,4602,2026-07-01,287372.14,5.00,14368.61
6773,4602,2026-08-01,289283.19,5.00,14464.16
6774,4603,2025-09-01,262710.99,5.00,13135.55
6775,4603,2025-10-01,241326.63,5.00,12066.33
6776,4603,2025-11-01,245032.36,5.00,12251.62
6777,4603,2025-12-01,247555.39,5.00,12377.77
6778,4603,2026-01-01,266390.73,5.00,13319.54
6779,4603,2026-02-01,294427.03,5.00,14721.35
6780,4603,2026-03-01,259172.13,5.00,12958.61
6781,4603,2026-04-01,262982.64,5.00,13149.13
6782,4603,2026-05-01,209544.32,5.00,10477.22
6783,4603,2026-06-01,236553.35,5.00,11827.67
6784,4603,2026-07-01,299365.91,5.00,14968.30
6785,4603,2026-08-01,207366.10,5.00,10368.31
6786,4607,2025-09-01,275290.54,5.00,13764.53
6787,4607,2025-10-01,264522.72,5.00,13226.14
6788,4607,2025-11-01,276398.11,5.00,13819.91
6789,4607,2025-12-01,257127.89,5.00,12856.39
6790,4607,2026-01-01,277209.71,5.00,13860.49
6791,4607,2026-02-01,279830.66,5.00,13991.53
6792,4607,2026-03-01,259638.63,5.00,12981.93
6793,4607,2026-04-01,270959.54,5.00,13547.98
6794,4607,2026-05-01,257873.44,5.00,12893.67
6795,4607,2026-06-01,244156.87,5.00,12207.84
6796,4607,2026-07-01,283156.64,5.00,14157.83
6797,4607,2026-08-01,269525.73,5.00,13476.29
6798,4609,2025-09-01,257196.52,5.00,12859.83
6799,4609,2025-10-01,247377.17,5.00,12368.86
6800,4609,2025-11-01,244675.06,5.00,12233.75
6801,4609,2025-12-01,225226.63,5.00,11261.33
6802,4609,2026-01-01,261558.51,5.00,13077.93
6803,4609,2026-02-01,249404.58,5.00,12470.23
6804,4609,2026-03-01,208455.22,5.00,10422.76
6805,4609,2026-04-01,230946.95,5.00,11547.35
6806,4609,2026-05-01,263665.23,5.00,13183.26
6807,4609,2026-06-01,270697.72,5.00,13534.89
6808,4609,2026-07-01,239333.39,5.00,11966.67
6809,4609,2026-08-01,262243.26,5.00,13112.16
6810,4617,2026-02-01,189898.50,5.00,9494.93
6811,4617,2026-03-01,175551.69,5.00,8777.58
6812,4617,2026-04-01,171944.64,5.00,8597.23
6813,4617,2026-05-01,174078.59,5.00,8703.93
6814,4617,2026-06-01,185655.04,5.00,9282.75
6815,4617,2026-07-01,205212.05,5.00,10260.60
6816,4617,2026-08-01,182519.24,5.00,9125.96
6817,4619,2025-09-01,206530.68,5.00,10326.53
6818,4619,2025-10-01,253045.45,5.00,12652.27
6819,4619,2025-11-01,225552.80,5.00,11277.64
6820,4619,2025-12-01,233036.89,5.00,11651.84
6821,4619,2026-01-01,201590.70,5.00,10079.54
6822,4619,2026-02-01,234705.17,5.00,11735.26
6823,4619,2026-03-01,232002.86,5.00,11600.14
6824,4619,2026-04-01,226761.32,5.00,11338.07
6825,4619,2026-05-01,227443.02,5.00,11372.15
6826,4619,2026-06-01,231679.12,5.00,11583.96
6827,4619,2026-07-01,217434.32,5.00,10871.72
6828,4619,2026-08-01,230853.85,5.00,11542.69
6829,4625,2025-09-01,229861.23,5.00,11493.06
6830,4625,2025-10-01,261164.81,5.00,13058.24
6831,4625,2025-11-01,228951.50,5.00,11447.58
6832,4625,2025-12-01,240766.31,5.00,12038.32
6833,4625,2026-01-01,225619.97,5.00,11281.00
6834,4625,2026-02-01,198259.80,5.00,9912.99
6835,4625,2026-03-01,220568.54,5.00,11028.43
6836,4625,2026-04-01,218484.16,5.00,10924.21
6837,4625,2026-05-01,258894.78,5.00,12944.74
6838,4625,2026-06-01,227587.94,5.00,11379.40
6839,4625,2026-07-01,242525.91,5.00,12126.30
6840,4625,2026-08-01,209308.96,5.00,10465.45
6841,4629,2025-09-01,383381.63,5.00,19169.08
6842,4629,2025-10-01,320138.86,5.00,16006.94
6843,4629,2025-11-01,357317.89,5.00,17865.89
6844,4629,2025-12-01,316992.75,5.00,15849.64
6845,4629,2026-01-01,382123.67,5.00,19106.18
6846,4629,2026-02-01,394284.42,5.00,19714.22
6847,4629,2026-03-01,399916.84,5.00,19995.84
6848,4629,2026-04-01,352656.11,5.00,17632.81
6849,4629,2026-05-01,359934.00,5.00,17996.70
6850,4629,2026-06-01,306111.97,5.00,15305.60
6851,4629,2026-07-01,345058.57,5.00,17252.93
6852,4629,2026-08-01,311631.22,5.00,15581.56
6853,4656,2025-09-01,265937.16,5.00,13296.86
6854,4656,2025-10-01,265652.65,5.00,13282.63
6855,4656,2025-11-01,244401.08,5.00,12220.05
6856,4656,2025-12-01,241591.51,5.00,12079.58
6857,4656,2026-01-01,259082.60,5.00,12954.13
6858,4656,2026-02-01,276996.78,5.00,13849.84
6859,4656,2026-03-01,267846.28,5.00,13392.31
6860,4656,2026-04-01,285887.74,5.00,14294.39
6861,4656,2026-05-01,266546.77,5.00,13327.34
6862,4656,2026-06-01,247281.09,5.00,12364.05
6863,4656,2026-07-01,252714.64,5.00,12635.73
6864,4656,2026-08-01,280333.08,5.00,14016.65
6865,4672,2025-09-01,193578.86,5.00,9678.94
6866,4672,2025-10-01,168666.04,5.00,8433.30
6867,4672,2025-11-01,181558.67,5.00,9077.93
6868,4672,2025-12-01,165124.65,5.00,8256.23
6869,4672,2026-01-01,181553.55,5.00,9077.68
6870,4672,2026-02-01,177065.88,5.00,8853.29
6871,4672,2026-03-01,177095.99,5.00,8854.80
6872,4672,2026-04-01,173418.37,5.00,8670.92
6873,4672,2026-05-01,167422.27,5.00,8371.11
6874,4672,2026-06-01,171779.78,5.00,8588.99
6875,4672,2026-07-01,183056.88,5.00,9152.84
6876,4672,2026-08-01,191588.75,5.00,9579.44
6877,4694,2025-09-01,256726.39,5.00,12836.32
6878,4694,2025-10-01,235901.35,5.00,11795.07
6879,4694,2025-11-01,235162.20,5.00,11758.11
6880,4694,2025-12-01,252535.90,5.00,12626.80
6881,4694,2026-01-01,256877.61,5.00,12843.88
6882,4694,2026-02-01,238410.96,5.00,11920.55
6883,4694,2026-03-01,251212.57,5.00,12560.63
6884,4694,2026-04-01,229977.27,5.00,11498.86
6885,4694,2026-05-01,250123.13,5.00,12506.16
6886,4694,2026-06-01,259672.36,5.00,12983.62
6887,4694,2026-07-01,268713.79,5.00,13435.69
6888,4694,2026-08-01,260071.37,5.00,13003.57
6889,4695,2025-09-01,488466.92,5.00,24423.35
6890,4695,2025-10-01,398761.54,5.00,19938.08
6891,4695,2025-11-01,386482.09,5.00,19324.10
6892,4695,2025-12-01,431305.60,5.00,21565.28
6893,4695,2026-01-01,389190.63,5.00,19459.53
6894,4695,2026-02-01,387873.45,5.00,19393.67
6895,4695,2026-03-01,413613.49,5.00,20680.67
6896,4695,2026-04-01,396028.56,5.00,19801.43
6897,4695,2026-05-01,407710.88,5.00,20385.54
6898,4695,2026-06-01,417858.67,5.00,20892.93
6899,4695,2026-07-01,419229.31,5.00,20961.47
6900,4695,2026-08-01,394751.74,5.00,19737.59
6901,4699,2025-09-01,227892.63,5.00,11394.63
6902,4699,2025-10-01,221732.47,5.00,11086.62
6903,4699,2025-11-01,238738.64,5.00,11936.93
6904,4699,2025-12-01,238540.13,5.00,11927.01
6905,4699,2026-01-01,197226.80,5.00,9861.34
6906,4699,2026-02-01,215884.01,5.00,10794.20
6907,4699,2026-03-01,216725.64,5.00,10836.28
6908,4699,2026-04-01,235123.60,5.00,11756.18
6909,4699,2026-05-01,209119.57,5.00,10455.98
6910,4699,2026-06-01,236276.67,5.00,11813.83
6911,4699,2026-07-01,209772.27,5.00,10488.61
6912,4699,2026-08-01,235399.56,5.00,11769.98
6913,4720,2025-09-01,337259.60,5.00,16862.98
6914,4720,2025-10-01,355052.30,5.00,17752.62
6915,4720,2025-11-01,325055.94,5.00,16252.80
6916,4720,2025-12-01,404680.58,5.00,20234.03
6917,4720,2026-01-01,308051.41,5.00,15402.57
6918,4720,2026-02-01,343638.53,5.00,17181.93
6919,4720,2026-03-01,334123.50,5.00,16706.18
6920,4720,2026-04-01,358496.53,5.00,17924.83
6921,4720,2026-05-01,333762.82,5.00,16688.14
6922,4720,2026-06-01,322203.79,5.00,16110.19
6923,4720,2026-07-01,316666.17,5.00,15833.31
6924,4720,2026-08-01,370736.53,5.00,18536.83
6925,4727,2025-09-01,249123.37,5.00,12456.17
6926,4727,2025-10-01,248956.61,5.00,12447.83
6927,4727,2025-11-01,240249.49,5.00,12012.47
6928,4727,2025-12-01,243558.26,5.00,12177.91
6929,4727,2026-01-01,267216.41,5.00,13360.82
6930,4727,2026-02-01,226905.88,5.00,11345.29
6931,4727,2026-03-01,226667.59,5.00,11333.38
6932,4727,2026-04-01,238908.19,5.00,11945.41
6933,4727,2026-05-01,224417.16,5.00,11220.86
6934,4727,2026-06-01,243307.94,5.00,12165.40
6935,4727,2026-07-01,242221.41,5.00,12111.07
6936,4727,2026-08-01,274013.44,5.00,13700.67
6937,4730,2025-09-01,180568.25,5.00,9028.41
6938,4730,2025-10-01,202960.42,5.00,10148.02
6939,4730,2025-11-01,192826.86,5.00,9641.34
6940,4730,2025-12-01,194945.19,5.00,9747.26
6941,4730,2026-01-01,196183.18,5.00,9809.16
6942,4730,2026-02-01,193656.83,5.00,9682.84
6943,4730,2026-03-01,207003.74,5.00,10350.19
6944,4730,2026-04-01,203852.23,5.00,10192.61
6945,4730,2026-05-01,198057.58,5.00,9902.88
6946,4730,2026-06-01,187396.20,5.00,9369.81
6947,4730,2026-07-01,193048.81,5.00,9652.44
6948,4730,2026-08-01,167829.23,5.00,8391.46
6949,4735,2025-09-01,366488.86,5.00,18324.44
6950,4735,2025-10-01,379134.16,5.00,18956.71
6951,4735,2025-11-01,319278.75,5.00,15963.94
6952,4735,2025-12-01,360924.54,5.00,18046.23
6953,4735,2026-01-01,343854.44,5.00,17192.72
6954,4735,2026-02-01,352641.85,5.00,17632.09
6955,4735,2026-03-01,328672.07,5.00,16433.60
6956,4735,2026-04-01,308287.20,5.00,15414.36
6957,4735,2026-05-01,341499.79,5.00,17074.99
6958,4735,2026-06-01,358356.97,5.00,17917.85
6959,4735,2026-07-01,358880.38,5.00,17944.02
6960,4735,2026-08-01,316065.98,5.00,15803.30
6961,4738,2026-08-01,196943.69,5.00,9847.18
6962,4742,2025-09-01,208170.65,5.00,10408.53
6963,4742,2025-10-01,212145.85,5.00,10607.29
6964,4742,2025-11-01,204292.11,5.00,10214.61
6965,4742,2025-12-01,232521.21,5.00,11626.06
6966,4742,2026-01-01,210645.38,5.00,10532.27
6967,4742,2026-02-01,211335.67,5.00,10566.78
6968,4742,2026-03-01,198235.66,5.00,9911.78
6969,4742,2026-04-01,213232.75,5.00,10661.64
6970,4742,2026-05-01,236622.37,5.00,11831.12
6971,4742,2026-06-01,211289.70,5.00,10564.49
6972,4742,2026-07-01,222360.90,5.00,11118.05
6973,4742,2026-08-01,202556.82,5.00,10127.84
6974,4744,2025-09-01,270122.41,5.00,13506.12
6975,4744,2025-10-01,242472.48,5.00,12123.62
6976,4744,2025-11-01,231248.38,5.00,11562.42
6977,4744,2025-12-01,215608.91,5.00,10780.45
6978,4744,2026-01-01,224786.52,5.00,11239.33
6979,4744,2026-02-01,230519.67,5.00,11525.98
6980,4744,2026-03-01,216168.65,5.00,10808.43
6981,4744,2026-04-01,233206.14,5.00,11660.31
6982,4744,2026-05-01,238759.44,5.00,11937.97
6983,4744,2026-06-01,226135.95,5.00,11306.80
6984,4744,2026-07-01,225625.99,5.00,11281.30
6985,4744,2026-08-01,235244.54,5.00,11762.23
6986,4758,2025-09-01,279175.95,5.00,13958.80
6987,4758,2025-10-01,279873.98,5.00,13993.70
6988,4758,2025-11-01,243260.43,5.00,12163.02
6989,4758,2025-12-01,264264.97,5.00,13213.25
6990,4758,2026-01-01,232818.79,5.00,11640.94
6991,4758,2026-02-01,270865.91,5.00,13543.30
6992,4758,2026-03-01,262262.49,5.00,13113.12
6993,4758,2026-04-01,272506.95,5.00,13625.35
6994,4758,2026-05-01,278115.36,5.00,13905.77
6995,4758,2026-06-01,284204.90,5.00,14210.25
6996,4758,2026-07-01,260220.83,5.00,13011.04
6997,4758,2026-08-01,265062.53,5.00,13253.13
6998,4768,2025-09-01,203165.20,5.00,10158.26
6999,4768,2025-10-01,205734.05,5.00,10286.70
7000,4768,2025-11-01,186773.05,5.00,9338.65
7001,4768,2025-12-01,193032.83,5.00,9651.64
7002,4768,2026-01-01,192047.26,5.00,9602.36
7003,4768,2026-02-01,207859.93,5.00,10393.00
7004,4768,2026-03-01,184602.40,5.00,9230.12
7005,4768,2026-04-01,197576.85,5.00,9878.84
7006,4768,2026-05-01,175220.53,5.00,8761.03
7007,4768,2026-06-01,206230.20,5.00,10311.51
7008,4768,2026-07-01,182336.78,5.00,9116.84
7009,4768,2026-08-01,180695.68,5.00,9034.78
7010,4778,2025-09-01,272979.27,5.00,13648.96
7011,4778,2025-10-01,197838.30,5.00,9891.92
7012,4778,2025-11-01,295310.71,5.00,14765.54
7013,4778,2025-12-01,240316.14,5.00,12015.81
7014,4778,2026-01-01,304606.18,5.00,15230.31
7015,4778,2026-02-01,312354.58,5.00,15617.73
7016,4778,2026-03-01,256189.78,5.00,12809.49
7017,4778,2026-04-01,250075.73,5.00,12503.79
7018,4778,2026-05-01,303659.86,5.00,15182.99
7019,4778,2026-06-01,272796.72,5.00,13639.84
7020,4778,2026-07-01,319318.95,5.00,15965.95
7021,4778,2026-08-01,272296.82,5.00,13614.84
7022,4811,2026-01-01,125558.33,5.00,6277.92
7023,4811,2026-02-01,130488.81,5.00,6524.44
7024,4811,2026-03-01,133339.72,5.00,6666.99
7025,4811,2026-04-01,142939.90,5.00,7147.00
7026,4811,2026-05-01,138038.78,5.00,6901.94
7027,4811,2026-06-01,143329.60,5.00,7166.48
7028,4811,2026-07-01,135045.16,5.00,6752.26
7029,4811,2026-08-01,132122.06,5.00,6606.10
7030,4814,2025-09-01,243601.65,5.00,12180.08
7031,4814,2025-10-01,301372.75,5.00,15068.64
7032,4814,2025-11-01,245486.03,5.00,12274.30
7033,4814,2025-12-01,269524.44,5.00,13476.22
7034,4814,2026-01-01,250789.73,5.00,12539.49
7035,4814,2026-02-01,224990.09,5.00,11249.50
7036,4814,2026-03-01,279517.04,5.00,13975.85
7037,4814,2026-04-01,245680.66,5.00,12284.03
7038,4814,2026-05-01,257927.44,5.00,12896.37
7039,4814,2026-06-01,256352.35,5.00,12817.62
7040,4814,2026-07-01,290674.73,5.00,14533.74
7041,4814,2026-08-01,259880.15,5.00,12994.01
7042,4825,2025-09-01,255688.84,5.00,12784.44
7043,4825,2025-10-01,265897.53,5.00,13294.88
7044,4825,2025-11-01,262260.24,5.00,13113.01
7045,4825,2025-12-01,270999.68,5.00,13549.98
7046,4825,2026-01-01,249776.12,5.00,12488.81
7047,4825,2026-02-01,272149.64,5.00,13607.48
7048,4825,2026-03-01,245312.52,5.00,12265.63
7049,4825,2026-04-01,245143.85,5.00,12257.19
7050,4825,2026-05-01,272212.94,5.00,13610.65
7051,4825,2026-06-01,252175.31,5.00,12608.77
7052,4825,2026-07-01,254557.06,5.00,12727.85
7053,4825,2026-08-01,261499.40,5.00,13074.97
7054,4830,2025-09-01,263052.91,5.00,13152.65
7055,4830,2025-10-01,261556.31,5.00,13077.82
7056,4830,2025-11-01,234123.24,5.00,11706.16
7057,4830,2025-12-01,236460.58,5.00,11823.03
7058,4830,2026-01-01,233613.93,5.00,11680.70
7059,4830,2026-02-01,230732.41,5.00,11536.62
7060,4830,2026-03-01,242107.50,5.00,12105.38
7061,4830,2026-04-01,262397.68,5.00,13119.88
7062,4830,2026-05-01,233487.20,5.00,11674.36
7063,4830,2026-06-01,242222.37,5.00,12111.12
7064,4830,2026-07-01,239220.52,5.00,11961.03
7065,4830,2026-08-01,246239.94,5.00,12312.00
7066,4832,2025-09-01,258352.71,5.00,12917.64
7067,4832,2025-10-01,254661.90,5.00,12733.10
7068,4832,2025-11-01,264687.49,5.00,13234.37
7069,4832,2025-12-01,247248.95,5.00,12362.45
7070,4832,2026-01-01,287928.76,5.00,14396.44
7071,4832,2026-02-01,227973.95,5.00,11398.70
7072,4832,2026-03-01,299924.05,5.00,14996.20
7073,4832,2026-04-01,283736.70,5.00,14186.84
7074,4832,2026-05-01,240987.91,5.00,12049.40
7075,4832,2026-06-01,257610.40,5.00,12880.52
7076,4832,2026-07-01,280601.05,5.00,14030.05
7077,4832,2026-08-01,252728.22,5.00,12636.41
7078,4855,2026-07-01,176540.78,5.00,8827.04
7079,4855,2026-08-01,152755.06,5.00,7637.75
7080,4870,2025-09-01,351343.37,5.00,17567.17
7081,4870,2025-10-01,367659.76,5.00,18382.99
7082,4870,2025-11-01,369718.97,5.00,18485.95
7083,4870,2025-12-01,360682.47,5.00,18034.12
7084,4870,2026-01-01,349736.97,5.00,17486.85
7085,4870,2026-02-01,281125.68,5.00,14056.28
7086,4870,2026-03-01,368359.25,5.00,18417.96
7087,4870,2026-04-01,402955.56,5.00,20147.78
7088,4870,2026-05-01,375735.45,5.00,18786.77
7089,4870,2026-06-01,381983.42,5.00,19099.17
7090,4870,2026-07-01,387470.10,5.00,19373.51
7091,4870,2026-08-01,344019.26,5.00,17200.96
7092,4877,2025-09-01,294794.82,5.00,14739.74
7093,4877,2025-10-01,298942.59,5.00,14947.13
7094,4877,2025-11-01,318977.93,5.00,15948.90
7095,4877,2025-12-01,290633.31,5.00,14531.67
7096,4877,2026-01-01,299519.06,5.00,14975.95
7097,4877,2026-02-01,293593.12,5.00,14679.66
7098,4877,2026-03-01,293724.98,5.00,14686.25
7099,4877,2026-04-01,268075.01,5.00,13403.75
7100,4877,2026-05-01,266929.57,5.00,13346.48
7101,4877,2026-06-01,260162.19,5.00,13008.11
7102,4877,2026-07-01,290181.71,5.00,14509.09
7103,4877,2026-08-01,261148.15,5.00,13057.41
7104,4878,2025-09-01,240405.68,5.00,12020.28
7105,4878,2025-10-01,220544.26,5.00,11027.21
7106,4878,2025-11-01,215632.59,5.00,10781.63
7107,4878,2025-12-01,253018.88,5.00,12650.94
7108,4878,2026-01-01,238149.38,5.00,11907.47
7109,4878,2026-02-01,227661.30,5.00,11383.07
7110,4878,2026-03-01,234954.88,5.00,11747.74
7111,4878,2026-04-01,226283.48,5.00,11314.17
7112,4878,2026-05-01,221735.43,5.00,11086.77
7113,4878,2026-06-01,232946.20,5.00,11647.31
7114,4878,2026-07-01,234170.55,5.00,11708.53
7115,4878,2026-08-01,248359.18,5.00,12417.96
7116,4883,2025-09-01,277960.00,5.00,13898.00
7117,4883,2025-10-01,274646.83,5.00,13732.34
7118,4883,2025-11-01,265952.42,5.00,13297.62
7119,4883,2025-12-01,322701.05,5.00,16135.05
7120,4883,2026-01-01,271414.65,5.00,13570.73
7121,4883,2026-02-01,291467.75,5.00,14573.39
7122,4883,2026-03-01,311398.51,5.00,15569.93
7123,4883,2026-04-01,273497.72,5.00,13674.89
7124,4883,2026-05-01,323949.96,5.00,16197.50
7125,4883,2026-06-01,261131.53,5.00,13056.58
7126,4883,2026-07-01,249952.31,5.00,12497.62
7127,4883,2026-08-01,253011.53,5.00,12650.58
7128,4890,2025-09-01,223196.10,5.00,11159.81
7129,4890,2025-10-01,224307.31,5.00,11215.37
7130,4890,2025-11-01,212068.40,5.00,10603.42
7131,4890,2025-12-01,206392.23,5.00,10319.61
7132,4890,2026-01-01,236604.43,5.00,11830.22
7133,4890,2026-02-01,211760.54,5.00,10588.03
7134,4890,2026-03-01,208819.75,5.00,10440.99
7135,4890,2026-04-01,207741.02,5.00,10387.05
7136,4890,2026-05-01,197778.54,5.00,9888.93
7137,4890,2026-06-01,199932.84,5.00,9996.64
7138,4890,2026-07-01,212824.18,5.00,10641.21
7139,4890,2026-08-01,196320.58,5.00,9816.03
7140,4894,2025-09-01,197162.30,5.00,9858.12
7141,4894,2025-10-01,178182.45,5.00,8909.12
7142,4894,2025-11-01,194256.70,5.00,9712.84
7143,4894,2025-12-01,191450.28,5.00,9572.51
7144,4894,2026-01-01,203986.96,5.00,10199.35
7145,4894,2026-02-01,210015.04,5.00,10500.75
7146,4894,2026-03-01,187500.10,5.00,9375.01
7147,4894,2026-04-01,205136.01,5.00,10256.80
7148,4894,2026-05-01,203954.93,5.00,10197.75
7149,4894,2026-06-01,213314.95,5.00,10665.75
7150,4894,2026-07-01,209742.78,5.00,10487.14
7151,4894,2026-08-01,203403.74,5.00,10170.19
7152,4897,2025-09-01,254671.94,5.00,12733.60
7153,4897,2025-10-01,231126.77,5.00,11556.34
7154,4897,2025-11-01,248572.08,5.00,12428.60
7155,4897,2025-12-01,190572.12,5.00,9528.61
7156,4897,2026-01-01,197474.38,5.00,9873.72
7157,4897,2026-02-01,207900.09,5.00,10395.00
7158,4897,2026-03-01,208492.35,5.00,10424.62
7159,4897,2026-04-01,257262.20,5.00,12863.11
7160,4897,2026-05-01,247007.54,5.00,12350.38
7161,4897,2026-06-01,207448.46,5.00,10372.42
7162,4897,2026-07-01,213544.13,5.00,10677.21
7163,4897,2026-08-01,223624.74,5.00,11181.24
7164,4909,2025-11-01,167910.32,5.00,8395.52
7165,4909,2025-12-01,197539.42,5.00,9876.97
7166,4909,2026-01-01,176368.99,5.00,8818.45
7167,4909,2026-02-01,190816.65,5.00,9540.83
7168,4909,2026-03-01,175556.89,5.00,8777.84
7169,4909,2026-04-01,195696.51,5.00,9784.83
7170,4909,2026-05-01,211230.15,5.00,10561.51
7171,4909,2026-06-01,194935.96,5.00,9746.80
7172,4909,2026-07-01,205155.78,5.00,10257.79
7173,4911,2025-09-01,177154.90,5.00,8857.75
7174,4911,2025-10-01,191428.58,5.00,9571.43
7175,4911,2025-11-01,199268.00,5.00,9963.40
7176,4911,2025-12-01,192158.30,5.00,9607.92
7177,4911,2026-01-01,173295.42,5.00,8664.77
7178,4911,2026-02-01,175596.06,5.00,8779.80
7179,4911,2026-03-01,193593.83,5.00,9679.69
7180,4911,2026-04-01,187113.54,5.00,9355.68
7181,4911,2026-05-01,184824.01,5.00,9241.20
7182,4911,2026-06-01,196303.99,5.00,9815.20
7183,4911,2026-07-01,208865.21,5.00,10443.26
7184,4911,2026-08-01,181820.66,5.00,9091.03
7185,4912,2025-09-01,293598.87,5.00,14679.94
7186,4912,2025-10-01,338590.73,5.00,16929.54
7187,4912,2025-11-01,315672.85,5.00,15783.64
7188,4912,2025-12-01,292007.21,5.00,14600.36
7189,4912,2026-01-01,293749.91,5.00,14687.50
7190,4912,2026-02-01,288927.41,5.00,14446.37
7191,4912,2026-03-01,284434.56,5.00,14221.73
7192,4912,2026-04-01,308463.23,5.00,15423.16
7193,4912,2026-05-01,321000.56,5.00,16050.03
7194,4912,2026-06-01,362291.79,5.00,18114.59
7195,4912,2026-07-01,299738.07,5.00,14986.90
7196,4912,2026-08-01,292110.96,5.00,14605.55
7197,4919,2025-09-01,251238.15,5.00,12561.91
7198,4919,2025-10-01,271383.29,5.00,13569.16
7199,4919,2025-11-01,293478.89,5.00,14673.94
7200,4919,2025-12-01,304347.60,5.00,15217.38
7201,4919,2026-01-01,296612.95,5.00,14830.65
7202,4919,2026-02-01,279330.52,5.00,13966.53
7203,4919,2026-03-01,306885.26,5.00,15344.26
7204,4919,2026-04-01,266612.91,5.00,13330.65
7205,4919,2026-05-01,306299.41,5.00,15314.97
7206,4919,2026-06-01,310247.60,5.00,15512.38
7207,4919,2026-07-01,285631.20,5.00,14281.56
7208,4919,2026-08-01,347166.13,5.00,17358.31
7209,4921,2025-09-01,206704.37,5.00,10335.22
7210,4921,2025-10-01,206010.50,5.00,10300.53
7211,4921,2025-11-01,217321.08,5.00,10866.05
7212,4921,2025-12-01,214866.59,5.00,10743.33
7213,4921,2026-01-01,229166.42,5.00,11458.32
7214,4921,2026-02-01,214263.49,5.00,10713.17
7215,4921,2026-03-01,211787.39,5.00,10589.37
7216,4921,2026-04-01,213323.15,5.00,10666.16
7217,4921,2026-05-01,183231.58,5.00,9161.58
7218,4921,2026-06-01,211895.86,5.00,10594.79
7219,4921,2026-07-01,193856.04,5.00,9692.80
7220,4921,2026-08-01,224006.61,5.00,11200.33
7221,4931,2025-09-01,340484.96,5.00,17024.25
7222,4931,2025-10-01,328529.44,5.00,16426.47
7223,4931,2025-11-01,339298.04,5.00,16964.90
7224,4931,2025-12-01,337331.82,5.00,16866.59
7225,4931,2026-01-01,333462.89,5.00,16673.14
7226,4931,2026-02-01,339748.37,5.00,16987.42
7227,4931,2026-03-01,342378.78,5.00,17118.94
7228,4931,2026-04-01,341736.14,5.00,17086.81
7229,4931,2026-05-01,305789.40,5.00,15289.47
7230,4931,2026-06-01,342567.11,5.00,17128.36
7231,4931,2026-07-01,345155.06,5.00,17257.75
7232,4931,2026-08-01,285834.74,5.00,14291.74
7233,4944,2025-09-01,318921.59,5.00,15946.08
7234,4944,2025-10-01,370243.38,5.00,18512.17
7235,4944,2025-11-01,343301.47,5.00,17165.07
7236,4944,2025-12-01,348332.41,5.00,17416.62
7237,4944,2026-01-01,297474.86,5.00,14873.74
7238,4944,2026-02-01,364835.34,5.00,18241.77
7239,4944,2026-03-01,287359.26,5.00,14367.96
7240,4944,2026-04-01,317100.86,5.00,15855.04
7241,4944,2026-05-01,339537.56,5.00,16976.88
7242,4944,2026-06-01,353343.14,5.00,17667.16
7243,4944,2026-07-01,381064.64,5.00,19053.23
7244,4944,2026-08-01,384999.64,5.00,19249.98
7245,4949,2025-09-01,176041.40,5.00,8802.07
7246,4949,2025-10-01,183626.47,5.00,9181.32
7247,4949,2025-11-01,196364.06,5.00,9818.20
7248,4949,2025-12-01,174297.27,5.00,8714.86
7249,4949,2026-01-01,176222.19,5.00,8811.11
7250,4949,2026-02-01,169961.19,5.00,8498.06
7251,4949,2026-03-01,175242.39,5.00,8762.12
7252,4949,2026-04-01,164623.77,5.00,8231.19
7253,4949,2026-05-01,202243.90,5.00,10112.20
7254,4949,2026-06-01,173581.15,5.00,8679.06
7255,4949,2026-07-01,188332.70,5.00,9416.64
7256,4949,2026-08-01,188515.22,5.00,9425.76
7257,4974,2025-09-01,202359.81,5.00,10117.99
7258,4974,2025-10-01,189942.15,5.00,9497.11
7259,4974,2025-11-01,207347.34,5.00,10367.37
7260,4974,2025-12-01,200048.72,5.00,10002.44
7261,4974,2026-01-01,205962.55,5.00,10298.13
7262,4974,2026-02-01,213824.78,5.00,10691.24
7263,4974,2026-03-01,196842.52,5.00,9842.13
7264,4974,2026-04-01,209454.79,5.00,10472.74
7265,4974,2026-05-01,197742.69,5.00,9887.13
7266,4974,2026-06-01,199994.93,5.00,9999.75
7267,4974,2026-07-01,191965.66,5.00,9598.28
7268,4974,2026-08-01,206534.21,5.00,10326.71
7269,4978,2025-09-01,124266.88,5.00,6213.34
7270,4978,2025-10-01,148812.13,5.00,7440.61
7271,4978,2025-11-01,144424.68,5.00,7221.23
7272,4978,2025-12-01,135078.60,5.00,6753.93
7273,4978,2026-01-01,130465.69,5.00,6523.28
7274,4978,2026-02-01,142226.64,5.00,7111.33
7275,4978,2026-03-01,132212.85,5.00,6610.64
7276,4978,2026-04-01,138532.28,5.00,6926.61
7277,4978,2026-05-01,135798.46,5.00,6789.92
7278,4978,2026-06-01,121669.83,5.00,6083.49
7279,4978,2026-07-01,137410.64,5.00,6870.53
7280,4978,2026-08-01,146442.58,5.00,7322.13
7281,4993,2025-09-01,336548.01,5.00,16827.40
7282,4993,2025-10-01,339636.24,5.00,16981.81
7283,4993,2025-11-01,326162.18,5.00,16308.11
7284,4993,2025-12-01,343931.88,5.00,17196.59
7285,4993,2026-01-01,313880.26,5.00,15694.01
7286,4993,2026-02-01,346083.76,5.00,17304.19
7287,4993,2026-03-01,333915.08,5.00,16695.75
7288,4993,2026-04-01,388970.18,5.00,19448.51
7289,4993,2026-05-01,339529.87,5.00,16976.49
7290,4993,2026-06-01,326740.16,5.00,16337.01
7291,4993,2026-07-01,312037.64,5.00,15601.88
7292,4993,2026-08-01,355687.99,5.00,17784.40
7293,4999,2025-09-01,112089.44,5.00,5604.47
7294,4999,2025-10-01,96440.21,5.00,4822.01
7295,4999,2025-11-01,113363.58,5.00,5668.18
7296,4999,2025-12-01,106251.13,5.00,5312.56
7297,4999,2026-01-01,118691.97,5.00,5934.60
7298,4999,2026-02-01,97370.07,5.00,4868.50
7299,4999,2026-03-01,113787.23,5.00,5689.36
7300,4999,2026-04-01,100201.00,5.00,5010.05
7301,4999,2026-05-01,109711.65,5.00,5485.58
7302,4999,2026-06-01,108124.89,5.00,5406.24
7303,4999,2026-07-01,101979.26,5.00,5098.96
7304,4999,2026-08-01,108428.58,5.00,5421.43
