bank_account_id,employee_id,bank_name,iban,account_number
1,1,Banque du Caire,EG747088842971020661363329162,6529914218786
2,2,Banque du Caire,EG390146811780797489269489057,0240611527301
3,3,Commercial International Bank,EG962590589342947744314519815,2127379469857
4,4,QNB Alahli,EG530339627628411788032500736,1843807140572
5,5,Faisal Islamic Bank,EG389237750225361462039971831,4141678262099
6,6,QNB Alahli,EG621696728267906766456847724,7342416043576
7,7,Bank of Alexandria,EG380842448494394809068780785,2645592737780
8,8,Faisal Islamic Bank,EG986876228401733522098930733,2675082613371
9,9,Faisal Islamic Bank,EG706277546605448411299290978,4813577420907
10,10,Banque Misr,EG738211983184038214745142587,9656859411868
11,11,National Bank of Egypt,EG709896246607409703764565767,2895260877759
12,12,Commercial International Bank,EG259289892238605837152946813,5928390061249
13,13,Commercial International Bank,EG608734836630262164635459979,7764265164229
14,14,Banque Misr,EG547263590035615482386395780,8292240911287
15,15,HSBC Egypt,EG673949847490311085099248423,0034923605491
16,16,Banque Misr,EG352226528857513187478834488,6667075467653
17,17,Banque Misr,EG237992675953202213108538482,7355162143607
18,18,Bank of Alexandria,EG808032183010459141028574694,4432299094583
19,19,Faisal Islamic Bank,EG775247520294845999732037334,1608911503915
20,20,Bank of Alexandria,EG891584408547127984183618194,2197299590932
21,21,Faisal Islamic Bank,EG950340481392080990795863861,6170438217965
22,22,Commercial International Bank,EG902278940060119230022282764,6383772420597
23,23,HSBC Egypt,EG937680893187986454951259330,7745180185621
24,24,Banque Misr,EG393377426146666331557791924,5731474849257
25,25,Banque Misr,EG026469896549257468472845123,2555456408110
26,26,National Bank of Egypt,EG588531887792705535280591179,1253081591489
27,27,Bank of Alexandria,EG435607161148457039777493828,3125781251707
28,28,Bank of Alexandria,EG412825560842156972401830593,1934220502806
29,29,Commercial International Bank,EG620671878045130114771961130,0295479768162
30,30,Bank of Alexandria,EG364661757683364210079720704,8520906760819
31,31,Bank of Alexandria,EG049461961190638432644193940,9070738089753
32,32,Banque du Caire,EG251820687934927338549922624,2939191503588
33,33,Bank of Alexandria,EG141902131717123501382011845,0288653094729
34,34,Commercial International Bank,EG929921525454051360530469801,7525359554648
35,35,Commercial International Bank,EG625913579099824899981591157,2517655159841
36,36,Faisal Islamic Bank,EG874484035804420757346368982,9772122886883
37,37,National Bank of Egypt,EG383321180936690284054115248,6847836300854
38,38,Faisal Islamic Bank,EG536470328632183561272163686,9844502252691
39,39,Bank of Alexandria,EG718757613417322348399928155,2846863137476
40,40,Banque du Caire,EG521670721170043317732861241,9844319209693
41,41,HSBC Egypt,EG321267310933236912024585253,4679325504031
42,42,Banque du Caire,EG775191026048064892006809841,8014550112298
43,43,Faisal Islamic Bank,EG474400630531689564985006050,8348690575656
44,44,QNB Alahli,EG104373891373974784519357828,3965305617160
45,45,Commercial International Bank,EG743374096816107615103006807,2896898430026
46,46,Banque du Caire,EG870678540803256637279216930,5089230666666
47,47,Banque du Caire,EG824703254707426810609652510,5348693635833
48,48,National Bank of Egypt,EG977297770610229370100759052,5053661714130
49,49,Banque Misr,EG192295346672909692302247867,8362045632756
50,50,QNB Alahli,EG928807535007908943051724633,5737283724506
51,51,Faisal Islamic Bank,EG227060647354335551056544712,2982775906288
52,52,Banque du Caire,EG351273860993671552378451998,5761379835329
53,53,Bank of Alexandria,EG964794106461935005137540441,4120999903567
54,54,Faisal Islamic Bank,EG550878628975083794701524316,7303473604907
55,55,Faisal Islamic Bank,EG731514571250272206630230440,5849596210498
56,56,HSBC Egypt,EG959376570322272135865524474,2266692995909
57,57,HSBC Egypt,EG321447763029674802775356997,9059685849216
58,58,Faisal Islamic Bank,EG187569852246947180324049926,2452090394004
59,59,Bank of Alexandria,EG419605510106470949404308243,7771170316925
60,60,Commercial International Bank,EG061243299047185996579631224,1293365541869
61,61,QNB Alahli,EG456827735239236107152175606,8563653816336
62,62,Faisal Islamic Bank,EG741723475033295603181314408,6776303204258
63,63,QNB Alahli,EG166354737827809833005750480,1708001937515
64,64,Faisal Islamic Bank,EG495862008873040850264362716,1289544092209
65,65,Faisal Islamic Bank,EG515225821729466669418929913,1691915742808
66,66,Faisal Islamic Bank,EG583268480761728252371671977,6592926270721
67,67,Banque Misr,EG662212585267294936319606114,3556967088978
68,68,Bank of Alexandria,EG663211537908089031866331997,8884981370679
69,69,Banque Misr,EG536852524312002109584285582,8767463387471
70,70,HSBC Egypt,EG025830500708286213986467881,2566750398927
71,71,HSBC Egypt,EG969226041049276081630075265,8831426468958
72,72,HSBC Egypt,EG979123159664638653574229678,7467947962229
73,73,National Bank of Egypt,EG890226050020191117181381943,9845482221749
74,74,National Bank of Egypt,EG199976551116236767129394837,0121669827391
75,75,National Bank of Egypt,EG685387127738980243677242526,4351003559131
76,76,QNB Alahli,EG064144537177440235069184860,0214032617586
77,77,Faisal Islamic Bank,EG133811831628434584295328969,0827674361710
78,78,Banque Misr,EG932541278747077949934832233,9629725174954
79,79,Bank of Alexandria,EG254479452661777268497053074,2232768238325
80,80,National Bank of Egypt,EG893303305533008179172579759,2952727082550
81,81,HSBC Egypt,EG631035357428342380416675667,2584368543213
82,82,Bank of Alexandria,EG436236809360165593023485737,5104680378384
83,83,Faisal Islamic Bank,EG673389785343856396398806401,8262071436370
84,84,HSBC Egypt,EG402167613200565932490487676,0448565578338
85,85,Faisal Islamic Bank,EG887298198867293716519051810,8420169020708
86,86,National Bank of Egypt,EG826413638719203044417501279,5519886567216
87,87,Banque du Caire,EG293878071098493055527611572,8921311271347
88,88,Faisal Islamic Bank,EG881349570346234253932537387,6374212411622
89,89,National Bank of Egypt,EG070388143060097757189713300,3901981183579
90,90,Banque du Caire,EG925146496947651420407781209,4844829846191
91,91,QNB Alahli,EG284709656041413291770462564,7511185302464
92,92,Banque Misr,EG358887809820580382637477627,1567807920261
93,93,Bank of Alexandria,EG822002818317623411549977030,6030628144960
94,94,National Bank of Egypt,EG184859717912325264395100381,6974567981222
95,95,Banque du Caire,EG613001487179288945012095237,1943717655137
96,96,Banque Misr,EG437201183490373957771727333,9694039294327
97,97,Commercial International Bank,EG911168377042995903460100984,9739006162179
98,98,Banque du Caire,EG883220921495484338171884770,0634168778774
99,99,Faisal Islamic Bank,EG193609976554607613269595746,1562727644753
100,100,Faisal Islamic Bank,EG327158874568507835813756671,6123780524118
101,101,HSBC Egypt,EG633887051437608298454025586,0321811653120
102,102,Bank of Alexandria,EG772858233420457192642129568,8045369291384
103,103,Banque du Caire,EG968505982848606499515130886,4910849393589
104,104,HSBC Egypt,EG034838535128038837806669113,1728898594301
105,105,Commercial International Bank,EG529001068818645374716576376,7834979825944
106,106,Bank of Alexandria,EG491137329928166426381485163,8893136002297
107,107,HSBC Egypt,EG889502407976275328498188094,0525187324271
108,108,Banque du Caire,EG641721505562825168229173844,5343886361970
109,109,Banque du Caire,EG596377209484620239556367016,9488296656498
110,110,QNB Alahli,EG795655321929798192480695319,9368579721158
111,111,Commercial International Bank,EG454272369904970998510301352,6753991486570
112,112,HSBC Egypt,EG772216595592863751031743914,5119592399347
113,113,QNB Alahli,EG408687644445003403460951755,4763086235587
114,114,HSBC Egypt,EG021102614624355980795461186,7584456911349
115,115,Bank of Alexandria,EG785942575396685907287380734,2891571435100
116,116,Banque Misr,EG127093479860284623172313044,5714876852967
117,117,QNB Alahli,EG034181359340146464000365017,5378392730388
118,118,Bank of Alexandria,EG352090927056231274938019575,3370966069153
119,119,National Bank of Egypt,EG868072879605020411978247071,4263892202970
120,120,HSBC Egypt,EG051530997693917097716946748,1044175435673
121,121,Bank of Alexandria,EG871415989136935708483572658,1110957960791
122,122,Faisal Islamic Bank,EG251652464547131269375045880,9614841768638
123,123,Banque Misr,EG201415715241064797158220680,5221853774191
124,124,National Bank of Egypt,EG829434718074187046984353566,0031004023382
125,125,Bank of Alexandria,EG910055629655983050767603862,4910773543737
126,126,QNB Alahli,EG571947467929429124436750510,6427452526335
127,127,Bank of Alexandria,EG756851497065346159299332364,5404982532243
128,128,QNB Alahli,EG696845321732367708346812609,4690919634101
129,129,QNB Alahli,EG544363792018964876420542427,1457645966471
130,130,Bank of Alexandria,EG657206817720633593164012579,0464322423113
131,131,Banque du Caire,EG484937787661806040058057024,5589381981137
132,132,QNB Alahli,EG451217958330932038775576873,6663263283053
133,133,Commercial International Bank,EG469826953722362077462381945,0717281953842
134,134,Faisal Islamic Bank,EG947410231378438146776179083,6273342325874
135,135,Banque du Caire,EG633860823499349268248689402,2823214372984
136,136,Banque du Caire,EG561159395620458131945123291,7883398787261
137,137,Bank of Alexandria,EG374879506955135655310916845,1599781196166
138,138,Faisal Islamic Bank,EG547031013554602323362074684,0193463935768
139,139,Faisal Islamic Bank,EG223260629136721537411300632,8291278762145
140,140,National Bank of Egypt,EG160730679677539278170489214,6436292027772
141,141,Faisal Islamic Bank,EG851131743044547699713791608,3434303863341
142,142,Bank of Alexandria,EG579031531622727951134057804,7061638808551
143,143,Commercial International Bank,EG105340043172745606031135422,7689983866413
144,144,HSBC Egypt,EG129912250216251655540643434,1934174903730
145,145,Banque Misr,EG724352235291727760033432274,4995205027703
146,146,Banque Misr,EG672154117369010259680557575,8724318701847
147,147,Commercial International Bank,EG728841282944454296477094764,0604554908763
148,148,Banque Misr,EG941776707753677195270764766,2237872365773
149,149,Bank of Alexandria,EG123496964022068656142387646,1221958204901
150,150,Banque du Caire,EG165411997628435326960968074,8858483096123
151,151,HSBC Egypt,EG937503283298746042873725327,1526461253626
152,152,HSBC Egypt,EG685200240558522672778686470,2795840237876
153,153,QNB Alahli,EG833782650022050509595766166,3050376134348
154,154,Faisal Islamic Bank,EG061174805360627716745144760,4189600982622
155,155,QNB Alahli,EG498186674596011176111598263,0598652886576
156,156,Faisal Islamic Bank,EG401700246865472533123393558,2867975348969
157,157,Bank of Alexandria,EG479528506909991198927585141,8159465005909
158,158,Banque Misr,EG244460108521374630069025209,2179397378708
159,159,Banque Misr,EG934709314942717183870162549,7711402428237
160,160,HSBC Egypt,EG259373925980658475675720543,4409939088880
161,161,QNB Alahli,EG514714627501409081619555782,6057681178033
162,162,HSBC Egypt,EG931354030096776351253499766,2352292985688
163,163,Banque Misr,EG865387330364800724090486140,2112568829832
164,164,HSBC Egypt,EG701470759693415015656866535,7430266187067
165,165,Faisal Islamic Bank,EG504180641313705760248197271,6669925942379
166,166,Faisal Islamic Bank,EG606336827725166961892531912,9872014234208
167,167,Banque du Caire,EG165453577971260961711741491,8833306908275
168,168,Commercial International Bank,EG781102829202020142284751221,6557820824775
169,169,QNB Alahli,EG955647001174364693731204435,7426603802934
170,170,Banque Misr,EG709290893111630680237609312,2130684769601
171,171,National Bank of Egypt,EG208458853462847384435145300,7809600932183
172,172,Bank of Alexandria,EG362359924910791366884855043,4942739888465
173,173,HSBC Egypt,EG195240368076670741216717043,1881481799495
174,174,Banque du Caire,EG847484594118871109206055305,6077375562974
175,175,Bank of Alexandria,EG319441594836369359003101714,8445785798455
176,176,Commercial International Bank,EG855447614268890850329142713,9908051904610
177,177,Faisal Islamic Bank,EG142965313710672680225411614,8617536776730
178,178,Banque Misr,EG553732850435047119869829930,4356261464870
179,179,HSBC Egypt,EG620865838747969285203286177,5756970960721
180,180,Banque Misr,EG930616363093030469063714906,8761750066228
181,181,Commercial International Bank,EG217727981272396245833177530,9524429562215
182,182,HSBC Egypt,EG154802334564669105244127039,2722936773962
183,183,National Bank of Egypt,EG427751429507697642568132075,3704640839889
184,184,Commercial International Bank,EG533965366192996902614617212,8219024711955
185,185,QNB Alahli,EG694505339104576585831929059,5427281934360
186,186,HSBC Egypt,EG102244462751767479276940592,1580633254104
187,187,Bank of Alexandria,EG956750005715516871329272488,4207842205884
188,188,Banque du Caire,EG274384362529299903574921881,0075950437917
189,189,QNB Alahli,EG783341237199088292898900196,9463877805331
190,190,Faisal Islamic Bank,EG731468575481057974980010595,6178888965764
191,191,Faisal Islamic Bank,EG972460255612861836618892084,4791115821436
192,192,National Bank of Egypt,EG776997631385461260895382502,4647555449242
193,193,HSBC Egypt,EG582438083578829724231147596,3519358431446
194,194,Faisal Islamic Bank,EG496787311672164413382149928,7800087838568
195,195,Faisal Islamic Bank,EG986735822197054058096753316,7389644329584
196,196,HSBC Egypt,EG797522324367540711056793429,8186220101169
197,197,QNB Alahli,EG927565181080710708080917984,7186644855229
198,198,National Bank of Egypt,EG972793435101850910056577803,3010890488926
199,199,Banque Misr,EG238890277476083568501872922,6757549027463
200,200,Banque Misr,EG034414425416377408107008974,9932071483737
201,201,Banque du Caire,EG038394115263320695502161620,4771640035379
202,202,Bank of Alexandria,EG914241743515561397348023413,5443839044434
203,203,HSBC Egypt,EG236878245246566382828284532,0584581807344
204,204,Banque Misr,EG128650475937094957134496351,6725100427230
205,205,Bank of Alexandria,EG951605842732808398982676858,7746546161801
206,206,HSBC Egypt,EG741267757705566440871162762,4194944976854
207,207,HSBC Egypt,EG233908880797103484452395584,1497680381112
208,208,Banque Misr,EG936168615043338118023139627,1697653962360
209,209,Banque du Caire,EG247454077457394963270515349,5715637160822
210,210,Banque Misr,EG702571537191697301950576530,2331793765419
211,211,National Bank of Egypt,EG288661000904731842289155803,1297587759758
212,212,Faisal Islamic Bank,EG656734289451428525542573210,6983180369592
213,213,Commercial International Bank,EG726013477845770660883871095,5328459030125
214,214,Banque Misr,EG724240004351414945912758080,6697780332284
215,215,Banque Misr,EG067984244651527987855059124,6486549605955
216,216,National Bank of Egypt,EG866928246477034272636515796,9406188638926
217,217,National Bank of Egypt,EG894589766000725899273532915,4732725813135
218,218,Commercial International Bank,EG953041259931590040215324839,2709307844818
219,219,Commercial International Bank,EG333532954738309465279147161,1746515429600
220,220,Faisal Islamic Bank,EG854777005635016696923968177,2245301448687
221,221,QNB Alahli,EG909754082663313315622447277,3211292230588
222,222,Commercial International Bank,EG644110838588754888550519087,4346856279557
223,223,National Bank of Egypt,EG537563091619010595409593099,0500635934133
224,224,Bank of Alexandria,EG328216917364636848130985977,1567181382700
225,225,HSBC Egypt,EG879714270965129602752213415,7580650174249
226,226,Faisal Islamic Bank,EG568819475876538089747559889,7382413600680
227,227,QNB Alahli,EG675400331943855433462350463,6321147478821
228,228,QNB Alahli,EG867188365109600055480671051,7905025581841
229,229,Banque du Caire,EG591834111488898015843743762,0235536473811
230,230,HSBC Egypt,EG109975451423267734349021472,9638483634533
231,231,Commercial International Bank,EG342792965662997499238993283,4655696476767
232,232,Bank of Alexandria,EG646829632294529026774535344,9741307362532
233,233,Faisal Islamic Bank,EG671427822846085517448021997,1024708887363
234,234,Banque Misr,EG241941878960890577582138609,8115920601929
235,235,Faisal Islamic Bank,EG905247781597679439184781803,8642529891884
236,236,Faisal Islamic Bank,EG375667352797040877820632488,8253341220316
237,237,Banque Misr,EG787409790284235812737293665,1879523299864
238,238,Banque Misr,EG841004365314074036283644985,6991434514872
239,239,Commercial International Bank,EG415587793414486558489088553,2515436563002
240,240,Banque Misr,EG429820560143549686030510711,2630413376226
241,241,Commercial International Bank,EG235892568765148463362943556,5432653445752
242,242,Banque Misr,EG353684096820905868285547748,3885814118926
243,243,HSBC Egypt,EG715553293691492337051211632,5754853374019
244,244,Commercial International Bank,EG921921910866980096318998789,1567860267489
245,245,QNB Alahli,EG239345089635766621912063599,3562155368419
246,246,National Bank of Egypt,EG443780784738049541123525980,7754972643417
247,247,National Bank of Egypt,EG789685924519067827875925358,9080185879168
248,248,Commercial International Bank,EG305273649391358263469908676,5326605744698
249,249,Banque du Caire,EG078793618369682711306124094,4913394922885
250,250,Banque du Caire,EG155524676608895746698846356,4642440676752
251,251,Banque du Caire,EG501749007095320016813560436,3888363017999
252,252,QNB Alahli,EG842674221504050811401781737,0600518669893
253,253,QNB Alahli,EG307371497618949314089808896,8010724242116
254,254,Commercial International Bank,EG391126730854059068642963861,8697818379345
255,255,HSBC Egypt,EG218406781939956311927334196,2361373207250
256,256,QNB Alahli,EG925660354624166011039820269,1042900671652
257,257,Bank of Alexandria,EG941299805793886696521235545,4879380136963
258,258,Faisal Islamic Bank,EG740382673719246969797670170,0209282113809
259,259,Faisal Islamic Bank,EG553916316064694520289504370,5421002563671
260,260,Banque Misr,EG115384194007844738060917078,4224120799682
261,261,Banque du Caire,EG137542903328629314806070012,7443688446114
262,262,Commercial International Bank,EG734968346074055065016980178,3471762961165
263,263,HSBC Egypt,EG309981129750037631413177518,0246293886030
264,264,Banque du Caire,EG198370560063027016518107563,6187127185418
265,265,Banque Misr,EG386719058922777776950793584,3322575725807
266,266,Banque Misr,EG817144333832741607179923894,0057505653757
267,267,Banque du Caire,EG923780657842912069499308924,5082611112778
268,268,Commercial International Bank,EG577172528337166413537554440,4195900588410
269,269,Faisal Islamic Bank,EG854063785572886506832254881,7666452999643
270,270,Banque Misr,EG905424489830191748651417375,3196155530133
271,271,Banque du Caire,EG621531933728280396262612903,5769130416418
272,272,Banque du Caire,EG906763062355318905969005428,0483015006416
273,273,HSBC Egypt,EG488251824179266035710220262,5280192424117
274,274,Banque Misr,EG715097541720257233207185143,4378927485940
275,275,Banque Misr,EG077180026936321272655616177,6314675724856
276,276,Faisal Islamic Bank,EG421083452482691166753398611,3725552598636
277,277,HSBC Egypt,EG761157423748334526076270694,0009922842091
278,278,QNB Alahli,EG650463407818319721031924187,7673810917751
279,279,Bank of Alexandria,EG202690102498973009182554149,5800558909837
280,280,QNB Alahli,EG970801190158012839827058555,0830949078060
281,281,Banque Misr,EG401682022933158105847018730,8455294095362
282,282,HSBC Egypt,EG246540995535977975350028709,2394375274678
283,283,National Bank of Egypt,EG264453630786174880868402489,3334486901815
284,284,Faisal Islamic Bank,EG346948123095880726601046290,1004381938561
285,285,Banque Misr,EG473035484655164084240219484,0386059854437
286,286,Banque Misr,EG613985095455085763633299310,1583991616693
287,287,Faisal Islamic Bank,EG704835088929497450370972538,0224911986720
288,288,Commercial International Bank,EG138020491936323353224210342,5478349578111
289,289,National Bank of Egypt,EG180487918417557104503344950,0419828768100
290,290,National Bank of Egypt,EG875138319332426317460945544,7283301732979
291,291,Banque du Caire,EG530881538922982407394452115,9889775682286
292,292,QNB Alahli,EG510851609696040470759053904,4363798251112
293,293,Banque du Caire,EG063086060313852745654440151,8226118732123
294,294,Commercial International Bank,EG886676703117812565669477375,5625936035679
295,295,QNB Alahli,EG661220378349847167179584669,3729612930749
296,296,Commercial International Bank,EG152846030375785906136903284,4361026243001
297,297,Faisal Islamic Bank,EG213682008497600623397376558,8190516263322
298,298,QNB Alahli,EG636597300689964128204691535,3663522234408
299,299,QNB Alahli,EG121367011640356676840985973,9658059784884
300,300,HSBC Egypt,EG881125308058531002638461775,6762023800875
301,301,Faisal Islamic Bank,EG340542484043454944085662318,2861690867928
302,302,Banque Misr,EG101354963646696450775573237,9892168398699
303,303,Bank of Alexandria,EG129153407516377585192606602,7966273446706
304,304,Bank of Alexandria,EG867605090437166534887092294,7743253333963
305,305,Bank of Alexandria,EG500513255149950046756014216,1352693736204
306,306,National Bank of Egypt,EG517096100565133325720790918,8102661058759
307,307,Banque du Caire,EG791967002426911992428735856,5811648513376
308,308,Faisal Islamic Bank,EG545566220480513939475478608,2262652298516
309,309,Banque du Caire,EG432293513141417622048257039,5870963930079
310,310,Banque du Caire,EG781637468386864105830221263,4052883791114
311,311,Commercial International Bank,EG560551608289206454951033159,6998321216856
312,312,Banque du Caire,EG328333499912693941018597684,4759028946033
313,313,Banque Misr,EG803422676279663489356469085,5322126383095
314,314,Faisal Islamic Bank,EG729596709128445458509091637,6827817338717
315,315,Faisal Islamic Bank,EG877683543542991300088543016,2146673950721
316,316,Bank of Alexandria,EG052224274342007696028519554,5825301161406
317,317,HSBC Egypt,EG778017853624502504096627610,0357370124300
318,318,QNB Alahli,EG239926532528124923491387866,0731297582290
319,319,QNB Alahli,EG221661719737169516351700264,7765236327199
320,320,HSBC Egypt,EG399734063433567039033392460,7293953421074
321,321,Banque Misr,EG942823049825890420228404399,4059455072933
322,322,Faisal Islamic Bank,EG759115454551894309266943151,7331226101205
323,323,Banque Misr,EG982140633068254050222384796,3646386301344
324,324,QNB Alahli,EG389334937402913828805993973,1079453757956
325,325,Banque Misr,EG660205022183473501570078832,8874450831588
326,326,Faisal Islamic Bank,EG601227093235883944200328207,0036940077482
327,327,Faisal Islamic Bank,EG452257218610778436118800363,2357852903072
328,328,Banque du Caire,EG903380869092515667506033656,4599549505094
329,329,Banque Misr,EG299203384653014427460309879,0952848746102
330,330,Faisal Islamic Bank,EG359107522591248947384773808,8471136313110
331,331,National Bank of Egypt,EG860596970304860180744498295,9037174527825
332,332,Banque Misr,EG408844517764972330704584530,9017072187138
333,333,HSBC Egypt,EG740948153571565200788622427,5535555102420
334,334,Faisal Islamic Bank,EG616814624406922007925185259,9848464650268
335,335,HSBC Egypt,EG697820866484825324198825906,2054353672310
336,336,QNB Alahli,EG815853214252727493778802011,8175140164075
337,337,Faisal Islamic Bank,EG717000346295340424531945295,4263240011058
338,338,Commercial International Bank,EG726124113066394904691667467,0840393857784
339,339,Banque Misr,EG541603920085088290519561342,8293717674208
340,340,Banque du Caire,EG345460113744790769118561865,1169583773960
341,341,Banque Misr,EG449465021555763711113664700,6380611570018
342,342,Banque Misr,EG345237637718295757584793227,3382431435741
343,343,HSBC Egypt,EG512974259676919596596339017,7417672449241
344,344,Banque Misr,EG837182536883207840343289773,8893539103544
345,345,Commercial International Bank,EG543687515667944703843544144,5972826184626
346,346,HSBC Egypt,EG593465604554275513692799451,2489571027869
347,347,National Bank of Egypt,EG885019864636876653953070055,0974061212088
348,348,National Bank of Egypt,EG030376405275808041904673275,8601214617118
349,349,HSBC Egypt,EG786464529601025555602389809,4211437110884
350,350,Commercial International Bank,EG876087861854494056510400607,8953498675120
351,351,Bank of Alexandria,EG407680635040797524137560148,3284613433123
352,352,Banque du Caire,EG901609484188891411283195437,1791969828792
353,353,National Bank of Egypt,EG987853899028252523038097599,3953946697373
354,354,HSBC Egypt,EG921731078584259639332880500,7705176304598
355,355,Banque du Caire,EG347789719590004542369658259,9191726105017
356,356,Commercial International Bank,EG348041236091105265759781705,1369649248198
357,357,QNB Alahli,EG193744630280463091043606678,3736308415511
358,358,Banque du Caire,EG193904028461289560795479340,0895655607971
359,359,HSBC Egypt,EG744122859517913239741393847,6586317429367
360,360,Bank of Alexandria,EG277803396071367209700368670,2151089835127
361,361,QNB Alahli,EG686571352078815673538500279,9595513193204
362,362,HSBC Egypt,EG853384590974770910038774473,8358917155879
363,363,Bank of Alexandria,EG523191899906849066512132799,0381589011201
364,364,Banque Misr,EG090114504999671397397069633,6864156953143
365,365,Banque du Caire,EG460825502121669792032636660,7504152751299
366,366,National Bank of Egypt,EG427299043762245475200178099,8409462809292
367,367,Banque du Caire,EG896277516648754372794982414,0366084040563
368,368,QNB Alahli,EG780435560935557785272230099,6139460278139
369,369,QNB Alahli,EG146652418128596234238395514,2771995157429
370,370,QNB Alahli,EG767003124575339719037900860,3753867302385
371,371,Banque du Caire,EG238912981416428298425916309,0705531571522
372,372,Banque Misr,EG453913971240656138285439807,3532336616997
373,373,Banque du Caire,EG280900160652542076462688468,7129749100094
374,374,Banque du Caire,EG521965334177249515080017014,4828190706148
375,375,National Bank of Egypt,EG164903169869626574815017472,7247210372123
376,376,QNB Alahli,EG351244838568086859873861411,9810781422980
377,377,Banque Misr,EG137081494937450071009947417,7570424294409
378,378,Banque du Caire,EG381494068007467512667826329,3317970371916
379,379,HSBC Egypt,EG925519645684135176847243074,4239538530716
380,380,Commercial International Bank,EG617783161979737723115550306,1100839088337
381,381,QNB Alahli,EG293657394648281781924465391,0553866532229
382,382,Banque du Caire,EG463321412288951742801610362,6486476518323
383,383,QNB Alahli,EG288963287768946060200862742,9391088752629
384,384,Banque du Caire,EG334037702533640880844354785,9721543756775
385,385,QNB Alahli,EG328418846457508714937501279,0443157975625
386,386,National Bank of Egypt,EG577600625509704132290496735,4199114484816
387,387,Banque du Caire,EG800196286368463923662026133,6705616912494
388,388,Commercial International Bank,EG860204822576524259715925511,3815391134473
389,389,Bank of Alexandria,EG132968812593396464705801594,1173741520539
390,390,Banque du Caire,EG953436811165861406109746375,5417831813584
391,391,National Bank of Egypt,EG360462168899101880401419910,4590026146089
392,392,Faisal Islamic Bank,EG151377140777219897412171906,2427436734798
393,393,National Bank of Egypt,EG612266051562242247428003900,0819952660956
394,394,National Bank of Egypt,EG155574721398569607153685948,7311389791685
395,395,Commercial International Bank,EG075344410425645062147096165,4294287995708
396,396,HSBC Egypt,EG924828051850856954562851777,7359435646252
397,397,Bank of Alexandria,EG956251615878165595782645514,0137517966549
398,398,National Bank of Egypt,EG877562641531775175359816122,8428492429657
399,399,Banque Misr,EG057307014251342906136623530,4569224292308
400,400,Banque du Caire,EG032283923955018371315129018,1896611949539
401,401,QNB Alahli,EG336974553846342074065498080,8952321447284
402,402,Bank of Alexandria,EG709685448054879764593992382,5849890623632
403,403,Faisal Islamic Bank,EG304617264934793873338181823,3186004405952
404,404,Commercial International Bank,EG377697357142732541924489906,8387513614388
405,405,Faisal Islamic Bank,EG350953643937902303722685359,9228509062895
406,406,Banque du Caire,EG261990182090240093343732860,5178025867077
407,407,Commercial International Bank,EG232435512766735276381550725,5218201645475
408,408,Faisal Islamic Bank,EG319067853069332653381360765,4886912997553
409,409,Banque du Caire,EG185519278767138375965837472,7375449492455
410,410,National Bank of Egypt,EG962419316762904794740742101,6481868020232
411,411,Banque du Caire,EG276174365605240967132700999,9688768123521
412,412,Banque Misr,EG847345705591248783759747668,3243617152267
413,413,Banque du Caire,EG637132074271246670708898322,8144556880480
414,414,Banque du Caire,EG511862028508814616907698702,7197484274824
415,415,Faisal Islamic Bank,EG223173376929627755460110356,6577691506240
416,416,Bank of Alexandria,EG678612521956187845624372257,6912639244259
417,417,Banque du Caire,EG755217729595194454985868519,0680126473671
418,418,Commercial International Bank,EG158870687478877906530633532,9205539611800
419,419,Commercial International Bank,EG289175154652871653933706587,5310385655125
420,420,Faisal Islamic Bank,EG693862049269294390793187484,2015580388298
421,421,QNB Alahli,EG275733614431072390534419221,2516227703348
422,422,Faisal Islamic Bank,EG187493373954141512654986484,5805336408120
423,423,HSBC Egypt,EG658270891991687232671670097,7062774343452
424,424,Faisal Islamic Bank,EG425107506655843080300192813,2352046075343
425,425,Banque du Caire,EG755437036556378721193831299,6529993966475
426,426,HSBC Egypt,EG021848995966083364620878613,7038603697026
427,427,QNB Alahli,EG768220902414264980646408066,5928597260269
428,428,National Bank of Egypt,EG740728137531926711915815492,9211450141107
429,429,QNB Alahli,EG690994365928979862940182421,0857259534823
430,430,QNB Alahli,EG047135984624484176531958792,3004346650508
431,431,Banque du Caire,EG144880423702912007773011642,8441674063575
432,432,Commercial International Bank,EG380269162137223384577146864,7201724672451
433,433,Banque du Caire,EG606761196830181289439059008,6850175363311
434,434,HSBC Egypt,EG521369394199664329788366535,8072381121892
435,435,QNB Alahli,EG164548440467647935562640654,5236865268391
436,436,Commercial International Bank,EG770145480049722314110444006,8915883618493
437,437,Commercial International Bank,EG803761847203715984712275349,9819677643628
438,438,National Bank of Egypt,EG315155621064774609729012024,4700359668675
439,439,Faisal Islamic Bank,EG494625752532323359984306044,8378229803149
440,440,Bank of Alexandria,EG124341026905090589519566798,1786591125100
441,441,HSBC Egypt,EG068839685704703291733793651,0972969506298
442,442,HSBC Egypt,EG272328317298952651729291093,0065944423716
443,443,Commercial International Bank,EG895813740699635911358741422,0083030520961
444,444,Commercial International Bank,EG672392626980912597260191679,4279987006296
445,445,Commercial International Bank,EG289862804019578746773575834,3976331106252
446,446,Faisal Islamic Bank,EG024116986454282569648812178,1283127010141
447,447,HSBC Egypt,EG663792339602929961661456472,0295279911850
448,448,Commercial International Bank,EG623163784504166209135889181,5466334479819
449,449,Bank of Alexandria,EG405647683053368005244647845,5809093546248
450,450,Faisal Islamic Bank,EG958103365071573955300870719,2146374103956
451,451,Faisal Islamic Bank,EG486154115098491614174145952,4870562161426
452,452,QNB Alahli,EG592402457880728387824678924,8113952860708
453,453,HSBC Egypt,EG864164230227595211914783586,5810517468448
454,454,HSBC Egypt,EG761563139012667620962811211,3621315422976
455,455,QNB Alahli,EG030712825907325799040972283,9356323728186
456,456,Bank of Alexandria,EG094527548352896491894509749,7619243119798
457,457,National Bank of Egypt,EG550181205635235756377122975,9735862088211
458,458,Bank of Alexandria,EG888342718339250628582377866,2930178033058
459,459,Bank of Alexandria,EG643074650935553637357111447,9899850727820
460,460,Bank of Alexandria,EG184840960229887622706373159,3021517069952
461,461,QNB Alahli,EG402743386259887716408243005,3145525134334
462,462,Banque du Caire,EG227816515148441151701653471,1508191765082
463,463,Banque du Caire,EG347100543093565479662498079,5192535079066
464,464,QNB Alahli,EG441240909534924046895970725,9762348443684
465,465,National Bank of Egypt,EG673626982153261270843894553,2374351198161
466,466,HSBC Egypt,EG396940129896523716323703570,2772688507892
467,467,National Bank of Egypt,EG296286146479220810995544563,8386534250847
468,468,Faisal Islamic Bank,EG838152630922932233776122466,4428081399942
469,469,Bank of Alexandria,EG292409712265653167633887005,5066082898961
470,470,National Bank of Egypt,EG247312097850462780926437311,7031959166688
471,471,Commercial International Bank,EG042595508561119688393815627,5162188232103
472,472,QNB Alahli,EG847238072552741936162777405,8710080730250
473,473,Banque du Caire,EG773228880271655281233113227,6245228171136
474,474,Faisal Islamic Bank,EG273913122206757875128347405,9654191045396
475,475,Bank of Alexandria,EG113452850217875905374421559,6434774230038
476,476,Faisal Islamic Bank,EG763574414823732199880315735,5554536273096
477,477,HSBC Egypt,EG531687734028060589335748452,2276709289950
478,478,Banque du Caire,EG490553213065877864559807036,7036084363723
479,479,Banque du Caire,EG774797003906263226626025354,0933005758354
480,480,QNB Alahli,EG329044462531490714452350846,5814634462312
481,481,Commercial International Bank,EG688675725875555872364261610,2238324217383
482,482,Faisal Islamic Bank,EG870662934523243538931563484,3093503134611
483,483,QNB Alahli,EG634872575363960525843431761,0138960245199
484,484,HSBC Egypt,EG067676163202968502259282334,3384932053285
485,485,National Bank of Egypt,EG703306959289910705368323214,1034160404911
486,486,Banque du Caire,EG464067157082439674860177125,9616065371702
487,487,National Bank of Egypt,EG144604285848789494313415137,1949751821565
488,488,Banque du Caire,EG500771378158302198124383202,6841263963184
489,489,National Bank of Egypt,EG186003317648577536426412152,7249635686178
490,490,Banque du Caire,EG134191592823170495865827418,8794928560086
491,491,Commercial International Bank,EG832133182975985439008294189,3128647116769
492,492,Banque du Caire,EG582573676560056842868851919,1226420132736
493,493,Banque du Caire,EG965193007163476738556517194,0130393006916
494,494,Faisal Islamic Bank,EG603644283671870891095733096,9107771244371
495,495,Banque du Caire,EG341300561037203279899327425,4182872384573
496,496,HSBC Egypt,EG903405801228502604528313095,5746589215288
497,497,National Bank of Egypt,EG597835763100062045745315342,7370893614554
498,498,Faisal Islamic Bank,EG518524499184979496353624077,8331529080618
499,499,Bank of Alexandria,EG214697622133376931805136074,1423784630971
500,500,Banque Misr,EG306260857882368543282280328,4605544340004
501,501,National Bank of Egypt,EG362735592996771296642239310,0264358897521
502,502,Banque Misr,EG186355651811522469535004980,2470943700541
503,503,QNB Alahli,EG653702798817405168881245249,7164923804402
504,504,HSBC Egypt,EG333114406136655545422646193,9826311647851
505,505,Commercial International Bank,EG067624132546850399814074428,7763512905141
506,506,HSBC Egypt,EG704864732855433549963309002,6705944127129
507,507,Banque du Caire,EG855439047172731775372923588,4439163163018
508,508,National Bank of Egypt,EG085719772138572037418016005,9742768078422
509,509,National Bank of Egypt,EG329803342209513433679866680,8273557448407
510,510,Faisal Islamic Bank,EG839219742850087668767797900,9995020325635
511,511,Commercial International Bank,EG364488599495670657322937702,4162359564021
512,512,Banque du Caire,EG044208009415332171069161179,8337492184939
513,513,Banque Misr,EG619640826069535620668186842,5876415329766
514,514,QNB Alahli,EG856091550159494014350192668,8194565225204
515,515,Bank of Alexandria,EG312015798880151612569800206,7493424757156
516,516,National Bank of Egypt,EG916082571145635288889567097,1853605870145
517,517,HSBC Egypt,EG842773472130561906883688742,5937770513015
518,518,Banque Misr,EG834467550305210364893436047,8179115931116
519,519,Banque Misr,EG798284783763881267965738172,8906950092285
520,520,HSBC Egypt,EG663702431873252257313224718,3287279874684
521,521,Banque du Caire,EG115562601963784824172893127,4182338853879
522,522,Commercial International Bank,EG804643396931990438807341748,9535941237527
523,523,Faisal Islamic Bank,EG603633427689918005544716135,4158995914647
524,524,National Bank of Egypt,EG293664051720599651512932830,8431480895363
525,525,Commercial International Bank,EG248170587905793773075581210,0118755255355
526,526,HSBC Egypt,EG081791205854844596911698491,7856006296337
527,527,Bank of Alexandria,EG518265728210259208590213778,7488365661132
528,528,QNB Alahli,EG186643290244371054820156864,4557769499002
529,529,HSBC Egypt,EG925164321213179294932370991,1184740593347
530,530,National Bank of Egypt,EG978377766593558776732033774,8903043126928
531,531,National Bank of Egypt,EG331568347524006124714131492,7437235082064
532,532,Faisal Islamic Bank,EG509922085004006932571438182,0234668789929
533,533,Commercial International Bank,EG222207517976536155508596770,1181952491688
534,534,National Bank of Egypt,EG318355809650251825562212090,7784981783419
535,535,HSBC Egypt,EG947862403454875225535040219,5622343383159
536,536,Bank of Alexandria,EG806725343626695725292853741,8708878054539
537,537,Commercial International Bank,EG102227460976795892483893215,4493840080733
538,538,Commercial International Bank,EG611148099160501567274281268,1458012489397
539,539,Banque du Caire,EG278584509871928461449810885,6582116426192
540,540,Banque Misr,EG445142570650990466206642303,2125074289892
541,541,Faisal Islamic Bank,EG196999537033748113711695527,2983393191989
542,542,Faisal Islamic Bank,EG389030138345842760248592088,5528042390889
543,543,Faisal Islamic Bank,EG090901877150119176523273311,6135564422633
544,544,Bank of Alexandria,EG944208016262566789796675983,7992737005118
545,545,National Bank of Egypt,EG690494617285754670001238644,0399760752661
546,546,Banque du Caire,EG514812596271385281714362698,6508422680886
547,547,QNB Alahli,EG070871891690729424288108395,7730572967618
548,548,HSBC Egypt,EG665838823145406018032186851,1433934411552
549,549,QNB Alahli,EG935542224781935299489448536,9307794806214
550,550,HSBC Egypt,EG759539543998732776754650019,1234774778271
551,551,Commercial International Bank,EG668651274393304490027447606,1688989488251
552,552,Faisal Islamic Bank,EG100275581385541149673609969,7692564809086
553,553,QNB Alahli,EG414384484034111066386123059,3658914877849
554,554,Commercial International Bank,EG509207118481860473212077727,8620021047838
555,555,Banque Misr,EG848441848528990534551448275,7017115788826
556,556,Faisal Islamic Bank,EG530824000498461973421159073,2146162284008
557,557,National Bank of Egypt,EG880191654254602012814223115,9988706298998
558,558,Faisal Islamic Bank,EG022123553710594177421211569,3066425903436
559,559,Commercial International Bank,EG524950236959351744756599469,2053056907779
560,560,Faisal Islamic Bank,EG097158204622810560522694510,8473864287031
561,561,Commercial International Bank,EG723619031737955027109933367,3811457453667
562,562,HSBC Egypt,EG866768604113879321476214544,0680064327955
563,563,HSBC Egypt,EG505791680731460438464162769,4959242633214
564,564,Banque Misr,EG976218644132670392428301148,4549942058406
565,565,HSBC Egypt,EG449828903120434793788893004,8647408182099
566,566,QNB Alahli,EG276541276804792747979051118,1884786556252
567,567,National Bank of Egypt,EG658799227153319509568749844,2413456754812
568,568,HSBC Egypt,EG604645114565851900866105697,8756068973260
569,569,HSBC Egypt,EG766312684462839058058893879,8204994065174
570,570,Faisal Islamic Bank,EG296127377984289255807449568,4544503357578
571,571,Banque Misr,EG416316819203788634898516283,6422016757911
572,572,QNB Alahli,EG854005164466653397344313527,5211978464020
573,573,Banque Misr,EG234432787948335278340809926,8325523518256
574,574,Bank of Alexandria,EG622379060039424681192138490,2281615162831
575,575,QNB Alahli,EG557056138558936425233254242,2942702841733
576,576,Bank of Alexandria,EG776958320174957578133213694,9647496232386
577,577,Banque du Caire,EG195325827994429905095120950,4487395580766
578,578,Banque Misr,EG729031405292639291188101123,2500143717222
579,579,Faisal Islamic Bank,EG585903916984232772942326032,7391266833223
580,580,HSBC Egypt,EG407959737348569282390887209,0328602809356
581,581,Banque Misr,EG511328133766237627070397447,8399464197685
582,582,QNB Alahli,EG640019525570725937365343783,7306153882910
583,583,National Bank of Egypt,EG748605844010974128704697815,2122922708023
584,584,Faisal Islamic Bank,EG628890554962674549754717891,0557706890639
585,585,Banque du Caire,EG523095903013521089787690214,8916278734522
586,586,Commercial International Bank,EG460623413854983415691016992,3845420939962
587,587,Banque du Caire,EG050814787582349113639270293,8761056387479
588,588,HSBC Egypt,EG891530575828615826887545510,8423100370598
589,589,National Bank of Egypt,EG681557262520140334134953848,3027277774155
590,590,National Bank of Egypt,EG155886111899238998211240587,3723274837868
591,591,Commercial International Bank,EG646245660519453437178626038,5118102870731
592,592,HSBC Egypt,EG709170834974237507841799622,8934398724360
593,593,Faisal Islamic Bank,EG626651683505490849652195152,2102857922493
594,594,National Bank of Egypt,EG619107137265010829250728121,7002163446012
595,595,Banque du Caire,EG727374012415226407383801820,5978037879330
596,596,Banque Misr,EG310144980850601819532383439,9070636190447
597,597,QNB Alahli,EG726856034349899135649500458,2929795177469
598,598,Commercial International Bank,EG906372629092452814140272656,1191232737078
599,599,Faisal Islamic Bank,EG942763261571371050507365446,2023976224953
600,600,Faisal Islamic Bank,EG755909513058961638239975245,5855809332968
601,601,Faisal Islamic Bank,EG725788402106313481926538607,3136461266317
602,602,National Bank of Egypt,EG226501405392710493053481777,3853861012805
603,603,Bank of Alexandria,EG920847388609676994036084301,4847733982010
604,604,Faisal Islamic Bank,EG065326219293122522489367114,8333859895987
605,605,Banque du Caire,EG043490367831957665156140664,0104963014750
606,606,National Bank of Egypt,EG479608912661710541081144720,2265813103464
607,607,QNB Alahli,EG954912141219408682788323980,1233840107254
608,608,Commercial International Bank,EG558745615028041017181593161,3354022061106
609,609,QNB Alahli,EG982350708860787280067658543,0666105239383
610,610,Faisal Islamic Bank,EG520977807851642658823470807,9777889882210
611,611,Bank of Alexandria,EG516679967743749840801304132,6552547284340
612,612,HSBC Egypt,EG404777511945320182562348368,2169123339224
613,613,Banque du Caire,EG696634135394128225290712067,8589084105004
614,614,HSBC Egypt,EG376100396430426235741919247,8908574461509
615,615,HSBC Egypt,EG924757957780625670726660929,4227750679744
616,616,HSBC Egypt,EG256302001562496153779259869,6097767845909
617,617,HSBC Egypt,EG220581290550146680684987664,8851962349545
618,618,QNB Alahli,EG492425080695066394654572185,7125757622899
619,619,Bank of Alexandria,EG538690245371171283661945930,8052915939206
620,620,Faisal Islamic Bank,EG122907982820037812023284766,3372318720328
621,621,Commercial International Bank,EG872746766944211990243572475,7380269033521
622,622,Banque Misr,EG910544276754120050349869841,0798474517657
623,623,National Bank of Egypt,EG623617083213675793360020331,0748996902356
624,624,Commercial International Bank,EG031877043192609637014844176,2228243052344
625,625,National Bank of Egypt,EG584679917091733430469272119,0296246463650
626,626,Banque du Caire,EG516938321855990143386719601,1471001726342
627,627,Faisal Islamic Bank,EG288234991996872323913694260,9653918476656
628,628,National Bank of Egypt,EG886998611133159310863877662,7704393393099
629,629,Faisal Islamic Bank,EG053291388904284098860729357,3108764489106
630,630,Banque Misr,EG442937160071353811664812641,4347756287854
631,631,QNB Alahli,EG491174351020908531781414351,3601715421716
632,632,Commercial International Bank,EG932334022635340212679470173,4649064708190
633,633,Banque du Caire,EG773946106977727477618592131,7957927897434
634,634,Commercial International Bank,EG247829725983399313101853157,2683858534285
635,635,Banque Misr,EG856858352482659035542598584,5386650284574
636,636,HSBC Egypt,EG778598461427459506021441557,4651485451665
637,637,Banque Misr,EG556763016560625344629057675,6340693560153
638,638,HSBC Egypt,EG021240841914113472061495499,9450333915450
639,639,HSBC Egypt,EG605340251286630128926047704,6169081343597
640,640,Bank of Alexandria,EG906834458397520806414601775,5050111458618
641,641,Banque du Caire,EG495790079052684855079565191,4028565073714
642,642,Banque du Caire,EG567458140734831335717874646,1116389913873
643,643,National Bank of Egypt,EG456037734690143647612914908,5970022071065
644,644,Banque Misr,EG481375748673330978298725140,0541299259382
645,645,Banque du Caire,EG652429950566709175677010598,0952620494692
646,646,Banque du Caire,EG641813075861701314434562051,7090113982021
647,647,Bank of Alexandria,EG923365595438603042245602441,5921927822026
648,648,Banque du Caire,EG345769936787424275312353148,2381777768190
649,649,QNB Alahli,EG501381844906652716272854382,9098026425334
650,650,Commercial International Bank,EG274992615332257138504621265,0475132596615
651,651,Banque Misr,EG704009912500505365856089320,0862151071830
652,652,Banque Misr,EG154335403873486276103695315,7518359612225
653,653,QNB Alahli,EG111402518831218120063104853,5952270558365
654,654,Banque Misr,EG641479555685357290897826541,1847533925467
655,655,Faisal Islamic Bank,EG766395016165874479016842967,3509338765118
656,656,Faisal Islamic Bank,EG173948496173896395852030184,3057436282161
657,657,Bank of Alexandria,EG403018921926526716800673498,7811716988634
658,658,QNB Alahli,EG521001218934993322483202775,7593052628543
659,659,Bank of Alexandria,EG655637771258709444950536451,9273958880301
660,660,Commercial International Bank,EG494652683989259924696158722,2313507563867
661,661,HSBC Egypt,EG796306160232167638871485691,0135838127725
662,662,National Bank of Egypt,EG425105044508440239487034421,8606359265077
663,663,Faisal Islamic Bank,EG100223000568870971699532522,9978235480400
664,664,Banque Misr,EG973750745509220260069030149,8113022257846
665,665,Bank of Alexandria,EG143115422366435850034396429,0317634648627
666,666,Commercial International Bank,EG434739257185316044702615944,9565282977832
667,667,Bank of Alexandria,EG369566454622401698130650774,2804271069370
668,668,HSBC Egypt,EG904845557594077839525625096,8209958936573
669,669,HSBC Egypt,EG860456088020602621094557267,4562554873842
670,670,QNB Alahli,EG726593855949526678597589606,4378251600005
671,671,Faisal Islamic Bank,EG763027513686886587442379644,2117503988144
672,672,Banque du Caire,EG427808821171875832566392078,5554257511977
673,673,HSBC Egypt,EG602441317979214806905908753,4088996979441
674,674,QNB Alahli,EG800799886469392938219574885,3435383337698
675,675,Banque Misr,EG720496094531282618061323515,0158043834194
676,676,Banque Misr,EG417356544492194303714668754,2465681833264
677,677,Commercial International Bank,EG900380557966006996902485477,7278564757326
678,678,QNB Alahli,EG437326529253140836883443909,4469167600756
679,679,Faisal Islamic Bank,EG218927595236726530606583099,5554393523335
680,680,QNB Alahli,EG636847269345553809745254856,1169558452124
681,681,Banque Misr,EG926629276370532536623027652,0415784463022
682,682,Bank of Alexandria,EG338702803019644947797021453,8883385941053
683,683,Banque du Caire,EG681248388448163239155802902,5992394230005
684,684,Commercial International Bank,EG212772339239919879025639896,0103587883323
685,685,Faisal Islamic Bank,EG201555248612065273156182314,7566215105344
686,686,Faisal Islamic Bank,EG209385180631425210370241360,7110342715784
687,687,National Bank of Egypt,EG887521072521363880451005176,8417167679156
688,688,Banque du Caire,EG026205092882779202288942549,7817764258892
689,689,HSBC Egypt,EG122959022041402217524336839,7108533127556
690,690,National Bank of Egypt,EG597982558920113598908643192,0085873282769
691,691,QNB Alahli,EG663501411297535327404740419,3652717759861
692,692,Faisal Islamic Bank,EG490930901838368290720102396,2658937282768
693,693,Bank of Alexandria,EG752920262005362990900604687,6768536525992
694,694,Bank of Alexandria,EG339694982902891749386039208,3863554138093
695,695,Banque Misr,EG748668394083849198821255614,1606679642477
696,696,QNB Alahli,EG420798584897214062443889220,5626146554056
697,697,Banque Misr,EG920140132594794038770878685,4185865606927
698,698,Commercial International Bank,EG089543128409369455224179424,0869203184003
699,699,Banque du Caire,EG277501495116584451314737060,1997929468765
700,700,QNB Alahli,EG135294018504267716517276955,9875714944344
701,701,Faisal Islamic Bank,EG190748784772864184801124916,5138906150282
702,702,Bank of Alexandria,EG078342322738461883918719170,8656093098938
703,703,HSBC Egypt,EG574706236435992174259126708,7379367145166
704,704,Commercial International Bank,EG942551179563641579784532549,0863279008569
705,705,Faisal Islamic Bank,EG258352371778653432187240521,0128111664402
706,706,Banque Misr,EG166253715790412513956606779,1785377974129
707,707,Banque Misr,EG678393965168209723411098139,5095572325376
708,708,Banque du Caire,EG778979428372886176223148211,7134161842495
709,709,Banque du Caire,EG283531429974586035359447312,8792772474476
710,710,Banque Misr,EG780892380046992448582620806,8352078699215
711,711,HSBC Egypt,EG029372417637624049073727278,3029006770825
712,712,Bank of Alexandria,EG792606282778675127780297289,4836390858307
713,713,Banque du Caire,EG333222839028933385067306172,4510269273904
714,714,Banque du Caire,EG309191363631972230863475716,6279172729736
715,715,Banque Misr,EG434530567458503816802337843,1619742755228
716,716,Faisal Islamic Bank,EG559297275682870593637633434,2715302263940
717,717,Bank of Alexandria,EG394640333399274050877556640,6784273275160
718,718,Commercial International Bank,EG125294219470615345755939654,4582815512281
719,719,QNB Alahli,EG989794723104567664495157904,3066493746540
720,720,HSBC Egypt,EG419555392322027901766463032,6556330914865
721,721,Bank of Alexandria,EG198850498246398021494412173,4357682685686
722,722,Banque du Caire,EG559574203119792155179831006,5842075593163
723,723,Banque Misr,EG349654095523702367918916161,4535054997701
724,724,QNB Alahli,EG271890951955767122418627599,4385691651593
725,725,Banque Misr,EG422225114496812085117969480,0143477899006
726,726,Banque Misr,EG868867457804363217051734410,0664717564448
727,727,Faisal Islamic Bank,EG321506388257411716775158825,4194514383375
728,728,Commercial International Bank,EG904921530874049190533007071,5667764102869
729,729,Bank of Alexandria,EG382016093992666953874399711,3212149492114
730,730,HSBC Egypt,EG190571101576857541447478934,1446791978235
731,731,Faisal Islamic Bank,EG255681992817501274919671050,1307680902611
732,732,Bank of Alexandria,EG811652991771180515375761223,1035822109156
733,733,Bank of Alexandria,EG477586447175492997454037820,1440575334451
734,734,QNB Alahli,EG097545709021307685404522558,0030700730409
735,735,HSBC Egypt,EG512191624692704952480039742,0807823432834
736,736,HSBC Egypt,EG649561670962425840690367776,5479244939108
737,737,National Bank of Egypt,EG807818059619589803419249732,7345423811766
738,738,Commercial International Bank,EG370810286242538080622215435,2681203040568
739,739,Banque du Caire,EG961201409065375786651468141,4241988876560
740,740,Banque du Caire,EG187223081676676260201357875,7918319285899
741,741,Bank of Alexandria,EG884084380842462085566422585,7382768087348
742,742,Faisal Islamic Bank,EG205423189205417324784284759,4377987338031
743,743,Bank of Alexandria,EG115210318310298687119991287,1021712907066
744,744,HSBC Egypt,EG060179906392431184376116130,3815599531802
745,745,Banque du Caire,EG761267329888897954390206270,7479195927100
746,746,QNB Alahli,EG876860728368332701716750404,7722156128090
747,747,National Bank of Egypt,EG335440227503096902955459728,9403074558278
748,748,HSBC Egypt,EG904231968872152321815851876,4993911722699
749,749,Banque Misr,EG854805030040799301859662533,7441193434474
750,750,Faisal Islamic Bank,EG662559184825445846221997568,3820624479189
751,751,Bank of Alexandria,EG153663701679281922255246673,7453621721404
752,752,Banque Misr,EG237250978566928829848334639,8063613898455
753,753,National Bank of Egypt,EG561938691274671578274142851,8157314052687
754,754,Commercial International Bank,EG789034493342661900529895228,5986165154972
755,755,Banque du Caire,EG220345561572001510990846081,4705091057578
756,756,National Bank of Egypt,EG976885118429821357942213994,1944372616828
757,757,QNB Alahli,EG459668278057418974861460200,3447486255303
758,758,HSBC Egypt,EG398424944895104761715292050,4624084054165
759,759,Commercial International Bank,EG746492591932569659534818805,5177620802197
760,760,QNB Alahli,EG031773716108081642220180039,9085175947728
761,761,QNB Alahli,EG177117535608223568562619772,9678016203800
762,762,Banque Misr,EG918301033422675635665456375,5117732128920
763,763,HSBC Egypt,EG059760874923795180289324948,1813231748683
764,764,Banque du Caire,EG486817298004916470138584638,0536623071060
765,765,Bank of Alexandria,EG879539786446987234811209015,8945742797874
766,766,HSBC Egypt,EG477225770218579994263718456,6164489164726
767,767,Commercial International Bank,EG079378620650329287980343721,1733664006313
768,768,Commercial International Bank,EG614660559767169452274416124,7719271146486
769,769,Faisal Islamic Bank,EG219800755194661440618440935,4829288685843
770,770,QNB Alahli,EG754983070909669309414948925,2875386685386
771,771,HSBC Egypt,EG736021327131727505456147749,9416324066879
772,772,QNB Alahli,EG810506024057123735369882469,9094683286226
773,773,Commercial International Bank,EG791045756130980498365090650,4666239578924
774,774,Banque du Caire,EG824836138914188403173449506,4842153158244
775,775,Bank of Alexandria,EG442338524687207588163333467,4109532100393
776,776,Commercial International Bank,EG588109756314546879665988689,5302141017947
777,777,QNB Alahli,EG857039875652049630238040504,1550730616713
778,778,Commercial International Bank,EG750804767817935958889712784,5479770744090
779,779,National Bank of Egypt,EG550350135289230766513873862,6623493699670
780,780,Banque Misr,EG266719334205994609746648480,6343222863104
781,781,Banque du Caire,EG187287498252898962723957107,6905529331828
782,782,Banque Misr,EG632100406818310135895714487,7826937491162
783,783,Commercial International Bank,EG625368135119658355380794293,2280615261211
784,784,Commercial International Bank,EG632622779629303294749640331,4094014537801
785,785,Banque Misr,EG585908411408143641058920234,2231563648507
786,786,Faisal Islamic Bank,EG616229352910415687856497941,7642923943614
787,787,Banque du Caire,EG733085814114689285077743321,2699128969058
788,788,QNB Alahli,EG852646684616493509656615410,1106722347267
789,789,Commercial International Bank,EG231145295300341571929907073,9860713240669
790,790,Banque Misr,EG691926129775804487693285134,9317254311109
791,791,Banque du Caire,EG522247370656554086330768090,7068043208409
792,792,National Bank of Egypt,EG414966451283829750283667576,3659454732641
793,793,Banque Misr,EG208379837221271015771603212,0714240496458
794,794,HSBC Egypt,EG679885961927109076924242925,7467273169538
795,795,Commercial International Bank,EG418218781372035541406642687,5704447727242
796,796,Commercial International Bank,EG823190923765182370407701300,0443877568946
797,797,Banque Misr,EG846495541797431510853723710,9267236505137
798,798,National Bank of Egypt,EG094284671915046901533525719,9947175424864
799,799,QNB Alahli,EG848435212754964289870568879,3137467658693
800,800,National Bank of Egypt,EG188354681282064051689052859,3055872874832
801,801,Bank of Alexandria,EG174558105329161583119607980,5925562674131
802,802,Faisal Islamic Bank,EG584223937309119016239882530,6676962482684
803,803,Bank of Alexandria,EG378627520887844342407652651,8175057528942
804,804,Faisal Islamic Bank,EG481289496315165911497193450,7289009952789
805,805,QNB Alahli,EG947810195368528444394124748,9028653530441
806,806,HSBC Egypt,EG627792942066529982048338083,5857142532938
807,807,Banque Misr,EG121060351587951603913753232,9921224385637
808,808,Commercial International Bank,EG930789863230560290262359389,3829608630805
809,809,HSBC Egypt,EG570000585872167001021788101,8711319861287
810,810,QNB Alahli,EG024730909561242691811841343,8135586393704
811,811,Faisal Islamic Bank,EG202010176693268740202748806,6292937940900
812,812,National Bank of Egypt,EG254332416447630603969721071,1121101082465
813,813,Banque du Caire,EG883778506050423920859402852,4181121296236
814,814,Commercial International Bank,EG761867881759089839289541291,5463301515522
815,815,HSBC Egypt,EG543571055514496264181338514,7636738124688
816,816,Banque Misr,EG448377096862592020716088162,4860128794209
817,817,National Bank of Egypt,EG092312725758539456720264878,6017837192574
818,818,Banque du Caire,EG929797804338494475702866966,2266498437207
819,819,QNB Alahli,EG708080891426004981107440653,0883776612088
820,820,Bank of Alexandria,EG816786256456023530334905780,4586416914185
821,821,Banque du Caire,EG166514621813784649188281606,3575223659332
822,822,National Bank of Egypt,EG706531170529303639097469046,8189392233508
823,823,National Bank of Egypt,EG431301129542712233879706037,9154759011672
824,824,Faisal Islamic Bank,EG064102319139193039307375320,7895182543414
825,825,Bank of Alexandria,EG218645120354952656019099562,7334166497414
826,826,Bank of Alexandria,EG636373864469452128777466182,0828916977083
827,827,Banque Misr,EG170190436356822322005399997,3921247900530
828,828,Banque Misr,EG217066880033542533929500361,8797504653605
829,829,QNB Alahli,EG956400871112957687773618271,2503902299219
830,830,Commercial International Bank,EG969224880842602989376085426,4300748638660
831,831,Bank of Alexandria,EG526056568037157676812824010,2991110398787
832,832,Faisal Islamic Bank,EG503831045263570909145545265,3080870337417
833,833,Commercial International Bank,EG743347018001821456143887413,4722576823503
834,834,HSBC Egypt,EG878790145218471861420169027,8781222898182
835,835,Banque du Caire,EG545440742086459488375221154,1223626837113
836,836,Banque Misr,EG607702433094230324905085198,4442811225337
837,837,HSBC Egypt,EG875206265913207936306719247,9998686150389
838,838,QNB Alahli,EG384088352089829887470507327,2702191881552
839,839,Commercial International Bank,EG060293038271102034854532136,5222929594925
840,840,Commercial International Bank,EG099333632986953523625941614,4089945255471
841,841,Banque du Caire,EG119247341459022084939758352,0666475918956
842,842,HSBC Egypt,EG124836692531628633909080428,7768325961171
843,843,Banque du Caire,EG912286744415253414316820372,6283085768420
844,844,Commercial International Bank,EG436561471812730951187856683,3110646214707
845,845,Banque Misr,EG700041671102259442852580233,8477245628408
846,846,HSBC Egypt,EG489853503096535410778688647,0030840521310
847,847,QNB Alahli,EG883363865989425745081172870,6344196118113
848,848,Bank of Alexandria,EG541225237068419240749858471,1250823081657
849,849,Commercial International Bank,EG657280641499322354004270572,3786156340185
850,850,Banque du Caire,EG644935491180220969930626174,2406480062748
851,851,Banque du Caire,EG850078134979248455566661940,4502796341458
852,852,Banque du Caire,EG529122096531811843000824228,5614697163267
853,853,Banque Misr,EG616211217421870731727438396,7725229248686
854,854,Faisal Islamic Bank,EG766478259776345796588799637,9462448280019
855,855,Banque Misr,EG778205889592364515263833421,0193174689363
856,856,QNB Alahli,EG881902388605456980638557045,7600464264699
857,857,Bank of Alexandria,EG428947229764329515122944722,3758881021038
858,858,Banque du Caire,EG209843816149863567772602244,5795027685482
859,859,Faisal Islamic Bank,EG537015573798445469267695657,1519152672049
860,860,Faisal Islamic Bank,EG975286199737240233611590896,7617002489485
861,861,Commercial International Bank,EG375442020686975451283370612,2010939365304
862,862,National Bank of Egypt,EG868705663397875502615171633,4758122522197
863,863,National Bank of Egypt,EG390031334686545981145945800,5535023848383
864,864,Banque Misr,EG109581580549175765939143854,6841988615779
865,865,HSBC Egypt,EG146692989176192405158225800,2784563960595
866,866,Commercial International Bank,EG470376447273855210069297418,2975135764523
867,867,Banque Misr,EG080791962550074671031994031,1626425611542
868,868,QNB Alahli,EG050633567588188892812897691,4201660905350
869,869,Commercial International Bank,EG669115040544115712490977655,1374528845100
870,870,Banque Misr,EG565292144598509755413188820,6809773703016
871,871,Banque Misr,EG625177983785698590787167878,0369408223366
872,872,Faisal Islamic Bank,EG154496436849809830738891621,4014289799992
873,873,HSBC Egypt,EG306760080995604010261249737,0964550303857
874,874,Bank of Alexandria,EG175360623484374340388619974,4908202988661
875,875,Banque Misr,EG559762675829009399943263568,0079035621190
876,876,National Bank of Egypt,EG870206132340715180582696358,2919525387421
877,877,National Bank of Egypt,EG309937837300606778318027450,8537949769615
878,878,Bank of Alexandria,EG906113690395956691187686058,4247254476398
879,879,Banque Misr,EG160765547147298943956827641,6514353862547
880,880,Bank of Alexandria,EG877144245525235875240991402,6156380337417
881,881,Faisal Islamic Bank,EG134603259025134455864041231,0684969405022
882,882,National Bank of Egypt,EG339975919598990251509507852,2176207480844
883,883,Banque du Caire,EG371302510720150818174829742,5605770511773
884,884,Commercial International Bank,EG686619769528596176983449026,2689833704214
885,885,HSBC Egypt,EG455737239093254718451236352,9442203640073
886,886,Banque Misr,EG444857369470539841431531740,7302965403793
887,887,Bank of Alexandria,EG508438418186429909992571374,8040455478569
888,888,National Bank of Egypt,EG192157285788799589920259846,9024508353836
889,889,QNB Alahli,EG453235918767233855854327865,9043035762792
890,890,HSBC Egypt,EG911502746495239646063935761,7439060920777
891,891,Faisal Islamic Bank,EG899443830675805256402635567,1875842825574
892,892,QNB Alahli,EG486286981658561998693906149,1587440450490
893,893,National Bank of Egypt,EG116749993903528472916720304,0014221087467
894,894,QNB Alahli,EG178652420638445338608314505,9726373561693
895,895,QNB Alahli,EG951311161011929978369984625,9763972479859
896,896,QNB Alahli,EG126612435081629630360525284,5921182190599
897,897,Banque Misr,EG860368900467039719119008709,9887230346060
898,898,National Bank of Egypt,EG669172013868232405839168835,8125492662117
899,899,Bank of Alexandria,EG725539950055993791534203541,5009400478846
900,900,Bank of Alexandria,EG240844158722055595514573832,2126324261958
901,901,QNB Alahli,EG841890360682204901136484910,3456745643279
902,902,HSBC Egypt,EG906293733822803533333896977,3916303197029
903,903,Banque du Caire,EG820857599574300510271364756,2233066847878
904,904,QNB Alahli,EG773980921404150109350255752,0028029675521
905,905,National Bank of Egypt,EG669417819643135810136553999,8949212553870
906,906,Faisal Islamic Bank,EG354715884051695368268796932,1171961496205
907,907,Banque Misr,EG409476284757520605271706543,2585451182492
908,908,Banque du Caire,EG287746224612451881079961886,1699666802984
909,909,Bank of Alexandria,EG807309549791844484505662920,0610695493774
910,910,Bank of Alexandria,EG079464286930829223676202553,0433443094244
911,911,Banque Misr,EG633963617463850130644592155,2361570972937
912,912,Banque Misr,EG807706193449706516523061663,6905763812972
913,913,Banque du Caire,EG082565249437427933720586080,5293755296287
914,914,HSBC Egypt,EG104187184251210977486561085,3340839865223
915,915,QNB Alahli,EG781989712882030967647461109,2495159101849
916,916,Commercial International Bank,EG651458563159529447920592232,8768721567330
917,917,HSBC Egypt,EG169908911436941490141841415,5527177786204
918,918,Commercial International Bank,EG787334317312134379852229476,6575614481093
919,919,Banque du Caire,EG643141793909511722384170614,4992613991076
920,920,QNB Alahli,EG439538695818791156682857255,9497027587856
921,921,Faisal Islamic Bank,EG705577519435166001466478796,5354296279251
922,922,QNB Alahli,EG426722732787920877152883979,9107790824877
923,923,HSBC Egypt,EG380436566221274510723408905,4923569041972
924,924,HSBC Egypt,EG070296423811451385390311723,0933337660534
925,925,Bank of Alexandria,EG256089671035284498375299012,1907701828451
926,926,Banque du Caire,EG710986059507773779285921319,9490363845837
927,927,National Bank of Egypt,EG564223010459704317083875323,6094278577461
928,928,Faisal Islamic Bank,EG309675631977860730848428745,4110097390452
929,929,Banque du Caire,EG528628882204794961754644175,9982193675954
930,930,Banque du Caire,EG952754763627985751470413176,9574144790812
931,931,Banque Misr,EG439454971224370788120320400,2269109231114
932,932,Faisal Islamic Bank,EG695515497530250119248425923,1989934414510
933,933,QNB Alahli,EG059927066725839552219343652,5850480405953
934,934,Commercial International Bank,EG429668176159645248407764747,3249507406611
935,935,National Bank of Egypt,EG034348845797571032543541991,0675510831278
936,936,National Bank of Egypt,EG747275341172939220476360245,1668776473885
937,937,Bank of Alexandria,EG947023550955849861823693333,4489853086714
938,938,QNB Alahli,EG336563122228688833856320442,4247684997640
939,939,Commercial International Bank,EG851198989654436065313811770,6279107317726
940,940,Faisal Islamic Bank,EG851276484093360150469996803,4914819145300
941,941,Commercial International Bank,EG622179373954237288772542804,3967176292422
942,942,Bank of Alexandria,EG314471794418588867720235766,6445721784976
943,943,Bank of Alexandria,EG642466459722066785790511801,8407337791559
944,944,Banque Misr,EG219418312722109090497343572,3256541762113
945,945,Banque Misr,EG598628261358232036845756756,4619165642470
946,946,Banque du Caire,EG125044135262130368872753354,1844615669268
947,947,National Bank of Egypt,EG829673898462838921769203290,5216124208803
948,948,Bank of Alexandria,EG166530377316736502576322181,5619365347000
949,949,Banque Misr,EG172822917610361572962023309,3940946986143
950,950,Banque du Caire,EG101061170335017998673695092,3270672565675
951,951,Bank of Alexandria,EG237964830273180395820834655,0841576228538
952,952,Banque du Caire,EG933105775078575880815286940,0980378524471
953,953,National Bank of Egypt,EG468470960915714876000760350,0078019542796
954,954,Faisal Islamic Bank,EG711232276366956521881635089,4735734638272
955,955,Banque du Caire,EG076324050971755119749852426,5206872509106
956,956,Faisal Islamic Bank,EG787772776027550366539394670,7852059446336
957,957,Bank of Alexandria,EG572961169055417229377007447,3236371498929
958,958,Bank of Alexandria,EG456885982405324886768633251,0985574914697
959,959,QNB Alahli,EG853560729565107023580898290,3442365785616
960,960,Banque Misr,EG757482487802531174255942798,1348440325028
961,961,Banque Misr,EG467116405288301009531091533,2362812787369
962,962,Banque du Caire,EG588469014855051586391948208,2029625750103
963,963,Faisal Islamic Bank,EG543829039323198615544840991,0672397909631
964,964,Faisal Islamic Bank,EG085402035370485643497362751,9854893292293
965,965,QNB Alahli,EG102001313526985852977218875,7563914388744
966,966,Commercial International Bank,EG925077046473926838013260946,3608799488308
967,967,Banque du Caire,EG566716706309501119777110488,1600497935660
968,968,Banque du Caire,EG947643292764930142536860416,5328387696150
969,969,HSBC Egypt,EG436945955944053758639431104,5689750135218
970,970,Banque du Caire,EG787617090080304128312806895,2717111938383
971,971,Banque Misr,EG616723144834654087684495454,0051085424356
972,972,QNB Alahli,EG390962894764769028453516706,1601936550384
973,973,National Bank of Egypt,EG391247817509430149689514644,0207842418736
974,974,Commercial International Bank,EG920754048170609519136106098,4262041265339
975,975,QNB Alahli,EG412575945865187184369888663,2778896984273
976,976,Commercial International Bank,EG983738188239430762623096985,8048225283126
977,977,Banque Misr,EG488962246047679342508633237,7305420601271
978,978,QNB Alahli,EG396781719727919675360625738,0700229790839
979,979,Banque Misr,EG584163756635713849065573745,2150470022408
980,980,Faisal Islamic Bank,EG595883195526118843454523917,3627312841370
981,981,Bank of Alexandria,EG876878156295894315231889486,8233521421692
982,982,National Bank of Egypt,EG587186314443313532490715967,1898632520427
983,983,HSBC Egypt,EG262983782915523808017660586,1773269039113
984,984,Commercial International Bank,EG968432639114202968989645522,7646005711422
985,985,QNB Alahli,EG810270551928605210088160426,1687098972509
986,986,QNB Alahli,EG304814046549307145139331119,0063094760453
987,987,Banque Misr,EG729794291166923780464857555,2487542120212
988,988,National Bank of Egypt,EG065650820757412498973382650,8480206389722
989,989,Banque du Caire,EG297442005282302111908931586,7171622330546
990,990,QNB Alahli,EG491269269221093927678095707,0796536736251
991,991,National Bank of Egypt,EG790056404980041541426649913,6953571011178
992,992,HSBC Egypt,EG408791620790164406803597586,6825850301558
993,993,Commercial International Bank,EG361199663142145486919979673,9371841703678
994,994,Bank of Alexandria,EG666563761652028566021797400,0106884203070
995,995,QNB Alahli,EG455684677486209549269644214,2799434386356
996,996,QNB Alahli,EG263950823000032925721065837,2561781069584
997,997,Commercial International Bank,EG812351971851947115388076204,7396364511578
998,998,Commercial International Bank,EG719186023200855138092460690,3830321729314
999,999,Faisal Islamic Bank,EG429071166394849513830458543,1613737395845
1000,1000,National Bank of Egypt,EG115554303369480424211005504,2846849576365
1001,1001,Commercial International Bank,EG395762384220059204600628253,5226772275028
1002,1002,QNB Alahli,EG716454816502001457944801058,8724379304010
1003,1003,Banque du Caire,EG625988208306050787889064328,5531874346182
1004,1004,Banque du Caire,EG644593559884844996348719072,0813446456224
1005,1005,Banque Misr,EG890628971155755948018520201,4224015120638
1006,1006,QNB Alahli,EG237489253131819922915837321,6567145979955
1007,1007,HSBC Egypt,EG407579053084882896699585373,7254941071400
1008,1008,HSBC Egypt,EG117715048258484180255481530,8873934830954
1009,1009,HSBC Egypt,EG106555741025115089186697417,2891697991201
1010,1010,QNB Alahli,EG443071864953479718051802040,4564072028182
1011,1011,Commercial International Bank,EG151300641585841708677883473,9396848350071
1012,1012,Bank of Alexandria,EG340743695433653363373063023,3027872736324
1013,1013,Bank of Alexandria,EG645657269008456508054266561,4870371593840
1014,1014,Faisal Islamic Bank,EG618647944957851772607935360,2702188212549
1015,1015,QNB Alahli,EG730380963652484810618184405,6334124853950
1016,1016,Banque du Caire,EG295408157361923680548026185,2809685563725
1017,1017,National Bank of Egypt,EG300951087292579747489211036,9961978324872
1018,1018,National Bank of Egypt,EG825739841962801148068654328,4268617738325
1019,1019,Faisal Islamic Bank,EG667548577488935611687851559,5684555129980
1020,1020,Commercial International Bank,EG981706451731038127646976198,4919601862989
1021,1021,HSBC Egypt,EG147643741138319277642194648,1813152264907
1022,1022,Banque du Caire,EG829200040562639340962476834,9981783041359
1023,1023,National Bank of Egypt,EG833196088372210076950108687,7584187230984
1024,1024,Commercial International Bank,EG050985963118009685629537471,0746242294349
1025,1025,Commercial International Bank,EG035993567043078045814629980,6208657082209
1026,1026,Commercial International Bank,EG024713643920744288363545750,3783595539950
1027,1027,QNB Alahli,EG807513437444167854642671614,4831387628757
1028,1028,HSBC Egypt,EG633593153443095726556939251,4685731153925
1029,1029,Banque Misr,EG503246763062122447392248072,6205794084420
1030,1030,Banque Misr,EG688291487649517868256219043,5402588218333
1031,1031,Faisal Islamic Bank,EG614356594366219597969555484,0722321455904
1032,1032,HSBC Egypt,EG977563580926411548401294120,5973140280818
1033,1033,Commercial International Bank,EG709038028521371658863626085,0953056519148
1034,1034,Banque du Caire,EG025404628931132676750212176,5365423546592
1035,1035,HSBC Egypt,EG124961642525596833208620762,9902154485564
1036,1036,Banque du Caire,EG134664868344065990401619650,8452619668204
1037,1037,HSBC Egypt,EG714816482448115697091799920,8938054840113
1038,1038,Bank of Alexandria,EG984230556101925653237969130,4773952262765
1039,1039,Banque Misr,EG869541102082209495147397579,0219158294337
1040,1040,Commercial International Bank,EG629333884763343332106800794,2317904803465
1041,1041,Banque Misr,EG814759310351792441211129484,2916404850977
1042,1042,Commercial International Bank,EG877520405720039475314211394,2718773297992
1043,1043,Banque Misr,EG449146914479965561929459831,5780579692270
1044,1044,National Bank of Egypt,EG445118808690290582337942847,7718192349628
1045,1045,HSBC Egypt,EG387166354300874623943931084,8849514073796
1046,1046,Faisal Islamic Bank,EG938866083898579533928356164,7652820238710
1047,1047,National Bank of Egypt,EG437325967794315703490800527,1602466561954
1048,1048,HSBC Egypt,EG767201877344462977535682097,3704521893348
1049,1049,Faisal Islamic Bank,EG090855815671321754991208843,6387533039009
1050,1050,QNB Alahli,EG157148846485105594788307198,2054494973955
1051,1051,QNB Alahli,EG360698765569155450383308471,7360742212299
1052,1052,Banque du Caire,EG539539479131585773440861988,5936130461912
1053,1053,QNB Alahli,EG307887823254025946514398675,9759650770594
1054,1054,Banque du Caire,EG851826989041902703467495889,3984888614327
1055,1055,Bank of Alexandria,EG833254666019062941982506981,1666237604912
1056,1056,Faisal Islamic Bank,EG677008832146025762680622689,5873249774365
1057,1057,Banque Misr,EG130822118761783359485113155,3609697103544
1058,1058,QNB Alahli,EG733760390350538176354326666,0789315349581
1059,1059,Bank of Alexandria,EG546134892461070771775165718,4016419137879
1060,1060,HSBC Egypt,EG303828399122173134764784844,3413173221638
1061,1061,Banque Misr,EG652470141202611863627718103,7593186769555
1062,1062,HSBC Egypt,EG379214839494861129060809547,9856014743701
1063,1063,Banque Misr,EG366831428827697124756586474,6780052310547
1064,1064,Bank of Alexandria,EG153525625446198476033011961,9410087952580
1065,1065,Faisal Islamic Bank,EG880330836383033947851047870,5371559455586
1066,1066,HSBC Egypt,EG706038123932048782489974278,8542960349079
1067,1067,QNB Alahli,EG950786749669856116716028831,2597250531139
1068,1068,HSBC Egypt,EG869559947944796445446005316,3325550108242
1069,1069,Bank of Alexandria,EG074690486724380193274722760,0245170131460
1070,1070,Bank of Alexandria,EG831802804232687936235797642,8130089877829
1071,1071,Commercial International Bank,EG754368176853886178152260910,0435827411451
1072,1072,Commercial International Bank,EG021066559740026412713923011,9608888948856
1073,1073,National Bank of Egypt,EG856740541599638296394721472,4329531809285
1074,1074,Commercial International Bank,EG024646660488609946742205716,5292126507510
1075,1075,QNB Alahli,EG070383566539482656890666170,4557047615189
1076,1076,Banque Misr,EG791835124920870044770248578,6183731360919
1077,1077,National Bank of Egypt,EG116479735320017713287114457,3321323346473
1078,1078,HSBC Egypt,EG276140772784798480994371445,3325605800546
1079,1079,Banque Misr,EG724128704258547571823460103,2072791639334
1080,1080,National Bank of Egypt,EG304848856155684417685649964,5306214493838
1081,1081,HSBC Egypt,EG907180292339650639738638503,4029846930504
1082,1082,Faisal Islamic Bank,EG506025185321010296286807977,0524060075490
1083,1083,HSBC Egypt,EG858801206384174977829023158,3060725715702
1084,1084,HSBC Egypt,EG366600848475289067979286124,5393009375492
1085,1085,Banque Misr,EG347239763911587697900585726,4389879551492
1086,1086,Banque du Caire,EG366625031862345759144647540,1977997426575
1087,1087,Commercial International Bank,EG554782043191214693809652517,6936517323422
1088,1088,HSBC Egypt,EG893086821182787016332594749,1819190780227
1089,1089,QNB Alahli,EG096958444863764611791007275,6385029286921
1090,1090,Faisal Islamic Bank,EG084966546374946732631666885,5789668009544
1091,1091,HSBC Egypt,EG838508641139912783307893427,4288008205429
1092,1092,Banque Misr,EG743431029635826404697453344,4725410183554
1093,1093,Banque du Caire,EG378944789339087360489215842,9350141166150
1094,1094,Commercial International Bank,EG961728620455785626990340370,1171876088692
1095,1095,Bank of Alexandria,EG488972795529675753338949722,8110758211865
1096,1096,Banque du Caire,EG511832144324372539402269098,1596233715377
1097,1097,HSBC Egypt,EG929038221494635425772799354,7295628759003
1098,1098,Faisal Islamic Bank,EG037043050328684374669299477,7268859792859
1099,1099,Faisal Islamic Bank,EG243182792568007864634915032,9001723043312
1100,1100,Banque Misr,EG772228261547802046786998871,4589922193963
1101,1101,QNB Alahli,EG654456976969726430665025016,1620816385020
1102,1102,HSBC Egypt,EG649270442227395055897388163,8396585128809
1103,1103,Bank of Alexandria,EG449511294527072212973244499,6811955701370
1104,1104,Faisal Islamic Bank,EG139528022292610262626626693,5377633715977
1105,1105,National Bank of Egypt,EG642048442743955691163564167,7004758309118
1106,1106,QNB Alahli,EG821792428864221200971343348,6334437483071
1107,1107,Banque Misr,EG622212497577228961464278018,4974207541845
1108,1108,Faisal Islamic Bank,EG185310822857652660650820675,3413813452457
1109,1109,HSBC Egypt,EG813964162278655361642378710,2567669120889
1110,1110,Banque Misr,EG681890322585476095196973251,6447616626962
1111,1111,Faisal Islamic Bank,EG444074775772293399981535397,2108572754553
1112,1112,Faisal Islamic Bank,EG934935910674217394745489849,0308769998096
1113,1113,National Bank of Egypt,EG547638007797794818087432973,9875952899529
1114,1114,QNB Alahli,EG907309864219937222807648595,9374236210075
1115,1115,Banque du Caire,EG427590015559030575163783567,0082969425690
1116,1116,National Bank of Egypt,EG270867921259309274411346205,8665577283910
1117,1117,QNB Alahli,EG427520505068278877659579600,5387789588007
1118,1118,National Bank of Egypt,EG428246526339575206915397157,2370599051867
1119,1119,HSBC Egypt,EG742942690612138847094087314,9747688423544
1120,1120,National Bank of Egypt,EG033160490802811201780538121,0587234725326
1121,1121,QNB Alahli,EG068009718872414522044083898,0424689460734
1122,1122,QNB Alahli,EG826743217189832755719800053,5189062662997
1123,1123,National Bank of Egypt,EG461344710162467216794216182,4568961220357
1124,1124,QNB Alahli,EG129326338978469372709618082,9174059455166
1125,1125,Banque du Caire,EG953583054904857850615108797,3099823334449
1126,1126,Faisal Islamic Bank,EG724045555883807264968867758,8491213987527
1127,1127,Commercial International Bank,EG460723430616879336051455789,2924094944891
1128,1128,Bank of Alexandria,EG271473293627414357480440435,3323385507588
1129,1129,Bank of Alexandria,EG078863851417219837585858576,4343439718226
1130,1130,Bank of Alexandria,EG743588881772274549861461805,8370801221531
1131,1131,HSBC Egypt,EG737038633395721929459849999,5546811559235
1132,1132,HSBC Egypt,EG895818821126869539464437050,9651592614975
1133,1133,Faisal Islamic Bank,EG268092646544846499312828146,5835534622011
1134,1134,Faisal Islamic Bank,EG884733357613594314406060129,8104283431076
1135,1135,Faisal Islamic Bank,EG190405628889098345070151405,7668762344206
1136,1136,QNB Alahli,EG041230832005968685908197777,3961580991143
1137,1137,Banque Misr,EG869885474346107336984580683,0228970237888
1138,1138,Bank of Alexandria,EG552224966946717785187877014,7793926545771
1139,1139,QNB Alahli,EG989901122115318090439709951,3231671109724
1140,1140,Bank of Alexandria,EG973579571747684977223052341,6355454893611
1141,1141,Banque Misr,EG786690146271049692996990299,3720630131227
1142,1142,Commercial International Bank,EG605516780372164193600656026,7724802037277
1143,1143,Bank of Alexandria,EG023685901386790602037135098,1766785523701
1144,1144,Commercial International Bank,EG058067589330341677669291558,9808450995058
1145,1145,National Bank of Egypt,EG089031297515869957778624951,4464402441472
1146,1146,Faisal Islamic Bank,EG092152791490702303139641842,1009701564909
1147,1147,HSBC Egypt,EG554523020056079471964510137,0734000450620
1148,1148,National Bank of Egypt,EG156523186727594424202316078,9503211328493
1149,1149,Banque Misr,EG778754375412852707314776135,4572561433691
1150,1150,Bank of Alexandria,EG621345349706864579086869240,9584557063258
1151,1151,Bank of Alexandria,EG215873784034153923464102769,3463106769505
1152,1152,Commercial International Bank,EG796617262381605843990459794,3576394489720
1153,1153,Banque du Caire,EG050162879698246792287301687,0132018049162
1154,1154,Commercial International Bank,EG479104112701367471141956328,7061010957488
1155,1155,Banque Misr,EG201648014544776145709459423,7312330207804
1156,1156,Banque Misr,EG057407922825872974262762911,1885486796899
1157,1157,National Bank of Egypt,EG756014405536518538019069728,8431268364621
1158,1158,HSBC Egypt,EG029275976740669362991728237,3335367260659
1159,1159,Banque Misr,EG429410667013474070716363303,7763516945717
1160,1160,Banque du Caire,EG228965678409451710304174646,5284147700777
1161,1161,HSBC Egypt,EG257390677775633225537489022,1636801960407
1162,1162,National Bank of Egypt,EG103345017501888123698947901,4081017023806
1163,1163,National Bank of Egypt,EG041853258748506810312759081,4505277598456
1164,1164,National Bank of Egypt,EG377829185005236750631901568,3871251068923
1165,1165,Commercial International Bank,EG369603041090290471403766018,3441784941443
1166,1166,Commercial International Bank,EG699107245953882251967472214,8813654049033
1167,1167,Banque du Caire,EG034810710797055225859164402,8923843377058
1168,1168,Faisal Islamic Bank,EG312825036817101650227875978,8498101066386
1169,1169,QNB Alahli,EG575177750455967148481305254,6083316333109
1170,1170,Bank of Alexandria,EG887493706136008879251922081,8971658142408
1171,1171,HSBC Egypt,EG807028078600930824166393683,1863663131214
1172,1172,Banque Misr,EG613759747819978267151576579,0492396235302
1173,1173,HSBC Egypt,EG325763152961721547864098723,3268173909211
1174,1174,Bank of Alexandria,EG514103520360727490372256373,9606274477031
1175,1175,Banque Misr,EG892181094388081386546130018,4138305465492
1176,1176,Commercial International Bank,EG067244510143106146926693379,3441792910042
1177,1177,National Bank of Egypt,EG338689897852341126665270631,6338977802813
1178,1178,Commercial International Bank,EG867341195329750451525964847,1512982805934
1179,1179,Banque Misr,EG853248770405210256698869873,7949840073413
1180,1180,Commercial International Bank,EG462834846449606539242057534,7348954728177
1181,1181,HSBC Egypt,EG136524223060461312567352603,1614155388263
1182,1182,Banque du Caire,EG807992386014439962628003407,8459312227084
1183,1183,Faisal Islamic Bank,EG819852736530465443196051046,4552779958863
1184,1184,HSBC Egypt,EG487914124336029025288974898,2335401992853
1185,1185,QNB Alahli,EG691755342277503471228811718,1654102535437
1186,1186,HSBC Egypt,EG920351996999863338562095178,7293220152912
1187,1187,QNB Alahli,EG601456886593228262312382471,5578668765016
1188,1188,HSBC Egypt,EG527784614202836808600662937,1845853360522
1189,1189,Faisal Islamic Bank,EG399090250211900017736012549,0997343744417
1190,1190,Commercial International Bank,EG541071846482233279574229140,1484364357924
1191,1191,National Bank of Egypt,EG957969484527912460470640069,0786105102234
1192,1192,Commercial International Bank,EG550152640208945329397927138,2503946305902
1193,1193,National Bank of Egypt,EG813811217117589165269264659,7207156569307
1194,1194,Banque Misr,EG075210173832482184407668657,5941951653272
1195,1195,Commercial International Bank,EG508577149506885854308913386,2521446517915
1196,1196,Banque Misr,EG059351250084865119174360752,8992144221654
1197,1197,HSBC Egypt,EG557316039657026418454753134,4883956053983
1198,1198,Banque du Caire,EG634239745565743208097096310,2602643146380
1199,1199,QNB Alahli,EG883321715643945281272197184,9545533914064
1200,1200,Banque Misr,EG284236876180486386164422707,1713002656533
1201,1201,Banque Misr,EG195002352457801271633777106,6794189773214
1202,1202,Faisal Islamic Bank,EG384859958313717210865050823,8909488462369
1203,1203,HSBC Egypt,EG542910051490442079172397735,0580864021904
1204,1204,Bank of Alexandria,EG926282118102229934597326573,8527435182406
1205,1205,Commercial International Bank,EG044793407917485766914870514,7878996286786
1206,1206,Banque Misr,EG552681562762652693458928917,0208990549162
1207,1207,HSBC Egypt,EG338084559325886648943814842,9447274941008
1208,1208,Banque Misr,EG517207693806652670105354852,5630109882354
1209,1209,Commercial International Bank,EG090003849848578885778789635,2064551379382
1210,1210,Banque Misr,EG985481131020974721722419207,0934223905499
1211,1211,Faisal Islamic Bank,EG354536182082989440647840733,0068201118053
1212,1212,HSBC Egypt,EG779356998262672074587792831,8148933862478
1213,1213,Banque Misr,EG719759253576518099277002962,2404686274375
1214,1214,National Bank of Egypt,EG301000791468821516033509971,1499095788464
1215,1215,National Bank of Egypt,EG568261901962582835667691685,6881044990981
1216,1216,Banque du Caire,EG893679772304380350772407425,1932039728961
1217,1217,National Bank of Egypt,EG642587784482171493567748852,1810823823925
1218,1218,HSBC Egypt,EG890839002524943516208659550,5481448110853
1219,1219,Banque du Caire,EG895689489654931157280906108,3667145700055
1220,1220,Banque Misr,EG047135503611176465511460638,1089001726661
1221,1221,National Bank of Egypt,EG580636883606260261345144908,2538690845025
1222,1222,Banque du Caire,EG410484623262636226232028908,0795624387471
1223,1223,QNB Alahli,EG451374084854172245284078792,6838367250361
1224,1224,Banque Misr,EG723253922056496282290878725,1954990255074
1225,1225,Banque Misr,EG518379560809064099750769346,6449166628880
1226,1226,Commercial International Bank,EG064414109143561476923053227,2974712915097
1227,1227,HSBC Egypt,EG776284729222547113270126203,8445428155749
1228,1228,Faisal Islamic Bank,EG027806764229987764745101383,7206814722987
1229,1229,Faisal Islamic Bank,EG440151117539297604173742436,1923764977542
1230,1230,Commercial International Bank,EG504040188255786006984396977,1689243061751
1231,1231,National Bank of Egypt,EG968429712001091621589608488,5809669070750
1232,1232,Bank of Alexandria,EG500742335821607066693457096,6990149244517
1233,1233,Banque du Caire,EG746747212575776565634277419,6968936233679
1234,1234,Faisal Islamic Bank,EG485840758425517148542219083,7940365712530
1235,1235,Faisal Islamic Bank,EG603178207572021695104170253,7005719652150
1236,1236,QNB Alahli,EG117128235009507266826044218,7281222684403
1237,1237,Banque du Caire,EG725797466629582906155413176,7536752424933
1238,1238,Banque Misr,EG543597077603767332185989696,2078576052113
1239,1239,National Bank of Egypt,EG628260533760620193154349470,7498195617372
1240,1240,QNB Alahli,EG464834650742535176522809115,4960151023663
1241,1241,Banque du Caire,EG103463471971475416175731215,3126519257158
1242,1242,Banque du Caire,EG981943648407861072447439438,5271849310563
1243,1243,Banque du Caire,EG378879266598486282529433357,5245515200820
1244,1244,Commercial International Bank,EG958438173724504668345557674,0691137450826
1245,1245,Faisal Islamic Bank,EG068060352078346091868697434,0989781791492
1246,1246,HSBC Egypt,EG499769457317969205542941186,2602461012222
1247,1247,Banque du Caire,EG749225587376048178561603495,0145915207736
1248,1248,National Bank of Egypt,EG136168147781304103143814772,5063675186515
1249,1249,Faisal Islamic Bank,EG767208674870017222178723802,0665656177113
1250,1250,Commercial International Bank,EG491201938749172025548906492,8463936650604
1251,1251,QNB Alahli,EG424407398714431446361638903,0057450696633
1252,1252,QNB Alahli,EG084882967328353137613001510,9990772121350
1253,1253,Banque du Caire,EG830442562583763674033061135,9382212878154
1254,1254,Banque du Caire,EG883135652414768897052407809,5254314592133
1255,1255,Commercial International Bank,EG800936361834571479732434542,5959981764458
1256,1256,National Bank of Egypt,EG921470511107569155701234807,2142409594634
1257,1257,Banque Misr,EG081719901642291368376028657,2334715147879
1258,1258,QNB Alahli,EG099311400464729659457793510,5681756836678
1259,1259,Banque Misr,EG464576075438354871933060231,5954662351979
1260,1260,National Bank of Egypt,EG881447506150504538684347372,6362079554631
1261,1261,Banque Misr,EG643765085430635200645310114,2206885203334
1262,1262,National Bank of Egypt,EG397189850485374398399917778,4673817944390
1263,1263,QNB Alahli,EG917350725380637736311619363,9670265963474
1264,1264,Commercial International Bank,EG417155132286214859653424610,5482130114772
1265,1265,Banque du Caire,EG336519657078951788501681948,4367109337553
1266,1266,QNB Alahli,EG526432950277489104560525151,6014933496485
1267,1267,Banque Misr,EG414332352256516383375042418,7270431212027
1268,1268,Commercial International Bank,EG321005844162684972542971636,4255251213631
1269,1269,Bank of Alexandria,EG777694460938529979140582901,0112090589834
1270,1270,Bank of Alexandria,EG200242793158936222134819210,0881915127740
1271,1271,Banque du Caire,EG181359197748841856252817863,9269933773630
1272,1272,National Bank of Egypt,EG556598175440438313123612771,9512751805377
1273,1273,National Bank of Egypt,EG293807883554334459034489966,5826921740513
1274,1274,Commercial International Bank,EG683698865629553144384145121,0459149237802
1275,1275,Commercial International Bank,EG586319218818334855728684895,6919321672343
1276,1276,QNB Alahli,EG169965504702488448955156567,1130278571799
1277,1277,Banque Misr,EG604160119398775231117281368,4097392716407
1278,1278,HSBC Egypt,EG685857076155864531204807711,2263295554756
1279,1279,HSBC Egypt,EG430941818641950199999813417,2003116439315
1280,1280,HSBC Egypt,EG818819407510285161232008839,1074645334243
1281,1281,Bank of Alexandria,EG763377962529671624257209234,7876694749494
1282,1282,Commercial International Bank,EG240949301025622318545877164,5346847070225
1283,1283,Banque du Caire,EG598750708814144305397817376,4904739887132
1284,1284,Commercial International Bank,EG820525005753208059320572762,7344483366254
1285,1285,HSBC Egypt,EG156276617819739387330530674,4670868758601
1286,1286,HSBC Egypt,EG131476661619629314269316960,5435775365270
1287,1287,Commercial International Bank,EG204802065222122724007284131,4968556506169
1288,1288,Banque du Caire,EG270119080860915535992146727,2624290317084
1289,1289,HSBC Egypt,EG499556089343463742099965289,8417201907476
1290,1290,Commercial International Bank,EG502538712731336714616325811,1133530228963
1291,1291,HSBC Egypt,EG771581280257365533597947698,6964885549873
1292,1292,Bank of Alexandria,EG871366337640066524530986705,8256728271580
1293,1293,Commercial International Bank,EG613639104255991475474891945,0559311811650
1294,1294,HSBC Egypt,EG913678967526306204140879086,7904768780382
1295,1295,Bank of Alexandria,EG519345399370821543490638883,9511881335706
1296,1296,Faisal Islamic Bank,EG734960335539161705489396330,5812780221838
1297,1297,QNB Alahli,EG767367198076543298202606242,7183317987529
1298,1298,National Bank of Egypt,EG775555618386533017768283566,0875672229509
1299,1299,Commercial International Bank,EG094997695197956731382667023,2702458978322
1300,1300,Bank of Alexandria,EG748388229429420200827087305,6801717904947
1301,1301,Bank of Alexandria,EG736624365346557422196027027,5539626334181
1302,1302,Commercial International Bank,EG486630868395929362915268885,7792573348150
1303,1303,Banque du Caire,EG491385942409990858919455192,5962661646533
1304,1304,QNB Alahli,EG331966695510017329733171953,1594483866829
1305,1305,Banque Misr,EG632592184568440251087341835,7514585213677
1306,1306,Commercial International Bank,EG500031159355435463136067645,4768100184162
1307,1307,Bank of Alexandria,EG909045230457111397383050882,6750324358554
1308,1308,Banque Misr,EG178503629012355070131150584,6297682303156
1309,1309,HSBC Egypt,EG777179459592190913467621901,0882562132545
1310,1310,Banque du Caire,EG395336846317524387825698153,6902785002468
1311,1311,HSBC Egypt,EG513554859241245271906344972,0247220139344
1312,1312,Faisal Islamic Bank,EG294275363023605285274559892,8505009103437
1313,1313,HSBC Egypt,EG628384880589245094016650186,4639828033506
1314,1314,HSBC Egypt,EG690340921139534147580285721,4442946514248
1315,1315,Banque Misr,EG727732237050142332227261498,8042683529076
1316,1316,Banque Misr,EG871384170161303165736447706,7797589001502
1317,1317,Commercial International Bank,EG770590987182634450746950230,7224954684647
1318,1318,National Bank of Egypt,EG342469495829753418526651706,4140724575322
1319,1319,HSBC Egypt,EG163983577223475626553468967,6679764647170
1320,1320,Commercial International Bank,EG333330490654729413631935447,6346730899283
1321,1321,Commercial International Bank,EG943865575331632522902064252,4457028914733
1322,1322,HSBC Egypt,EG766321849101794072267174960,4343254310837
1323,1323,Banque du Caire,EG956049352716887355561817121,2176766812533
1324,1324,National Bank of Egypt,EG482543054073735840240625595,9068161522881
1325,1325,Banque Misr,EG982489310710474029039183029,0052100308897
1326,1326,HSBC Egypt,EG745615794443712904371449379,5332354144262
1327,1327,HSBC Egypt,EG119390845363451229347745814,6947473972165
1328,1328,QNB Alahli,EG192915010107493864983022634,4690683208570
1329,1329,Commercial International Bank,EG852122413814355269010760849,4212985481030
1330,1330,Faisal Islamic Bank,EG326305132365340339671246056,4167208212902
1331,1331,Faisal Islamic Bank,EG948310175946730231529389294,9103566724881
1332,1332,QNB Alahli,EG770826279520529303595370500,3858750045866
1333,1333,QNB Alahli,EG360162318021602272037372730,5045192071343
1334,1334,QNB Alahli,EG135077637130534721350225812,2357437458601
1335,1335,QNB Alahli,EG529109921389264658294774634,3223856714942
1336,1336,Commercial International Bank,EG748964951832558644872363314,5332706454330
1337,1337,Bank of Alexandria,EG731918831773259789431828071,9286611821692
1338,1338,HSBC Egypt,EG786671361370159764208361952,2523684435400
1339,1339,Bank of Alexandria,EG757645489477990776634536769,3093662042593
1340,1340,Commercial International Bank,EG225157524748712624805121425,6428970795658
1341,1341,National Bank of Egypt,EG608529113793541067462383240,4683049997276
1342,1342,Commercial International Bank,EG352797716426002906465204496,7740102690329
1343,1343,National Bank of Egypt,EG052670675647151987371677119,7827228312719
1344,1344,Banque Misr,EG135401897232137097999628797,7841331317333
1345,1345,Faisal Islamic Bank,EG223144788526321628176909586,2997966919834
1346,1346,National Bank of Egypt,EG594138027029373540539295510,4068512349742
1347,1347,HSBC Egypt,EG054702997124881043002140527,0744670600147
1348,1348,Banque du Caire,EG326864353881611290629250529,7972954471945
1349,1349,QNB Alahli,EG495034489338647188876369798,5778841856834
1350,1350,QNB Alahli,EG139277700053014461357954272,4032900657914
1351,1351,Faisal Islamic Bank,EG181826853069745339993529483,2986385421747
1352,1352,Banque du Caire,EG503748005063707330894227975,6249152577320
1353,1353,Banque Misr,EG125959322777811055776552450,0248181153514
1354,1354,Bank of Alexandria,EG579900519912837045234376896,6478216306337
1355,1355,Banque Misr,EG566206932422129011360593649,9118402908503
1356,1356,Bank of Alexandria,EG977896343650137279788945302,7703046305189
1357,1357,HSBC Egypt,EG128055983589894802023381409,6465786764470
1358,1358,Bank of Alexandria,EG212730540129107101640300276,5639266920052
1359,1359,Bank of Alexandria,EG647535895484053934672499729,7439940360255
1360,1360,Faisal Islamic Bank,EG728738586513971704071119177,8724363742754
1361,1361,National Bank of Egypt,EG944603207717845984390671990,0463497987805
1362,1362,Banque Misr,EG941263177986161327757209739,3446949818234
1363,1363,HSBC Egypt,EG111597605272314668179028041,5010415663221
1364,1364,Faisal Islamic Bank,EG925410307056185605917604413,3159989297394
1365,1365,Commercial International Bank,EG246065098222959235495949459,0809782126904
1366,1366,QNB Alahli,EG065930187315796472592886842,6626381222160
1367,1367,QNB Alahli,EG984498948417351996741283067,6169121242814
1368,1368,National Bank of Egypt,EG153825503712823363728877472,8271002101831
1369,1369,Commercial International Bank,EG412361909829570891405385911,1840694175788
1370,1370,Banque Misr,EG069318098732388212038625382,0466699436499
1371,1371,HSBC Egypt,EG786729150428609992861077796,4552453974336
1372,1372,Banque Misr,EG946587203621517738761384201,9948133704533
1373,1373,Bank of Alexandria,EG185304583807962557026089163,3550543603585
1374,1374,Banque du Caire,EG547328442181893230837026829,7843339656420
1375,1375,QNB Alahli,EG317828417422260547994253226,6369666452214
1376,1376,Banque du Caire,EG846488018823797614980393427,1476758479938
1377,1377,Banque du Caire,EG926916537905564576933170982,5011728119335
1378,1378,QNB Alahli,EG304592339062830966161414959,2031338393742
1379,1379,HSBC Egypt,EG436332486484390844167638058,5344892220066
1380,1380,Commercial International Bank,EG890082199250550100198813639,0590013352248
1381,1381,Bank of Alexandria,EG805083584295083238234478939,3487731898492
1382,1382,HSBC Egypt,EG083508704893807092957949065,1095559169024
1383,1383,Faisal Islamic Bank,EG403312035100734217322962101,9876632547626
1384,1384,HSBC Egypt,EG352632612704974153924991297,6985265895737
1385,1385,National Bank of Egypt,EG264093153158177399334782435,2203837875658
1386,1386,Banque Misr,EG277553744087210848324207391,7485523745737
1387,1387,HSBC Egypt,EG590179499399928598564704408,4624848478059
1388,1388,Faisal Islamic Bank,EG686728271627586625849393907,7737654099526
1389,1389,Commercial International Bank,EG933405411381728218934199226,0255300382929
1390,1390,HSBC Egypt,EG971994504733089191531939774,2401752405485
1391,1391,National Bank of Egypt,EG520071408405715900865146653,0643675354532
1392,1392,HSBC Egypt,EG793262961439641720319934225,1956096693626
1393,1393,Faisal Islamic Bank,EG750687521070475402464867506,5937725463378
1394,1394,HSBC Egypt,EG881676834631036785356821165,7833673845108
1395,1395,Banque du Caire,EG331757129065820889808115166,4906239254010
1396,1396,QNB Alahli,EG640546790111127562954319577,9603822166049
1397,1397,Commercial International Bank,EG834150103643264152203252478,6294503744667
1398,1398,Banque Misr,EG069021377509761687572923581,2763683639438
1399,1399,QNB Alahli,EG345969354374269028711098703,7973505884597
1400,1400,Faisal Islamic Bank,EG172788777100770094325657297,8846892700303
1401,1401,Faisal Islamic Bank,EG020347970542083436590425035,7870655221337
1402,1402,Commercial International Bank,EG329953892292711157832883178,2231435656824
1403,1403,Banque Misr,EG748151211700480265878619107,4008698101189
1404,1404,National Bank of Egypt,EG507770290934536112014744624,6404649632114
1405,1405,Commercial International Bank,EG959050652307439306980358128,6006513408567
1406,1406,Banque Misr,EG596374906125627561738413622,1417361747216
1407,1407,Commercial International Bank,EG873509463791005780910930692,3862575203052
1408,1408,Banque Misr,EG712207118337804527866574000,2247579090197
1409,1409,Bank of Alexandria,EG071429885451479109652502599,8431760338887
1410,1410,Commercial International Bank,EG092694857674922170142032633,9371827008608
1411,1411,Banque du Caire,EG429182655869796297033131409,2150293027901
1412,1412,Banque Misr,EG169843044057663141648297051,2932120424551
1413,1413,Banque Misr,EG023712030090892439190931396,3934055521447
1414,1414,Banque du Caire,EG031164825040262764816283516,8171323742767
1415,1415,Faisal Islamic Bank,EG468458974594593885488705522,3071848808603
1416,1416,HSBC Egypt,EG547948374452213552369241064,3795658246903
1417,1417,Banque Misr,EG032368409834656597879579193,4076833202381
1418,1418,QNB Alahli,EG978106452341425667371296328,6291951799992
1419,1419,Banque du Caire,EG131339485792997003553962061,6823814205321
1420,1420,QNB Alahli,EG041176516481944832288497403,2995203159251
1421,1421,Banque du Caire,EG642839757968322674476779297,6597795202749
1422,1422,Bank of Alexandria,EG335392397987537747135438968,1438429515769
1423,1423,Faisal Islamic Bank,EG425547968742685283915554769,4120845354926
1424,1424,QNB Alahli,EG254072300880491065415633450,5326493604073
1425,1425,QNB Alahli,EG852687890510391658232950834,6265535170308
1426,1426,Banque du Caire,EG854705347760445839496162948,9413088806894
1427,1427,Banque Misr,EG863017782223830747281930408,5186058203130
1428,1428,National Bank of Egypt,EG420985561823993259620669248,6090309391765
1429,1429,Faisal Islamic Bank,EG424488939244233425500007220,8912428528229
1430,1430,Commercial International Bank,EG775088250902195530744176565,1556541265943
1431,1431,Bank of Alexandria,EG730039593615518590810822382,1557353235537
1432,1432,National Bank of Egypt,EG826945617006234873197946898,7047734280229
1433,1433,Bank of Alexandria,EG582417051273651848794754377,8927015857276
1434,1434,HSBC Egypt,EG037142884188789022382386566,5779161839407
1435,1435,Commercial International Bank,EG684113723886365743554166800,4275416449031
1436,1436,Banque du Caire,EG692301520844562204607435188,7761403069340
1437,1437,Faisal Islamic Bank,EG488008737125391799774661379,8151817025717
1438,1438,Banque du Caire,EG073027118032494039864816950,6463078075666
1439,1439,Banque du Caire,EG280760499553487984363950866,3858598351748
1440,1440,Faisal Islamic Bank,EG179170745429246417229610432,6575715825616
1441,1441,QNB Alahli,EG634927637760760456581957426,0927856724534
1442,1442,QNB Alahli,EG451947676203605245749200327,4883951556307
1443,1443,QNB Alahli,EG176724468983222379925499090,8022414062587
1444,1444,Bank of Alexandria,EG243959016255767472423132539,1517350711619
1445,1445,Banque Misr,EG513942047136509044788207433,9091968958634
1446,1446,National Bank of Egypt,EG158003027219398202645389405,6644431115408
1447,1447,QNB Alahli,EG562589900999424696048366871,6517697693102
1448,1448,Faisal Islamic Bank,EG477938476236161706792514144,6208026681407
1449,1449,QNB Alahli,EG435811825286659092130955245,3734981888481
1450,1450,Banque Misr,EG508505439283386067020623207,2776978398181
1451,1451,HSBC Egypt,EG105795661378953219253817217,0402652582369
1452,1452,Commercial International Bank,EG059535465459894499021263409,7998833564034
1453,1453,QNB Alahli,EG955079449750231189906149521,0000054112487
1454,1454,QNB Alahli,EG357597149059262909640142998,9905958403742
1455,1455,Banque du Caire,EG482358603279240261293653078,1366059676051
1456,1456,Banque Misr,EG026297840670415184735346017,8268088912008
1457,1457,Bank of Alexandria,EG952462161372772020810150651,8879009675281
1458,1458,QNB Alahli,EG504929573190410893128800368,1877073026028
1459,1459,Commercial International Bank,EG115398375414770250726216211,0864401361388
1460,1460,HSBC Egypt,EG266545039249789073218475069,8021118057591
1461,1461,Banque du Caire,EG356911614816764806565086841,2960053923162
1462,1462,Banque Misr,EG879281603636908677503139038,7647418322080
1463,1463,HSBC Egypt,EG525693822311814931146751360,5902860698680
1464,1464,Faisal Islamic Bank,EG789456431265156602811577844,0841923961628
1465,1465,Banque Misr,EG478701499500559017191900582,7467640974291
1466,1466,Faisal Islamic Bank,EG756532117597435722755482465,7212945202194
1467,1467,Faisal Islamic Bank,EG451842476012379043572325543,6098034440647
1468,1468,Faisal Islamic Bank,EG087256650782912291392676576,9883415148457
1469,1469,National Bank of Egypt,EG094840572687894618655887762,5488773324922
1470,1470,National Bank of Egypt,EG099311755347290337601758263,5715382638180
1471,1471,Commercial International Bank,EG050098759420478314699328556,7310976726221
1472,1472,Banque du Caire,EG814786577167494963182775203,1608839871020
1473,1473,National Bank of Egypt,EG584436858923216069977318926,4112703076440
1474,1474,Commercial International Bank,EG609068179350338660908555435,5969039293486
1475,1475,Bank of Alexandria,EG344885667934376381479758463,2002206485961
1476,1476,QNB Alahli,EG823443844332460514760472895,8413143864587
1477,1477,National Bank of Egypt,EG551245375187288187792201355,7203230062897
1478,1478,Banque du Caire,EG986745657813071318011518879,1576538439959
1479,1479,National Bank of Egypt,EG851823148186994873216751950,6663484770916
1480,1480,National Bank of Egypt,EG674582296297293699998803079,1585020537995
1481,1481,Commercial International Bank,EG179550714370827105331813405,9030798976269
1482,1482,QNB Alahli,EG596521650527490364225600693,3474054674020
1483,1483,QNB Alahli,EG090737070098523140658548557,4112367649111
1484,1484,Banque Misr,EG928424888602282050259491372,1225958222593
1485,1485,Banque du Caire,EG275877159620610749937995668,1101864547290
1486,1486,HSBC Egypt,EG360513371501522723682069097,0858896856878
1487,1487,QNB Alahli,EG651871691965884686598353938,9894420816858
1488,1488,QNB Alahli,EG038915831066532362524037832,5271479007115
1489,1489,HSBC Egypt,EG137878282241016970204438233,9917142926926
1490,1490,National Bank of Egypt,EG901233009653503835496769860,5455978205655
1491,1491,Commercial International Bank,EG410574176321325514320305970,2557278716743
1492,1492,Banque du Caire,EG980203647040505535188940669,4585047647994
1493,1493,Banque du Caire,EG088525093087687213264282875,1863630833322
1494,1494,Bank of Alexandria,EG741072284014866809371838200,6876115012525
1495,1495,Banque du Caire,EG020540968005035792291968203,1692584892824
1496,1496,National Bank of Egypt,EG061224409981415151045801171,5818003533688
1497,1497,Commercial International Bank,EG155391033663873277961365518,6434339429448
1498,1498,Banque Misr,EG142510144381105849187400607,8425735757824
1499,1499,HSBC Egypt,EG660617509198127635882499048,6821138887535
1500,1500,QNB Alahli,EG262637579298907637665758075,6479902659833
1501,1501,Bank of Alexandria,EG307370100455964120180476510,9136348059927
1502,1502,Commercial International Bank,EG877683869634830113951862585,9320460805819
1503,1503,Banque Misr,EG089412102100509616716683876,6722745877681
1504,1504,HSBC Egypt,EG080662336648953746734033408,9446536975299
1505,1505,Banque Misr,EG496849022695782025149526792,8485079856604
1506,1506,Commercial International Bank,EG196165269814349417489271053,6235366316858
1507,1507,Banque Misr,EG068359753500495814041025812,7483024068817
1508,1508,Faisal Islamic Bank,EG590257153628272670349233955,8340306231241
1509,1509,Faisal Islamic Bank,EG920702575153249733786407896,3680010612750
1510,1510,Bank of Alexandria,EG223145803584843305501039931,9729654889585
1511,1511,Commercial International Bank,EG803180942229071700573523227,7676363846313
1512,1512,Bank of Alexandria,EG987243705194004232951918938,7398381945182
1513,1513,Banque du Caire,EG293754613924056725091691061,5330477425674
1514,1514,Faisal Islamic Bank,EG686301940636421989418989384,3147632802016
1515,1515,National Bank of Egypt,EG220911448075291894184305784,5418314963614
1516,1516,QNB Alahli,EG470123895651230884262978533,4318483243554
1517,1517,Banque Misr,EG549448559354094466983591005,4491197912352
1518,1518,Bank of Alexandria,EG724343302692327888977806091,9629450558037
1519,1519,Faisal Islamic Bank,EG745077226386993567825007677,2178164453300
1520,1520,Banque du Caire,EG030788504193474076139385129,6617736586491
1521,1521,Banque Misr,EG498199328279316885658385901,1807223001239
1522,1522,Banque Misr,EG149341989557610056183299654,2727092324601
1523,1523,National Bank of Egypt,EG356042982899355322361420133,9503422938590
1524,1524,Bank of Alexandria,EG507621934247667758491398376,1632856343211
1525,1525,Banque du Caire,EG505051823306612604871827045,7032113761814
1526,1526,National Bank of Egypt,EG197266048889058617059361524,2576383420161
1527,1527,National Bank of Egypt,EG740982250791833030882518670,7040009502277
1528,1528,Banque Misr,EG275028830606561335633945636,1980620316149
1529,1529,Banque du Caire,EG601660549446547852158873948,1969367232135
1530,1530,National Bank of Egypt,EG611695630647676020357605800,7893076421157
1531,1531,Faisal Islamic Bank,EG944493571871635965296395587,3942675084553
1532,1532,QNB Alahli,EG701069434690430921866756699,0519647551238
1533,1533,QNB Alahli,EG924614587162497205765123305,3464288654576
1534,1534,HSBC Egypt,EG930437492893243589227749934,0642085302743
1535,1535,QNB Alahli,EG221132588998933021828771381,9468676117273
1536,1536,QNB Alahli,EG700375763492565682272185020,1046017857342
1537,1537,QNB Alahli,EG573083536618803544456440219,6935813149174
1538,1538,Banque Misr,EG651050805948193997319549663,4405925643355
1539,1539,Bank of Alexandria,EG309433053636173463246191196,9933984342213
1540,1540,Banque du Caire,EG810148713688836420168714480,5094757611777
1541,1541,Banque Misr,EG726012135655261064655975584,6512645511824
1542,1542,HSBC Egypt,EG636786676737234592086028624,3943954661240
1543,1543,Bank of Alexandria,EG682604762879829726723558738,3027656307613
1544,1544,National Bank of Egypt,EG236952226507043505013211857,1303822123557
1545,1545,Banque Misr,EG726332882402921075059045021,9476300731141
1546,1546,National Bank of Egypt,EG591543286357556461117300884,7942164984139
1547,1547,QNB Alahli,EG704303522199440446350337238,9789295169532
1548,1548,Commercial International Bank,EG426108110317253320202016673,1047088950009
1549,1549,HSBC Egypt,EG187024200431193495400806821,2814144641573
1550,1550,Banque Misr,EG668644275992684507042960044,3847547232449
1551,1551,QNB Alahli,EG282317893683944477609298757,8590071224565
1552,1552,QNB Alahli,EG744763322698466983172172758,5815855436798
1553,1553,QNB Alahli,EG061743462443557625295154099,9691479271814
1554,1554,Faisal Islamic Bank,EG243949026772972698297692949,0136049149362
1555,1555,Faisal Islamic Bank,EG619451767907094852135034853,1491656809880
1556,1556,QNB Alahli,EG272882861514555923151319375,6891392342409
1557,1557,QNB Alahli,EG823704770264920094423899416,8169119579565
1558,1558,QNB Alahli,EG838010831546597357980263126,9242494302070
1559,1559,Faisal Islamic Bank,EG692309068616071172611727302,9036415422684
1560,1560,Commercial International Bank,EG062351397995510785773138092,0112069165734
1561,1561,QNB Alahli,EG088507910662272370146724208,8558303756975
1562,1562,Commercial International Bank,EG263637987969977663060942161,5256597178642
1563,1563,Commercial International Bank,EG796084724708915467375870475,3928066198615
1564,1564,HSBC Egypt,EG516356586932236115595674247,4765450850661
1565,1565,Commercial International Bank,EG160284813956540217403856856,1836649169512
1566,1566,Bank of Alexandria,EG796326115929173973839890454,1111075664195
1567,1567,National Bank of Egypt,EG676606343093487505626487043,4226769043760
1568,1568,Banque Misr,EG350842810039378264438131737,6338288436960
1569,1569,Banque Misr,EG052516502734365017921914472,6116821036796
1570,1570,Bank of Alexandria,EG752118433093541522054556401,0992150302752
1571,1571,Banque Misr,EG251597156803598091069005683,9966773689643
1572,1572,Banque Misr,EG329091107938908676689939838,1722830509708
1573,1573,National Bank of Egypt,EG471839386595470811064258479,4731532289890
1574,1574,Bank of Alexandria,EG939080737990438069830659807,3835599668351
1575,1575,Banque du Caire,EG180588350770341706084614149,4528163595593
1576,1576,Commercial International Bank,EG474338391004046776369928129,3021792117127
1577,1577,Commercial International Bank,EG499280418965211173858691823,6613944806803
1578,1578,Faisal Islamic Bank,EG358296660739562032735243634,5249749351538
1579,1579,Faisal Islamic Bank,EG499191453099892563446474289,7014961403006
1580,1580,QNB Alahli,EG145718144020499082376715366,5275760207064
1581,1581,Banque du Caire,EG265338468063938538050811392,9416949898616
1582,1582,National Bank of Egypt,EG373974633822506321386718837,8663333326459
1583,1583,Banque Misr,EG683028163558221857977388054,7004099363990
1584,1584,Banque du Caire,EG259538307631339311135258087,1902469470851
1585,1585,Commercial International Bank,EG196243021914684947228717092,2552520073135
1586,1586,Banque Misr,EG644452464339589574869805254,8787391977089
1587,1587,Faisal Islamic Bank,EG976749841930365394304643838,0353433435951
1588,1588,National Bank of Egypt,EG424511899137536389443250161,1272021097838
1589,1589,National Bank of Egypt,EG928430800183935256428918378,4557004130357
1590,1590,QNB Alahli,EG434398052767778408806559849,9661307380061
1591,1591,National Bank of Egypt,EG110517202180260974143419133,0936586051336
1592,1592,HSBC Egypt,EG376860416277186533102037339,0488326155509
1593,1593,HSBC Egypt,EG944369841437470258383118017,2249500590083
1594,1594,HSBC Egypt,EG414175252398511480955649013,4331850797636
1595,1595,HSBC Egypt,EG588534309740935729013497151,0636055834815
1596,1596,HSBC Egypt,EG102515644641520455837160628,4683633695957
1597,1597,Commercial International Bank,EG417633128143897655207116371,1803101242587
1598,1598,Commercial International Bank,EG240661098051305702441151349,4828185024175
1599,1599,Bank of Alexandria,EG510291820625601817466717823,8477764688919
1600,1600,National Bank of Egypt,EG866520490241499214811917672,7694380958846
1601,1601,HSBC Egypt,EG682357273669722790957719423,9341225685042
1602,1602,Faisal Islamic Bank,EG711991687146141800271290836,6368961168047
1603,1603,Faisal Islamic Bank,EG435389607594429028786566217,0161048288708
1604,1604,QNB Alahli,EG203160141618085810348727313,5396051928451
1605,1605,Commercial International Bank,EG531141422321401373707387981,9224558393827
1606,1606,Commercial International Bank,EG759732664878950810801864079,4877250954910
1607,1607,Banque du Caire,EG065883944996177497588635965,8017848559193
1608,1608,Commercial International Bank,EG465140790753591988267512591,8851807764451
1609,1609,Faisal Islamic Bank,EG761209875417937421662132601,3234915437104
1610,1610,QNB Alahli,EG676917371021475592681269043,0000336381494
1611,1611,National Bank of Egypt,EG953189823742931642882415140,4997832939132
1612,1612,Banque du Caire,EG719202740420610596908942710,6576727180048
1613,1613,Commercial International Bank,EG490346719078885923876911650,4338568949263
1614,1614,Faisal Islamic Bank,EG673886216409011256039032701,8181241011924
1615,1615,Banque du Caire,EG557269429151241984803842981,4380531616971
1616,1616,Banque Misr,EG586873908006489677166597038,5512500035881
1617,1617,Banque Misr,EG358593506781789813058688703,6378596565329
1618,1618,HSBC Egypt,EG091297459871141647401801220,8174837025191
1619,1619,QNB Alahli,EG220519824823808503618319835,5731846635194
1620,1620,Banque du Caire,EG863960085623372029413275382,4677386147079
1621,1621,Commercial International Bank,EG544573865445386994325249733,3642598574059
1622,1622,National Bank of Egypt,EG067850767514363495576835492,1614634406777
1623,1623,National Bank of Egypt,EG161791567523361252094522328,4157834548511
1624,1624,Banque du Caire,EG665312240756689145991639617,6117066729805
1625,1625,Faisal Islamic Bank,EG040572031245043605335242387,2278689769919
1626,1626,Commercial International Bank,EG563905844239510246591869360,4327945023889
1627,1627,Commercial International Bank,EG987798943861014392531280781,3486182924528
1628,1628,Faisal Islamic Bank,EG375416669093769582397251189,1830078647251
1629,1629,Banque du Caire,EG417823961183930993622957288,0206005773492
1630,1630,Banque Misr,EG441514433687910185824583400,2790656624103
1631,1631,National Bank of Egypt,EG418417243525148573127969792,2095050618460
1632,1632,Banque Misr,EG159735845610732710677534546,8833543678096
1633,1633,Commercial International Bank,EG730367969761726715106225129,4144443497497
1634,1634,HSBC Egypt,EG197023213346944422237218874,7927961124741
1635,1635,National Bank of Egypt,EG284839528916320409561842214,4356319631358
1636,1636,Bank of Alexandria,EG506564771047075905699668600,8003081868749
1637,1637,National Bank of Egypt,EG649169099797560978067266315,7341515986053
1638,1638,National Bank of Egypt,EG958464169884534799654338491,9355322252359
1639,1639,Banque du Caire,EG053052602087712942822599421,1504249424398
1640,1640,QNB Alahli,EG980436130964840265612098916,6324482052396
1641,1641,Bank of Alexandria,EG357968555263402069024508544,8265972359169
1642,1642,Commercial International Bank,EG121715953360179650375119996,9672042485732
1643,1643,Faisal Islamic Bank,EG306673763260916327333767045,5904204622318
1644,1644,National Bank of Egypt,EG382258093555315569927777261,7207901756695
1645,1645,Commercial International Bank,EG697870101824452672567957774,0439500830481
1646,1646,QNB Alahli,EG860017279155280840162557095,2781373346215
1647,1647,Commercial International Bank,EG804815453978496214095286536,7438243753560
1648,1648,HSBC Egypt,EG466623693301037135117381474,1749551699687
1649,1649,Commercial International Bank,EG529983938536556051656936931,1033642674021
1650,1650,Commercial International Bank,EG259299646083736172886095019,4096005151106
1651,1651,Bank of Alexandria,EG978010738470870643493489289,5134709725988
1652,1652,HSBC Egypt,EG923483284945159502376230860,2027193042787
1653,1653,Commercial International Bank,EG291053221285147557581661361,1008149059810
1654,1654,Commercial International Bank,EG729200567016490158868465716,6879127917790
1655,1655,Bank of Alexandria,EG568855183999713058819111511,4324384736808
1656,1656,HSBC Egypt,EG577544638859851377934304504,8252973891704
1657,1657,Bank of Alexandria,EG966138812275508314544683359,3274012276496
1658,1658,Faisal Islamic Bank,EG078082723518478994574866699,3135009589504
1659,1659,Banque du Caire,EG756180057707879197845530887,0937546788816
1660,1660,National Bank of Egypt,EG489747726271036669532834714,4042014378992
1661,1661,QNB Alahli,EG887262130565373266064628918,1650428382755
1662,1662,National Bank of Egypt,EG040070924863955654703869218,9758469195002
1663,1663,HSBC Egypt,EG466259967094991117071549514,6504681579462
1664,1664,Commercial International Bank,EG638244255547805947327601894,2809897493463
1665,1665,Commercial International Bank,EG293827345165236388308799659,4743196842629
1666,1666,HSBC Egypt,EG195687049010098279097274354,4717739806446
1667,1667,National Bank of Egypt,EG209899062146814088908035770,5094783063823
1668,1668,National Bank of Egypt,EG420539201329176550751108845,9934702019568
1669,1669,Commercial International Bank,EG240668331278591376183595113,1984907471636
1670,1670,HSBC Egypt,EG763491642398232171882293095,8080921850153
1671,1671,QNB Alahli,EG377829639335591749742327989,2467190485863
1672,1672,Banque Misr,EG907278018952635911031328072,5592028884715
1673,1673,Faisal Islamic Bank,EG861914691182488313260778380,1166601699724
1674,1674,Banque du Caire,EG405241855812476420196216754,0679690065039
1675,1675,Faisal Islamic Bank,EG167429135673030524558096459,1397684923732
1676,1676,Faisal Islamic Bank,EG837492403329390575255793698,3622524409732
1677,1677,Banque du Caire,EG113349013737464345884041423,2252164906946
1678,1678,Bank of Alexandria,EG627613658966714706265131196,1206452008246
1679,1679,Commercial International Bank,EG802356748820775234852335130,0743029720005
1680,1680,Commercial International Bank,EG212130194326983907505433074,9773127106481
1681,1681,Faisal Islamic Bank,EG037794991773595371288590020,2638574844545
1682,1682,Faisal Islamic Bank,EG314088725705119727778446374,5777088030790
1683,1683,HSBC Egypt,EG365862730782118843700985171,3323784724858
1684,1684,QNB Alahli,EG742489443450526941449032140,1986340703674
1685,1685,Faisal Islamic Bank,EG239174152358077266951043068,8451728036919
1686,1686,Commercial International Bank,EG127126905817605645605634117,9404316029099
1687,1687,HSBC Egypt,EG606593564189118112448106641,6337140986754
1688,1688,HSBC Egypt,EG188713776553529986009024556,3561579330465
1689,1689,Bank of Alexandria,EG216609585282698749931362985,8119286229996
1690,1690,Banque du Caire,EG685695462532821341570827014,2222425468597
1691,1691,QNB Alahli,EG236537268279665755254376282,6886165965131
1692,1692,Commercial International Bank,EG663677049097444316141579434,3367587831026
1693,1693,QNB Alahli,EG650367678737220648924812293,9352003410968
1694,1694,Faisal Islamic Bank,EG151832710345215629286034192,3831416855759
1695,1695,Bank of Alexandria,EG622877385410168526721165737,6511738646884
1696,1696,Faisal Islamic Bank,EG624298197365159058860194278,4997850117212
1697,1697,Banque du Caire,EG458122333500980276467685580,0099972183615
1698,1698,QNB Alahli,EG766366589058314292188692954,9923050837887
1699,1699,Faisal Islamic Bank,EG616135275959499568876581670,7581170379710
1700,1700,Banque du Caire,EG945309885780893452427824758,3237648925843
1701,1701,QNB Alahli,EG686784950845376910915976916,5788241365360
1702,1702,National Bank of Egypt,EG952451378119516679977805841,6080523719414
1703,1703,Bank of Alexandria,EG421608373686622918946534418,2305253494406
1704,1704,Faisal Islamic Bank,EG927530649080780369804190311,9145225566917
1705,1705,Faisal Islamic Bank,EG367384938207058181173185924,0514045327430
1706,1706,Bank of Alexandria,EG119156478147003731773554856,1331934845260
1707,1707,QNB Alahli,EG926559319825707893480145966,3402743275207
1708,1708,HSBC Egypt,EG312595646045794175973632024,8998659980143
1709,1709,Banque du Caire,EG156144586838130109087467433,6411283808424
1710,1710,Faisal Islamic Bank,EG986062124881015816264993741,9675789584555
1711,1711,National Bank of Egypt,EG420155627508166731830501667,4953282814361
1712,1712,Bank of Alexandria,EG435362973208571535775919162,1652737309202
1713,1713,HSBC Egypt,EG400824345638019560259935520,1828940197041
1714,1714,National Bank of Egypt,EG468725737813385828915036883,4933281719511
1715,1715,National Bank of Egypt,EG307880429488067353218056481,0084522881875
1716,1716,Bank of Alexandria,EG126224885905546870821672548,6899629606262
1717,1717,Commercial International Bank,EG202972626736113075304156812,1621403412284
1718,1718,QNB Alahli,EG815526242729636348516329583,9841603636712
1719,1719,Banque du Caire,EG530401242855161252167068553,2886359336972
1720,1720,HSBC Egypt,EG694805792454406349012119165,8440586106437
1721,1721,QNB Alahli,EG192647836226520074029836111,9129080616782
1722,1722,Bank of Alexandria,EG338309283627624031318599999,9802346335910
1723,1723,QNB Alahli,EG566240266904000152771586399,8816234498973
1724,1724,National Bank of Egypt,EG262938860374067601264333980,9028206893954
1725,1725,Banque Misr,EG121789588539422053711585443,3929058431426
1726,1726,Faisal Islamic Bank,EG101777829718763906093111091,2020541272977
1727,1727,Banque du Caire,EG487494020321316092066591222,5272428186544
1728,1728,HSBC Egypt,EG976301584929408812019547562,6468117741080
1729,1729,Bank of Alexandria,EG682874989637172375121498626,8217382163539
1730,1730,Banque Misr,EG916755266051402789482443072,8619881941764
1731,1731,QNB Alahli,EG710083272392163390361814650,6248865576814
1732,1732,HSBC Egypt,EG507990694618530654098948419,6164339081498
1733,1733,Banque du Caire,EG935077237177706486050068922,9331280199433
1734,1734,HSBC Egypt,EG111595252744981251470356611,4852332725637
1735,1735,QNB Alahli,EG780401190432233841546421657,7026070071268
1736,1736,National Bank of Egypt,EG149152160347135576974766983,1120755023262
1737,1737,Bank of Alexandria,EG435386087858290850861246492,7842606998622
1738,1738,QNB Alahli,EG489665914081754496025512715,5945035715599
1739,1739,Faisal Islamic Bank,EG813094685102673073237136463,7405413743038
1740,1740,Faisal Islamic Bank,EG764899703745264176340054512,8574684400279
1741,1741,Faisal Islamic Bank,EG532542584974282567127877113,9799269298065
1742,1742,National Bank of Egypt,EG210763708086833118341803710,5159105791561
1743,1743,National Bank of Egypt,EG163185884722556954051362209,7227383730155
1744,1744,Commercial International Bank,EG985937930211113297032457913,1066192067602
1745,1745,National Bank of Egypt,EG503910071274771617943030983,9769470652565
1746,1746,HSBC Egypt,EG589032242597315329944383819,2471718387405
1747,1747,Faisal Islamic Bank,EG165788452004433805115507291,8752955353138
1748,1748,National Bank of Egypt,EG864104828529751647197230987,8853444926613
1749,1749,QNB Alahli,EG765957327693631032212563934,9091263988921
1750,1750,Faisal Islamic Bank,EG206323608162027694092336777,8727970241737
1751,1751,Faisal Islamic Bank,EG678993800205534601585705026,0812192692050
1752,1752,QNB Alahli,EG988166972595379472720337576,2701471151259
1753,1753,QNB Alahli,EG180207858300936972397600685,1179333740368
1754,1754,QNB Alahli,EG908776440599994703947406045,9934506852885
1755,1755,Banque du Caire,EG171399841499088802190180584,4576812216511
1756,1756,National Bank of Egypt,EG812281821617846915788407585,9162615144950
1757,1757,Bank of Alexandria,EG837995879674400088998015319,4893666755521
1758,1758,Commercial International Bank,EG282347207884530186468735068,1231871369986
1759,1759,National Bank of Egypt,EG134838904913687540756641069,4826890038725
1760,1760,Commercial International Bank,EG653482494384204490944025028,7338999060089
1761,1761,Banque Misr,EG945838920016345436975194814,1385737400122
1762,1762,Commercial International Bank,EG646951492406727962194444130,4778764556530
1763,1763,HSBC Egypt,EG533755637634476379920105721,1473845484659
1764,1764,Faisal Islamic Bank,EG260216517436512498873934634,9434804376424
1765,1765,QNB Alahli,EG374173403424138040635170973,9300438745242
1766,1766,HSBC Egypt,EG033048108300809501374793052,5638920999696
1767,1767,HSBC Egypt,EG318404856025649149752545961,3480519248414
1768,1768,Banque du Caire,EG457453815609675680692149452,7004790842030
1769,1769,Bank of Alexandria,EG276848376760069331780461926,2147256089419
1770,1770,National Bank of Egypt,EG277451128434568939520193021,7327793487227
1771,1771,Commercial International Bank,EG369754384100500622860231245,1126860251245
1772,1772,Banque du Caire,EG333935444217943055297276525,7899041346303
1773,1773,Commercial International Bank,EG231328423254134946614830018,7838637151751
1774,1774,QNB Alahli,EG375618813970693250244068436,0073186202644
1775,1775,Faisal Islamic Bank,EG736694463349680622646998300,1683024920117
1776,1776,National Bank of Egypt,EG649073091034492896936861477,8432556233492
1777,1777,Faisal Islamic Bank,EG278196453249671487724864017,5224639663112
1778,1778,Commercial International Bank,EG918737268917252270911192245,8886367586668
1779,1779,Faisal Islamic Bank,EG389454702876559862986017164,5220220519980
1780,1780,Banque du Caire,EG708115631330015296962209903,9727704403377
1781,1781,Bank of Alexandria,EG037740322407084513560234411,3037810706533
1782,1782,Bank of Alexandria,EG277967606767974014476248101,6768075507624
1783,1783,Commercial International Bank,EG699292313825125447992357004,5961568762834
1784,1784,Banque Misr,EG461758089822534831878658739,7330032823034
1785,1785,Bank of Alexandria,EG578165726357697186878677135,1871413785721
1786,1786,Faisal Islamic Bank,EG028779186781930729960318224,6939853482394
1787,1787,Commercial International Bank,EG919720557885846446966915832,3578879868863
1788,1788,Bank of Alexandria,EG221678986576319647806083333,9007530998130
1789,1789,Bank of Alexandria,EG393221638708120226157142933,7647192719488
1790,1790,Faisal Islamic Bank,EG550830779933179511628849286,3725088990439
1791,1791,Commercial International Bank,EG063507332434703526305685140,6586936494380
1792,1792,Banque Misr,EG507046793131613317764707993,0943646661031
1793,1793,HSBC Egypt,EG214245781408402531139423521,4928010631501
1794,1794,Banque du Caire,EG189398287362618619612679116,1883554882882
1795,1795,National Bank of Egypt,EG972625274016895158691765704,2277446682396
1796,1796,Faisal Islamic Bank,EG571049824461876703722953505,6631550182213
1797,1797,Faisal Islamic Bank,EG670879873671912977289787836,1483145819996
1798,1798,HSBC Egypt,EG431379712695073395634980536,2506667211827
1799,1799,HSBC Egypt,EG547463827641932331241781951,2217563699032
1800,1800,Commercial International Bank,EG538113211500026975640374091,8516823778826
1801,1801,Commercial International Bank,EG661008777664674850938996991,5357247801868
1802,1802,Faisal Islamic Bank,EG798001780742048352398706521,3742492199700
1803,1803,Banque Misr,EG616327267650411178215508997,7578510130895
1804,1804,QNB Alahli,EG748165798317684519979919849,9740638255344
1805,1805,QNB Alahli,EG927767213256465236481594285,8187008275474
1806,1806,HSBC Egypt,EG062794681859512997337762153,2425917481578
1807,1807,Banque Misr,EG596246687136138257640625279,8367792176822
1808,1808,Banque Misr,EG585644405327832862435818319,2538050440234
1809,1809,Commercial International Bank,EG448926926260700612466953256,9699811421916
1810,1810,Bank of Alexandria,EG322739145462383665766034897,2742362360290
1811,1811,Bank of Alexandria,EG852075205197968314864373560,3492947405171
1812,1812,QNB Alahli,EG506263634593338953551989424,4434075643337
1813,1813,Commercial International Bank,EG842110679874404861522006996,0376219008656
1814,1814,Commercial International Bank,EG857983233604556398256059221,1450296341439
1815,1815,Bank of Alexandria,EG548210748577241432573377247,7102974528455
1816,1816,Commercial International Bank,EG989452078046256982480357292,3755958948928
1817,1817,Banque Misr,EG137482576383295063988020983,2712115424805
1818,1818,National Bank of Egypt,EG800975595215888545968354006,8173692622366
1819,1819,QNB Alahli,EG980679733264077372107982690,7352794371892
1820,1820,Bank of Alexandria,EG243360107474886656534852872,2502054895811
1821,1821,QNB Alahli,EG447273519081323903775456218,1476945143681
1822,1822,National Bank of Egypt,EG040195031028691933235195995,7838471236074
1823,1823,Commercial International Bank,EG178127617152146713796479802,6164004814707
1824,1824,Faisal Islamic Bank,EG418160183055279700861287384,7856829043690
1825,1825,National Bank of Egypt,EG149125609914418968274646582,4352029199929
1826,1826,HSBC Egypt,EG195407529537346054184456533,8703102310224
1827,1827,Faisal Islamic Bank,EG298366755264281052549659581,8967069359673
1828,1828,QNB Alahli,EG312676415217800405715056685,6523618344086
1829,1829,Faisal Islamic Bank,EG413191426408590080706570624,8465902622214
1830,1830,Commercial International Bank,EG204802137987068129850224746,3199621836279
1831,1831,National Bank of Egypt,EG713880028778617908462511597,3518177112229
1832,1832,Banque Misr,EG783076491205408255549057524,1912208465707
1833,1833,HSBC Egypt,EG761679072487867401927210348,5049200214791
1834,1834,HSBC Egypt,EG938106447106234929614531779,5134000014018
1835,1835,Bank of Alexandria,EG382155516995085609273218201,4002676825319
1836,1836,Banque du Caire,EG755619099832571345793645036,5326734283990
1837,1837,Commercial International Bank,EG169513118204832830876852117,8725781602465
1838,1838,HSBC Egypt,EG089470638788887176922908293,5478260876381
1839,1839,National Bank of Egypt,EG623739989372013314371231877,4215024795000
1840,1840,HSBC Egypt,EG563320617321815058386030364,3130259692263
1841,1841,Banque Misr,EG534729224786241752638522453,1539191723556
1842,1842,Commercial International Bank,EG304642119541259587519777242,3980693844864
1843,1843,HSBC Egypt,EG046503604453276686912177135,3307601407542
1844,1844,Faisal Islamic Bank,EG235602427737465295340150236,3477842982504
1845,1845,Faisal Islamic Bank,EG444083822151131180723379743,4036254244571
1846,1846,Commercial International Bank,EG844539366727715822228871312,5466043072214
1847,1847,QNB Alahli,EG889904713826660374230446743,2087952299435
1848,1848,Banque du Caire,EG459102753540122002588548175,2952453790582
1849,1849,Banque du Caire,EG695630389775317761679662645,3697111728384
1850,1850,HSBC Egypt,EG785484599297132319025516611,6594220798467
1851,1851,National Bank of Egypt,EG550425676584288316500254399,4168023198694
1852,1852,Commercial International Bank,EG724901748822143882878974541,7930126587214
1853,1853,Commercial International Bank,EG686830733469436895814924710,5352198415015
1854,1854,Banque du Caire,EG090689479256424248097285008,6114736620565
1855,1855,National Bank of Egypt,EG074113527899124299986603759,4472360449802
1856,1856,Bank of Alexandria,EG370410781554613883150385636,9691037105895
1857,1857,Banque Misr,EG750821878694263817040505923,5054975693875
1858,1858,Faisal Islamic Bank,EG745999956408674384366498553,6241181298455
1859,1859,National Bank of Egypt,EG098014774678605839239755195,4157722020710
1860,1860,National Bank of Egypt,EG333136203643834280374858862,3005920383674
1861,1861,Commercial International Bank,EG507322008676758532557810214,6460072076855
1862,1862,Banque Misr,EG632154239397367372238675451,6894584983505
1863,1863,Faisal Islamic Bank,EG698466379959194648587437832,9488229529743
1864,1864,National Bank of Egypt,EG924812346558415600675826766,1265202867592
1865,1865,QNB Alahli,EG745756832023243573187282038,5596345782818
1866,1866,Bank of Alexandria,EG581048142646298697341892721,0243204999797
1867,1867,QNB Alahli,EG144480689823823653492642023,7953368609476
1868,1868,HSBC Egypt,EG262389726321071593015294039,7287538501421
1869,1869,HSBC Egypt,EG270601027003044408112966786,6637512121290
1870,1870,National Bank of Egypt,EG717460983953985436330904816,7728367172761
1871,1871,Banque Misr,EG495458566876650738826162744,2328571885951
1872,1872,HSBC Egypt,EG712491499209560492266799868,5798195429500
1873,1873,HSBC Egypt,EG431461560867132893464472635,3086455121540
1874,1874,Banque Misr,EG132172643114435943943874688,4076217331957
1875,1875,Banque du Caire,EG051097628516785469358669778,2887253780005
1876,1876,Banque Misr,EG964203819447521934976888891,5534921727502
1877,1877,Bank of Alexandria,EG510565908057549579274749287,5916971864202
1878,1878,Bank of Alexandria,EG666181470460490602915016968,3499061570064
1879,1879,National Bank of Egypt,EG200761370828279286004902807,7713351168072
1880,1880,Faisal Islamic Bank,EG249409554624085864685096934,3408939679422
1881,1881,HSBC Egypt,EG768961377347960754042670719,7304397256759
1882,1882,Bank of Alexandria,EG768787119235961471476729020,3070218326467
1883,1883,Banque Misr,EG844769062344669890581558613,4354123191839
1884,1884,QNB Alahli,EG775379571222744409416669680,6842994584640
1885,1885,Faisal Islamic Bank,EG742822719847930708414092733,6838736204096
1886,1886,Banque du Caire,EG121185254224309938588058193,0565699560085
1887,1887,Faisal Islamic Bank,EG649733610027936536559847635,9724572906818
1888,1888,HSBC Egypt,EG328133159795269713581296126,9245339646615
1889,1889,Banque Misr,EG522654250251434696084001840,4310887870182
1890,1890,Faisal Islamic Bank,EG814817393481636817544806541,9264220443753
1891,1891,Banque Misr,EG886556117631306254660604314,3006399718644
1892,1892,Commercial International Bank,EG376320501086289521780474026,1228650587034
1893,1893,Commercial International Bank,EG251009141597238371911226895,3593888576773
1894,1894,Bank of Alexandria,EG913292678437489514486664629,0271346395338
1895,1895,Faisal Islamic Bank,EG752003216130612044394238698,9355045352471
1896,1896,HSBC Egypt,EG213136079089434006298213074,4845118223055
1897,1897,Commercial International Bank,EG377392661553800700923217943,2451229902412
1898,1898,Bank of Alexandria,EG626224516678266227158921533,3201220563219
1899,1899,HSBC Egypt,EG220900813065767425046413063,4562660187789
1900,1900,Faisal Islamic Bank,EG864567369212519132435043838,2229721447009
1901,1901,QNB Alahli,EG164768614598364974393334440,4781732408229
1902,1902,National Bank of Egypt,EG143239356027501236804133704,2384211786620
1903,1903,Commercial International Bank,EG621162039567596958227700866,7891937275616
1904,1904,National Bank of Egypt,EG706196305737954292205859934,5539714641492
1905,1905,Commercial International Bank,EG476822620312812656571911830,5561272801009
1906,1906,Bank of Alexandria,EG106836195408268364539510792,6512150026511
1907,1907,Bank of Alexandria,EG605175777758854048700314420,3123865709986
1908,1908,Bank of Alexandria,EG848839310486342776837766187,7408591953149
1909,1909,Commercial International Bank,EG221730825883397278363787010,1294647002554
1910,1910,QNB Alahli,EG919150299534678093404321223,5679487064200
1911,1911,National Bank of Egypt,EG265073151986863732891004212,4411082734585
1912,1912,Banque du Caire,EG681702891143494321002127152,5191449941790
1913,1913,HSBC Egypt,EG759808260378260123970571829,9201489217286
1914,1914,QNB Alahli,EG893507896759133896271620725,9021229976106
1915,1915,Bank of Alexandria,EG948315228108616135240791976,9634964655630
1916,1916,National Bank of Egypt,EG119919505185823288770911415,4629626539605
1917,1917,QNB Alahli,EG309999470020141652279396122,2259071756980
1918,1918,Banque Misr,EG114733898789380525580482387,1199534687557
1919,1919,Bank of Alexandria,EG467131167458353809200267834,4510531604843
1920,1920,Banque du Caire,EG372112389500396324429171168,8036486403969
1921,1921,Banque Misr,EG101291314349245616010866818,5904456282979
1922,1922,National Bank of Egypt,EG797329213541141274930592752,1626210836762
1923,1923,Banque du Caire,EG777082246444270645088424922,1661170801688
1924,1924,Banque du Caire,EG522307641483813740173188032,6976121364958
1925,1925,HSBC Egypt,EG062506992803432766059701299,6944234957585
1926,1926,HSBC Egypt,EG270084058300862045687465018,5889464130525
1927,1927,Banque Misr,EG320641782879257091044255598,3639407223676
1928,1928,Bank of Alexandria,EG658199540691731506228829579,5418687914523
1929,1929,HSBC Egypt,EG374669525693874853672707270,6889837219603
1930,1930,Banque Misr,EG248401376868817374224047159,9779297229449
1931,1931,National Bank of Egypt,EG416696127769476584952869351,3437623626026
1932,1932,Banque du Caire,EG728890114139181259031119176,2576105481370
1933,1933,Bank of Alexandria,EG296849100107934449195869896,1334996171788
1934,1934,Banque Misr,EG263357891711758044092174788,6082622649402
1935,1935,HSBC Egypt,EG906058825649277209656793691,6462563971788
1936,1936,Banque du Caire,EG351183510880855850787785167,6389042531904
1937,1937,Bank of Alexandria,EG190297600932219754941727328,0874109748449
1938,1938,HSBC Egypt,EG736434191611873985759918425,8778852610350
1939,1939,National Bank of Egypt,EG158138994029064405467019493,6217259321309
1940,1940,Commercial International Bank,EG907403772195686623240290837,9504686895672
1941,1941,National Bank of Egypt,EG575424348092878509213697262,7211827986487
1942,1942,Banque du Caire,EG743016491180495604864583849,4064926238623
1943,1943,Banque Misr,EG828043646375308049392620135,8674308125850
1944,1944,Bank of Alexandria,EG346967542068728263773514883,9163949729988
1945,1945,Banque du Caire,EG588168538613040989958945815,1666742747586
1946,1946,Banque Misr,EG210629667969789457466352126,3749108648228
1947,1947,Bank of Alexandria,EG381578700317681109502314850,4494284175674
1948,1948,Bank of Alexandria,EG693818522604682661917954388,1734526077825
1949,1949,QNB Alahli,EG032121967132791547907600795,5644692776122
1950,1950,Banque du Caire,EG836087089653863587914898948,0245404906062
1951,1951,Bank of Alexandria,EG081986834794251911904819779,6941659769409
1952,1952,Commercial International Bank,EG950044978997710950795039577,1666337352252
1953,1953,Commercial International Bank,EG927861435445084246245641794,5323604366973
1954,1954,Banque Misr,EG963909932282833060622254463,4854771077694
1955,1955,Banque Misr,EG961915001065102194644568063,3878193885142
1956,1956,Faisal Islamic Bank,EG369580249966383302567937951,2839322040630
1957,1957,Commercial International Bank,EG248354509417426063325244588,2095185911903
1958,1958,National Bank of Egypt,EG384217572205921693233360668,4059848751216
1959,1959,National Bank of Egypt,EG902920555947835681046086569,2057133374790
1960,1960,Bank of Alexandria,EG458768877574228542717025368,2628934173939
1961,1961,HSBC Egypt,EG831057685620977545206770921,8688717766264
1962,1962,HSBC Egypt,EG063631969675460507637449046,7094100512336
1963,1963,Commercial International Bank,EG207690715710668605188458408,5896741762141
1964,1964,National Bank of Egypt,EG570040235278825520730933623,9957977432757
1965,1965,Faisal Islamic Bank,EG824852438645160610339819153,0650662542733
1966,1966,HSBC Egypt,EG394981281813371973989605204,3501642110555
1967,1967,Commercial International Bank,EG287818965414579788502492987,6424473853219
1968,1968,HSBC Egypt,EG365041605027578083923275695,1550431440187
1969,1969,QNB Alahli,EG033068653546927577312583057,9231500809292
1970,1970,Commercial International Bank,EG779459495918078116677012121,3318476082300
1971,1971,Commercial International Bank,EG603548220240037260034470882,7919356245651
1972,1972,QNB Alahli,EG680944404109277592991781681,1870633256266
1973,1973,HSBC Egypt,EG728457882655064250480984329,4714897873249
1974,1974,Commercial International Bank,EG624182475038259833077575524,9115156748068
1975,1975,Commercial International Bank,EG473909847586315433192056681,0244259135877
1976,1976,QNB Alahli,EG033253481238784886552723904,2548626231135
1977,1977,QNB Alahli,EG059807195329321000438202612,4840516229464
1978,1978,Commercial International Bank,EG495296235582930464090957353,3994875129448
1979,1979,Commercial International Bank,EG889045976991171328205403183,9471851154866
1980,1980,Faisal Islamic Bank,EG550818680462346963150489337,8610260265954
1981,1981,Banque Misr,EG389895157108321680475967006,7804677668804
1982,1982,Banque du Caire,EG225952116348960235093728900,3604628321322
1983,1983,Commercial International Bank,EG327094322090315631330480298,3109424935544
1984,1984,National Bank of Egypt,EG113392169578551282671642973,1285994841477
1985,1985,National Bank of Egypt,EG046840542779006084852296770,7318783312726
1986,1986,Banque du Caire,EG094775380074463183595055411,6800493357859
1987,1987,Bank of Alexandria,EG920598827020461498600516539,2865395934272
1988,1988,Faisal Islamic Bank,EG164490684113845729036154044,8849375465651
1989,1989,Faisal Islamic Bank,EG465938095081392092350099216,0449409896718
1990,1990,Banque Misr,EG601884486868010400042490195,3645308990860
1991,1991,Faisal Islamic Bank,EG248311678672370819505269325,6523243857169
1992,1992,Banque du Caire,EG664329349781872321686600730,8260782338973
1993,1993,Commercial International Bank,EG654810293626162531162158876,7940647329337
1994,1994,Bank of Alexandria,EG354783143349272335170867138,0723080393964
1995,1995,Faisal Islamic Bank,EG178943999880571755640681404,9470130659621
1996,1996,Bank of Alexandria,EG283230954153083650775546480,7438809673689
1997,1997,HSBC Egypt,EG952073825127713805778630618,4038314660117
1998,1998,Banque Misr,EG419596300796692119511219102,2313714336329
1999,1999,Bank of Alexandria,EG063843209684448592314202179,9899291426303
2000,2000,National Bank of Egypt,EG852836163837753584496489876,8700030830824
2001,2001,Commercial International Bank,EG866456680248569964609480525,6391831371477
2002,2002,HSBC Egypt,EG830724009410560922773065317,7765167025070
2003,2003,QNB Alahli,EG945556506700257788657789259,3126354353475
2004,2004,Faisal Islamic Bank,EG471271166606326544922818885,0476862568065
2005,2005,QNB Alahli,EG892213814178808950977502360,0543564948397
2006,2006,HSBC Egypt,EG193941635349963821885566796,6148254295339
2007,2007,Commercial International Bank,EG612627509008932111673603824,4833888644565
2008,2008,Bank of Alexandria,EG682232634591472638663801743,3641516299109
2009,2009,Bank of Alexandria,EG739020619197626243012062792,3352613219512
2010,2010,Commercial International Bank,EG874739502417112721751798171,9821452977142
2011,2011,Bank of Alexandria,EG525628088653173018504746390,7349418553637
2012,2012,Banque Misr,EG042527148408848726164777379,6001654693780
2013,2013,QNB Alahli,EG445886796522583941938785028,2288944060510
2014,2014,Faisal Islamic Bank,EG385564642086602565711394522,0468973976930
2015,2015,Bank of Alexandria,EG130665883058707840385655985,6874461672271
2016,2016,Bank of Alexandria,EG874261945344064063771003696,8879675757183
2017,2017,Banque du Caire,EG042043878252628348429580681,2729189059344
2018,2018,Faisal Islamic Bank,EG892978538418667895302341682,2789321712491
2019,2019,QNB Alahli,EG442012893159146481008980639,6205927619494
2020,2020,Faisal Islamic Bank,EG192751171504629326903163291,8916683379331
2021,2021,QNB Alahli,EG234701700515352065387530574,2214120706421
2022,2022,National Bank of Egypt,EG464402780661548965038582319,3140754273555
2023,2023,HSBC Egypt,EG110659120897050222996262124,0676998692331
2024,2024,QNB Alahli,EG523313399096381660013561085,7994004399579
2025,2025,Banque du Caire,EG404129662292771346288504965,5213295984832
2026,2026,Bank of Alexandria,EG407475641232693135826948088,7851116346838
2027,2027,Faisal Islamic Bank,EG094135247595003459688327138,7827530450308
2028,2028,Banque du Caire,EG676563152382765639663794263,0803414788044
2029,2029,Bank of Alexandria,EG446474885317242611203759742,7244667823938
2030,2030,Banque du Caire,EG408093252350029343670162003,0763644568667
2031,2031,Banque Misr,EG600995432464278311349487671,6268952911924
2032,2032,Banque Misr,EG029910770182123795162716833,0287345806950
2033,2033,HSBC Egypt,EG913717743720642094035739950,9656862488183
2034,2034,HSBC Egypt,EG137937660720687366115758677,5110833810245
2035,2035,Bank of Alexandria,EG525736710002964262027637075,7263937269009
2036,2036,QNB Alahli,EG085142835995793318167631513,6910248253237
2037,2037,HSBC Egypt,EG538162197073792265276039103,4654621826897
2038,2038,Bank of Alexandria,EG960415709939038913687294968,3916663174846
2039,2039,National Bank of Egypt,EG835003468866193731155767371,7551261029495
2040,2040,Bank of Alexandria,EG198988450237841285478875661,7511825429822
2041,2041,Commercial International Bank,EG218426529798826223974702009,0044369396759
2042,2042,Bank of Alexandria,EG471785082881899373377247703,1044789511789
2043,2043,Banque Misr,EG376085439444653927169967804,2991139417911
2044,2044,HSBC Egypt,EG120655847035652828816249335,6229797017323
2045,2045,QNB Alahli,EG922114130032670534026136522,7792284303094
2046,2046,Faisal Islamic Bank,EG391220568585305353563034048,2415279764616
2047,2047,Commercial International Bank,EG269749034844191377119142478,1665954108711
2048,2048,HSBC Egypt,EG113523290232054790450901794,9303176874708
2049,2049,QNB Alahli,EG570928513837203542615784692,2469617201470
2050,2050,Commercial International Bank,EG598912186315560070286996933,6103360037203
2051,2051,Banque du Caire,EG843264447774120913329653152,6640671674979
2052,2052,National Bank of Egypt,EG514049472346776953244884643,2127383347726
2053,2053,Commercial International Bank,EG477776237957568557880359324,8430692023667
2054,2054,Banque Misr,EG599999412564832279282909464,2621830760264
2055,2055,QNB Alahli,EG708972499086027398678206395,2349640659947
2056,2056,Banque du Caire,EG766585632969277682331239027,5602446512439
2057,2057,Banque Misr,EG682646156146510604862317741,7667186561829
2058,2058,Banque du Caire,EG190574525669496552801962182,1564979607778
2059,2059,QNB Alahli,EG095582569886252449826981452,2852519854927
2060,2060,Banque du Caire,EG809437591742150614746443548,0085851363340
2061,2061,Banque Misr,EG971734839228456474734639339,3295124283580
2062,2062,National Bank of Egypt,EG504049832418565915526427003,9833561126316
2063,2063,HSBC Egypt,EG973644318582578328365908958,0872626572680
2064,2064,QNB Alahli,EG522698888597766251996378584,0781567022216
2065,2065,Banque Misr,EG371575664906860156831890470,7573290349480
2066,2066,Faisal Islamic Bank,EG133193335150331907863609449,9993699021394
2067,2067,Banque Misr,EG203530307591047342128882081,9608745385355
2068,2068,Banque du Caire,EG087198351763254805621294679,5596509769088
2069,2069,QNB Alahli,EG407884135727331632903245182,6327985196034
2070,2070,Commercial International Bank,EG602591370082641313670669236,4201671270598
2071,2071,QNB Alahli,EG825769832698325492944578465,9731011301613
2072,2072,QNB Alahli,EG445126303286937830661091958,2095623179282
2073,2073,National Bank of Egypt,EG887989132342376793720453301,0269694944046
2074,2074,Commercial International Bank,EG118732093780218748381669107,0470454036936
2075,2075,QNB Alahli,EG067474297568153162750283117,0473373005856
2076,2076,National Bank of Egypt,EG544589288957166792254161312,3333744966510
2077,2077,HSBC Egypt,EG938461737467249375861939615,6048564661875
2078,2078,National Bank of Egypt,EG485180981534310675050674572,3125991414273
2079,2079,Commercial International Bank,EG135171599328412577854526479,9928190076742
2080,2080,National Bank of Egypt,EG636684924503285907155999083,2382105024858
2081,2081,Banque du Caire,EG514201016546139874036059816,8716392175399
2082,2082,Faisal Islamic Bank,EG430354342241693487923286088,6306122771179
2083,2083,Banque du Caire,EG162491450182578779050708585,9230827357662
2084,2084,Faisal Islamic Bank,EG062587309387611712004824978,0893027326313
2085,2085,Faisal Islamic Bank,EG705883064358888656899097589,9864664444080
2086,2086,Banque Misr,EG951106305055405942529936167,5508775927679
2087,2087,National Bank of Egypt,EG128453282705265219243283289,7182024617787
2088,2088,Faisal Islamic Bank,EG552585427422391977657831303,3877181907393
2089,2089,Commercial International Bank,EG812522545722364605128345567,1084315162618
2090,2090,Banque Misr,EG335111318109703853658906047,5683547066403
2091,2091,Faisal Islamic Bank,EG733549225327608115644819385,3721073468574
2092,2092,National Bank of Egypt,EG152274831155733751986835132,8294141541549
2093,2093,HSBC Egypt,EG926997764224671010287784324,8570753738430
2094,2094,HSBC Egypt,EG296197408698441475680685212,4094138818549
2095,2095,QNB Alahli,EG452139064380165385076965708,7769709908114
2096,2096,Commercial International Bank,EG489638791595619634956333233,5440249091089
2097,2097,HSBC Egypt,EG155954794540370598821532411,3365192319743
2098,2098,Banque Misr,EG924181784422030889210844281,4035799744175
2099,2099,Banque Misr,EG520082281434832248377824911,1346980466042
2100,2100,QNB Alahli,EG304834341088097482795693337,3281452439041
2101,2101,Commercial International Bank,EG858698228656894813615559151,0428022911029
2102,2102,National Bank of Egypt,EG243976240104347413446062443,0337421314502
2103,2103,National Bank of Egypt,EG523358646360597223416929966,8233505357119
2104,2104,Faisal Islamic Bank,EG415025575934651730178792627,2621890312046
2105,2105,QNB Alahli,EG853921346659469434960668067,3650641602624
2106,2106,QNB Alahli,EG803851788646507098684096177,7706453030785
2107,2107,Faisal Islamic Bank,EG362887707460734995379073779,6024672192137
2108,2108,National Bank of Egypt,EG742996079849187845607086821,6364359469042
2109,2109,Banque du Caire,EG838373631203456533742205121,5377377318852
2110,2110,Commercial International Bank,EG672495950871293816283131058,7578477338355
2111,2111,Banque Misr,EG372217004770055637627263195,9339330888721
2112,2112,HSBC Egypt,EG623296531369437813513495382,3237807060005
2113,2113,Banque Misr,EG735656560159932332668301309,0122868934596
2114,2114,National Bank of Egypt,EG882960512342161086175372286,8619294209096
2115,2115,Faisal Islamic Bank,EG983004415029042502100156327,3032125977499
2116,2116,HSBC Egypt,EG250377571140500804911326799,2054831838625
2117,2117,Bank of Alexandria,EG744629517517660163302096297,5060314991659
2118,2118,Banque Misr,EG105720547506619509402440148,9874148708157
2119,2119,Banque du Caire,EG921011910781507606979415038,4850324742921
2120,2120,Banque du Caire,EG855490291048351220271943702,9612589107151
2121,2121,Banque Misr,EG789050409968736249752994624,6234059820902
2122,2122,Faisal Islamic Bank,EG803725859983592808362594535,8468863981552
2123,2123,National Bank of Egypt,EG088239181598148208882139328,0060198750982
2124,2124,National Bank of Egypt,EG835927929661980409341322309,6366531618823
2125,2125,Banque du Caire,EG595002957772736642995292207,2612092982041
2126,2126,HSBC Egypt,EG934235211721628921502404455,5365649768276
2127,2127,HSBC Egypt,EG729993783583023485879579776,1245909225040
2128,2128,Bank of Alexandria,EG270860597194267604305212015,7667876486019
2129,2129,National Bank of Egypt,EG837218082473683865811522907,9799576577812
2130,2130,Commercial International Bank,EG140957093784237487729326823,7257050311073
2131,2131,Faisal Islamic Bank,EG111343223931112880003378223,0505212715757
2132,2132,Banque du Caire,EG337763712554900704468811692,5138656788831
2133,2133,National Bank of Egypt,EG074191711585349966986636163,5342485730935
2134,2134,HSBC Egypt,EG395165205809542417798837010,3458373569835
2135,2135,Faisal Islamic Bank,EG818929209919502426567073742,8944177639367
2136,2136,Banque Misr,EG597710335913093812045939661,9331888062429
2137,2137,National Bank of Egypt,EG713324382575707065247900726,5984999416489
2138,2138,Faisal Islamic Bank,EG111127051767779246584083067,7558194903157
2139,2139,Banque Misr,EG516275222153325474871544890,9312218090754
2140,2140,Faisal Islamic Bank,EG559470582018201901696979420,2208090106312
2141,2141,Bank of Alexandria,EG788629176665180197894411363,1600495624416
2142,2142,QNB Alahli,EG823013146173720680844050430,4022961726309
2143,2143,Banque du Caire,EG037192475286516420612852332,2527653535369
2144,2144,HSBC Egypt,EG262322866601144288637831324,0898843721361
2145,2145,HSBC Egypt,EG904867714337415453835310854,5415411179433
2146,2146,Commercial International Bank,EG750601461128256731140890797,8063240577870
2147,2147,QNB Alahli,EG726517553800642470424391478,5394217694768
2148,2148,Faisal Islamic Bank,EG460103783222295049234596785,6437514548521
2149,2149,Banque Misr,EG804763514725075400813826894,3607092615193
2150,2150,National Bank of Egypt,EG624228919378280678048471858,7692798356772
2151,2151,HSBC Egypt,EG379714473693418122550043346,1344988508427
2152,2152,Bank of Alexandria,EG182347176933288924529723200,3067193650059
2153,2153,Banque du Caire,EG737468439304131906760376982,6555358155715
2154,2154,Banque Misr,EG154702241019566381830868602,1482879016437
2155,2155,Faisal Islamic Bank,EG822034722651445931986510669,6904476577965
2156,2156,QNB Alahli,EG433562396667144173839135697,5430233399565
2157,2157,Banque Misr,EG946862932472320878696222330,8428308439999
2158,2158,QNB Alahli,EG451702062111369891068154895,1509373380468
2159,2159,HSBC Egypt,EG737107756411880991598859608,1654457247221
2160,2160,Banque du Caire,EG135948224259296860325659408,4783243225403
2161,2161,National Bank of Egypt,EG281047793283996373781601186,7521023895788
2162,2162,QNB Alahli,EG073564170780003195934290615,1382690280051
2163,2163,HSBC Egypt,EG468808501300129637682815080,4653498372401
2164,2164,QNB Alahli,EG751568370425988756835574456,8028418364452
2165,2165,Faisal Islamic Bank,EG806226792094556105785962860,0910202909575
2166,2166,National Bank of Egypt,EG935181628449163414519827750,3550891174984
2167,2167,Banque Misr,EG414694592695308022130340281,4565967176680
2168,2168,Faisal Islamic Bank,EG486005447114258169961596160,4091609293749
2169,2169,Commercial International Bank,EG556509123820275862472160039,4462737414529
2170,2170,QNB Alahli,EG620624963420916890302350432,6284172804945
2171,2171,Commercial International Bank,EG104210706963465794819911610,5118246038875
2172,2172,Bank of Alexandria,EG193704916242678903296526884,7186375851776
2173,2173,Bank of Alexandria,EG167584002389245856640753369,2575099721883
2174,2174,Faisal Islamic Bank,EG035538081080580067605620637,1196552806103
2175,2175,National Bank of Egypt,EG557993895278824938148226622,1463439596989
2176,2176,National Bank of Egypt,EG847766543567177322692624309,7495457480552
2177,2177,Commercial International Bank,EG110162853212251556513915061,4754957087456
2178,2178,Faisal Islamic Bank,EG834209725480423780425628549,8151588022256
2179,2179,HSBC Egypt,EG843256282583528894516689285,9998469565713
2180,2180,Bank of Alexandria,EG441462665964376931938243998,2774593737713
2181,2181,Bank of Alexandria,EG497950254499023454882200971,9180375839315
2182,2182,Banque du Caire,EG208034455108162205625505003,8864386331661
2183,2183,Faisal Islamic Bank,EG205998368108165380850003104,9419985599234
2184,2184,Bank of Alexandria,EG693411741614381491471236908,0951274201276
2185,2185,QNB Alahli,EG499371538915379016921725108,9672218695631
2186,2186,HSBC Egypt,EG351301125706320753052657640,0411045295184
2187,2187,HSBC Egypt,EG847742482853659147831463978,7287977264915
2188,2188,Bank of Alexandria,EG629145301637414765488617805,4295830234266
2189,2189,Faisal Islamic Bank,EG468630225325525164056551545,4292221528284
2190,2190,HSBC Egypt,EG074428761948560810725176643,0570953919819
2191,2191,Banque Misr,EG913933809471900676729272335,8631783947506
2192,2192,Commercial International Bank,EG885432286083229761782849351,6102778745906
2193,2193,Bank of Alexandria,EG633512874974285998356172961,2773156716914
2194,2194,Commercial International Bank,EG216646290210976540863252842,5304960880083
2195,2195,Banque du Caire,EG905609212616945388391732146,4250824003947
2196,2196,National Bank of Egypt,EG092777831557136317698405245,0508768805469
2197,2197,Banque du Caire,EG901045532593161681463454927,0727159072161
2198,2198,Commercial International Bank,EG550534813265039490854168923,5609683373176
2199,2199,Faisal Islamic Bank,EG321969097357805486178396560,1142388560894
2200,2200,Banque Misr,EG188390116303143563540588980,0091811932472
2201,2201,Commercial International Bank,EG961981989403745701787651097,7398898499634
2202,2202,Commercial International Bank,EG081040367432244768296878442,8434173502846
2203,2203,Faisal Islamic Bank,EG932670222689222398308369359,7193106529262
2204,2204,Commercial International Bank,EG781667133610090216756796215,9531870531248
2205,2205,Bank of Alexandria,EG140530619536564160501354222,8783285730020
2206,2206,National Bank of Egypt,EG053427569011297531045858472,1000211704337
2207,2207,Commercial International Bank,EG884064048775496622466070116,4655802881376
2208,2208,Commercial International Bank,EG686205243588566842047330008,3452437641206
2209,2209,Commercial International Bank,EG418428690960995194245530739,5678258755067
2210,2210,Commercial International Bank,EG060696957351485724182772945,6397209969102
2211,2211,QNB Alahli,EG601343955861191857725146890,6941950463500
2212,2212,Banque du Caire,EG115221112163544879053323606,6566890353696
2213,2213,Commercial International Bank,EG531387104352954287392410565,7842178246584
2214,2214,QNB Alahli,EG349118210310801121389268158,2723442862787
2215,2215,Banque du Caire,EG435940283273764995718754765,2412872468694
2216,2216,Bank of Alexandria,EG508747596978930490951086454,4726365632684
2217,2217,QNB Alahli,EG961336921537037303191084879,4932554638490
2218,2218,Bank of Alexandria,EG978622035465490332576889448,1634459629314
2219,2219,Banque Misr,EG445599582930705415407597455,9544552578502
2220,2220,Commercial International Bank,EG521619815077478221054593604,4396333146289
2221,2221,QNB Alahli,EG538210134240587138612510014,9726491710509
2222,2222,Bank of Alexandria,EG770067763474122522813921816,3587782761811
2223,2223,HSBC Egypt,EG476893249302350668451399384,5078192601440
2224,2224,National Bank of Egypt,EG748544966828965029338519225,1506450844287
2225,2225,National Bank of Egypt,EG670722529623813910854953385,7520201056409
2226,2226,HSBC Egypt,EG871318251612802587434412600,6520218771211
2227,2227,QNB Alahli,EG901171037408146657463573257,4807828032421
2228,2228,Banque Misr,EG062937084343342755356351661,8569502033920
2229,2229,Bank of Alexandria,EG669472128047706378939044959,0407765745948
2230,2230,Bank of Alexandria,EG740627242342708357325288988,8053870934665
2231,2231,Banque Misr,EG961328945140691569757188035,1846454515986
2232,2232,National Bank of Egypt,EG233498693051663980500857823,0401484621852
2233,2233,Banque du Caire,EG423222383444014662861287193,6452505912886
2234,2234,Banque du Caire,EG618805884889970359075427665,3553918478326
2235,2235,Commercial International Bank,EG105322653074268659666950298,7256637046157
2236,2236,HSBC Egypt,EG020856722319166176890118343,9342208789161
2237,2237,HSBC Egypt,EG092633820862141370224068276,2904753893416
2238,2238,National Bank of Egypt,EG638361657322699939586903212,7924185261774
2239,2239,QNB Alahli,EG566476108505725977737864553,9445256865718
2240,2240,Banque Misr,EG121611714926427043438541343,7262486813122
2241,2241,Banque du Caire,EG680006264073055064527002285,1795192582650
2242,2242,Bank of Alexandria,EG730887914106072313391396103,9977873859882
2243,2243,National Bank of Egypt,EG414762701094096430512158599,9290986172691
2244,2244,National Bank of Egypt,EG980592619999342842992654217,5995190400200
2245,2245,Banque du Caire,EG717827914396458218392543642,5283756947780
2246,2246,QNB Alahli,EG096321935891223779706729252,9429531155111
2247,2247,National Bank of Egypt,EG716129031105672105448850613,5050237565296
2248,2248,Banque du Caire,EG715044599289314543188273689,6424117419932
2249,2249,QNB Alahli,EG812975676252274568436222309,9010076284970
2250,2250,HSBC Egypt,EG098087983340757657491265147,3546818436412
2251,2251,Banque Misr,EG594107067304837051365851386,7782877490040
2252,2252,Faisal Islamic Bank,EG878779570210397134858808412,3676258175315
2253,2253,HSBC Egypt,EG718283109514801524122990347,1449197173439
2254,2254,QNB Alahli,EG548442373980360832622142502,8676179135320
2255,2255,HSBC Egypt,EG440530971778420742751878879,7912035836877
2256,2256,National Bank of Egypt,EG885633381874064916410237326,6750936152192
2257,2257,Banque du Caire,EG572015401332727888609441391,0823412869832
2258,2258,Faisal Islamic Bank,EG903919793925145797391907438,3600960084838
2259,2259,QNB Alahli,EG763870365631560187595255071,6435414866919
2260,2260,Faisal Islamic Bank,EG099219278363765504347643408,0227110080266
2261,2261,Commercial International Bank,EG577872952345185305053264313,6085699011819
2262,2262,Faisal Islamic Bank,EG146581247538130393543485491,1624253492655
2263,2263,Faisal Islamic Bank,EG209378723643652159486121126,9919302158938
2264,2264,National Bank of Egypt,EG194369177132483885381799028,1044955195184
2265,2265,Bank of Alexandria,EG081464338064789741056764248,1537971369033
2266,2266,Commercial International Bank,EG021224249701373280467930415,0076091837804
2267,2267,HSBC Egypt,EG910941996471623496738078714,4257131090709
2268,2268,Faisal Islamic Bank,EG387538382768845609140167401,1762938287754
2269,2269,Faisal Islamic Bank,EG480672906339828447155282997,2349883855487
2270,2270,Faisal Islamic Bank,EG459192364568400799059785068,3199990641592
2271,2271,QNB Alahli,EG185728492684304179553672483,8302843436765
2272,2272,Banque Misr,EG767727567487372501409269444,7090764656290
2273,2273,Banque Misr,EG085685781742707746288070664,1046902878191
2274,2274,Commercial International Bank,EG621165134922996122850545472,5599255459372
2275,2275,Bank of Alexandria,EG710022550396825784033200747,4802877176432
2276,2276,National Bank of Egypt,EG329650225231519249553266838,9151009674973
2277,2277,HSBC Egypt,EG283890483837054214176653503,8223406550696
2278,2278,HSBC Egypt,EG396846724609426019335244819,2106521337535
2279,2279,Commercial International Bank,EG799267802056060670098508378,7336582604209
2280,2280,Faisal Islamic Bank,EG126318093310736478698560221,1852319265103
2281,2281,Banque Misr,EG503697863947849753162928098,3383026493590
2282,2282,Faisal Islamic Bank,EG165262331385251999977677206,9651608198317
2283,2283,HSBC Egypt,EG530938055933351794187087620,6591883861829
2284,2284,National Bank of Egypt,EG041012553521475782444279791,4121386901782
2285,2285,Bank of Alexandria,EG594361354621217356497369587,8088668921886
2286,2286,Commercial International Bank,EG872174939380541299762035609,6382289457197
2287,2287,Faisal Islamic Bank,EG344325606689951668929223296,3400018724532
2288,2288,QNB Alahli,EG850938818798787398534297925,0572691264945
2289,2289,QNB Alahli,EG846307015107907953420014393,8346984357708
2290,2290,HSBC Egypt,EG139389297573185090033944060,2946610796456
2291,2291,QNB Alahli,EG080450648790405866521428006,7563917519667
2292,2292,Banque Misr,EG122169037312057316119384926,7941665987647
2293,2293,Faisal Islamic Bank,EG889392734318038873069067194,1925362818453
2294,2294,HSBC Egypt,EG494093278968114687788709823,8409947127445
2295,2295,Banque du Caire,EG876443792600838256231053852,9952952779116
2296,2296,HSBC Egypt,EG800882730328576488638019964,1077271137015
2297,2297,Commercial International Bank,EG431012172317394226502982602,5896462660125
2298,2298,Bank of Alexandria,EG426888263120467297555842667,3342905809517
2299,2299,National Bank of Egypt,EG956640552737177746803481364,7288341457580
2300,2300,QNB Alahli,EG983347889856559290210896659,5780685518912
2301,2301,Commercial International Bank,EG953445690557277895349992101,4629798020938
2302,2302,Faisal Islamic Bank,EG565836109078601992416447713,4364691992570
2303,2303,Banque du Caire,EG257112085466773216558416450,4902218217375
2304,2304,Commercial International Bank,EG445020135822230160520906248,6208083982644
2305,2305,Faisal Islamic Bank,EG480936192011996548581354088,7131449628532
2306,2306,National Bank of Egypt,EG065310345952154282861222697,5145791141493
2307,2307,Faisal Islamic Bank,EG841918353854072512203179617,1980718010037
2308,2308,Commercial International Bank,EG097445615030815323843740661,0753043918110
2309,2309,Commercial International Bank,EG863464329673032172766743173,0909973692810
2310,2310,HSBC Egypt,EG291490079519349444692779949,3475828607934
2311,2311,National Bank of Egypt,EG793020476565348240612964150,5938803947724
2312,2312,QNB Alahli,EG223537159143083942694955623,4138122845404
2313,2313,National Bank of Egypt,EG723266286432727094915275204,8757802937454
2314,2314,Bank of Alexandria,EG570826437612893596394704925,1768552236842
2315,2315,QNB Alahli,EG589177221984923003927087590,8446046220980
2316,2316,Commercial International Bank,EG441094620884230104590993409,1617431037765
2317,2317,Commercial International Bank,EG752218501864970786208358794,4969819818463
2318,2318,Banque Misr,EG626919423577720563256690741,5639202969156
2319,2319,Commercial International Bank,EG602424409664785555494519755,8200239561669
2320,2320,HSBC Egypt,EG939508917107127186473557581,2598920747217
2321,2321,Bank of Alexandria,EG052559309157859273643730285,2959563776113
2322,2322,Banque du Caire,EG307281250579702227918284233,0816417083560
2323,2323,Commercial International Bank,EG224355342950431747213322551,2794278648511
2324,2324,Banque du Caire,EG661516353579423932103716315,4188136027060
2325,2325,QNB Alahli,EG772490480600295303009931287,1299717254770
2326,2326,National Bank of Egypt,EG857387686436763007033456832,1890100324988
2327,2327,Bank of Alexandria,EG593698441117622117568056454,4824691624977
2328,2328,Faisal Islamic Bank,EG764470371175119806174693231,4309370957015
2329,2329,Faisal Islamic Bank,EG763483994957134977631464569,0004323967880
2330,2330,QNB Alahli,EG214992743131074762512438352,7544351879268
2331,2331,HSBC Egypt,EG060547787979100509161562808,5696678849885
2332,2332,HSBC Egypt,EG425283360127612838628937914,9911386273086
2333,2333,Banque du Caire,EG939627936403124263223975925,5958770526651
2334,2334,Commercial International Bank,EG811832043136508300662747562,2226171688191
2335,2335,Faisal Islamic Bank,EG174304429422546131152356936,4371657809610
2336,2336,Banque Misr,EG815559136250563528431359490,7665416078089
2337,2337,QNB Alahli,EG913491420372469305983326436,1571318390914
2338,2338,QNB Alahli,EG206431580512295746435473614,3087562247098
2339,2339,Faisal Islamic Bank,EG881760071658651742437295900,9392491229734
2340,2340,Faisal Islamic Bank,EG223766297664702023034565008,2110048782944
2341,2341,HSBC Egypt,EG568977836384883177173325929,1823861186704
2342,2342,QNB Alahli,EG497893144390462031575280307,1169617939624
2343,2343,Bank of Alexandria,EG838867020118966695790129294,7852262696037
2344,2344,Banque Misr,EG179094447646291484813151377,5575458611172
2345,2345,Bank of Alexandria,EG903339296232528840698129062,0269971832708
2346,2346,Commercial International Bank,EG194908842809964123804624893,4303063899661
2347,2347,Banque Misr,EG679426510272652922147057349,4085005826630
2348,2348,Bank of Alexandria,EG472990436788409258772250586,3078877321269
2349,2349,Banque Misr,EG889042986735889847973384692,7729873460386
2350,2350,Faisal Islamic Bank,EG423936878096397935271115695,4904717457762
2351,2351,National Bank of Egypt,EG425001423350666592922639403,0961581994326
2352,2352,Banque Misr,EG183946314036905882790927757,9767029326184
2353,2353,HSBC Egypt,EG166411474743198065487326618,0280012743371
2354,2354,Banque du Caire,EG713144020343987753548225620,6432743436366
2355,2355,HSBC Egypt,EG336329450866097566560687948,8356707031036
2356,2356,National Bank of Egypt,EG097861095223381840834405318,3853440410028
2357,2357,QNB Alahli,EG442281894594375949239843720,8637028679969
2358,2358,Banque du Caire,EG209060459811520664171541155,4773337011647
2359,2359,HSBC Egypt,EG726870696113986869246539236,2372866315658
2360,2360,Bank of Alexandria,EG077475087408651014536347131,9872288834429
2361,2361,National Bank of Egypt,EG381611340917282144565759641,5134861721049
2362,2362,Banque Misr,EG611639310873909219669513990,8271650312433
2363,2363,Banque Misr,EG896388210953607933207551485,0013510763522
2364,2364,Banque Misr,EG832204824604015774038545609,4471622586808
2365,2365,Banque du Caire,EG618027630077950509818442576,6563031173287
2366,2366,National Bank of Egypt,EG268716112780669953703815891,2648967733730
2367,2367,Commercial International Bank,EG944143165434298994805758283,9113622398887
2368,2368,Bank of Alexandria,EG305835203712483164513420362,9509587184180
2369,2369,Commercial International Bank,EG984111957627756853208453352,8199571313350
2370,2370,HSBC Egypt,EG655302475328354203523853793,5447560282973
2371,2371,HSBC Egypt,EG619809912464210145057801054,6344027724355
2372,2372,Faisal Islamic Bank,EG946050376321130255000340492,2810361667217
2373,2373,Banque du Caire,EG302741135776681924915889075,6238305787116
2374,2374,Bank of Alexandria,EG536061926445374116920990346,5029033610284
2375,2375,Commercial International Bank,EG911929582868041613226288983,5118160047257
2376,2376,QNB Alahli,EG139098672640240249948791874,8106481577912
2377,2377,Commercial International Bank,EG120124755451276627889748357,9437736022545
2378,2378,Banque du Caire,EG819780743034108799098234672,0091508929443
2379,2379,QNB Alahli,EG140019842136825617022751266,5985543003705
2380,2380,QNB Alahli,EG801588417475345337914032377,7558137679251
2381,2381,QNB Alahli,EG433418178426089743754672277,8651756490071
2382,2382,Faisal Islamic Bank,EG734310725588797623237736435,6006496984114
2383,2383,Faisal Islamic Bank,EG396485639594572819801213815,6922391427555
2384,2384,QNB Alahli,EG424491435329295492237227913,0457392848694
2385,2385,Commercial International Bank,EG269237086784577983619967149,9218406104345
2386,2386,Commercial International Bank,EG193403730205442999143178622,0176167377973
2387,2387,QNB Alahli,EG158407240367638634234458834,2204216058991
2388,2388,Banque Misr,EG782885807031102206651663262,5515969847785
2389,2389,QNB Alahli,EG801504693787153282661579831,3426461413571
2390,2390,Banque Misr,EG399447610815146923094859221,6993788594529
2391,2391,National Bank of Egypt,EG361041026575479391525060837,2817832130849
2392,2392,QNB Alahli,EG523143028249269592861181847,1140857287315
2393,2393,Banque du Caire,EG068764020361960621754029555,4909516260739
2394,2394,Banque du Caire,EG557211739595099227809760138,6576267529301
2395,2395,Faisal Islamic Bank,EG312526381753000809640436444,8475291861490
2396,2396,Banque Misr,EG186495742797059962341177082,3505356230432
2397,2397,Bank of Alexandria,EG684443497190577690871349044,1563903368844
2398,2398,HSBC Egypt,EG765431486310823849880800427,8852780547343
2399,2399,HSBC Egypt,EG265225050649198705234900610,9854473632149
2400,2400,Commercial International Bank,EG419822957107105219083865283,0884441236436
2401,2401,QNB Alahli,EG424682977510042332843873072,4238526305679
2402,2402,HSBC Egypt,EG039277683707512448782559929,2107453920136
2403,2403,Bank of Alexandria,EG446767213420934669937552880,0198167862211
2404,2404,HSBC Egypt,EG206330251718560551489956201,7298141200096
2405,2405,Bank of Alexandria,EG776012856473429501124209963,6531358744954
2406,2406,National Bank of Egypt,EG915554797576600646815710701,8493236276416
2407,2407,Commercial International Bank,EG303977907899425174755900728,1261758633757
2408,2408,Bank of Alexandria,EG408952042006197722359000183,9177268279729
2409,2409,Banque Misr,EG189091839128537009625804483,3592315944108
2410,2410,Banque du Caire,EG818387913104487878060167303,2776330119855
2411,2411,QNB Alahli,EG468660340026777053752859976,5486766227080
2412,2412,Commercial International Bank,EG922131080002529703259994336,6636391108283
2413,2413,Banque du Caire,EG424222368685530927321732969,4112342845305
2414,2414,Faisal Islamic Bank,EG970931771212519506960127219,5432142004562
2415,2415,QNB Alahli,EG576968267840047533532455408,7497272864608
2416,2416,QNB Alahli,EG762754093662088788906030227,1193323846459
2417,2417,Faisal Islamic Bank,EG696519213002969239280544851,6745777827345
2418,2418,QNB Alahli,EG366756161696263437485761619,0820689032383
2419,2419,QNB Alahli,EG238804176796355749873124881,5444832872877
2420,2420,HSBC Egypt,EG179042094640766967122755416,1994092268848
2421,2421,HSBC Egypt,EG917724454830363632238737534,2321587134933
2422,2422,QNB Alahli,EG263921256440741081944786029,6944246748938
2423,2423,Commercial International Bank,EG857964355519135857698862243,0101388891688
2424,2424,Banque du Caire,EG547881742012222961650819910,7208658656763
2425,2425,Faisal Islamic Bank,EG558480843317066612104952648,8354527534882
2426,2426,National Bank of Egypt,EG152766647988052088131962310,8560859528677
2427,2427,National Bank of Egypt,EG966062752401484244674298975,9551187143573
2428,2428,QNB Alahli,EG194258885937173542668021518,6881164340363
2429,2429,Faisal Islamic Bank,EG458809967876359843299198424,2112879823207
2430,2430,Banque Misr,EG476445622455142186428055800,1649356716067
2431,2431,QNB Alahli,EG515175792562960537293391543,0480418758276
2432,2432,HSBC Egypt,EG490201967941221015610315673,6972230609502
2433,2433,Banque du Caire,EG811211447347281468758958861,5058180658910
2434,2434,QNB Alahli,EG393886035117693603955266819,5472260179918
2435,2435,Commercial International Bank,EG223026046861389581374484216,0071578776565
2436,2436,Commercial International Bank,EG456002063148026571086479268,6000204871058
2437,2437,Banque du Caire,EG711020386916002648964010847,1796952175550
2438,2438,Faisal Islamic Bank,EG425799428750272050625093586,6950076431177
2439,2439,Faisal Islamic Bank,EG980916280462941824069864152,8990701584076
2440,2440,Faisal Islamic Bank,EG974818985862059664287819070,3253307007178
2441,2441,QNB Alahli,EG631456783054580325474379113,0540916851510
2442,2442,National Bank of Egypt,EG103869422340165589486553105,3177716456745
2443,2443,Commercial International Bank,EG067227202217886829650619132,3373879446882
2444,2444,Banque Misr,EG371604993846099357571462594,9177183892947
2445,2445,Faisal Islamic Bank,EG344466526166732426921749311,7460476864884
2446,2446,QNB Alahli,EG409532194019467392792171439,4920840979343
2447,2447,Banque Misr,EG030917660447651712711584835,3208964321272
2448,2448,National Bank of Egypt,EG846579467803873620309927408,6961744366908
2449,2449,Commercial International Bank,EG484543602879287751087936523,1357159180850
2450,2450,National Bank of Egypt,EG292808022210300481457294889,2019578513671
2451,2451,QNB Alahli,EG613571488181206527399005272,9574046652666
2452,2452,QNB Alahli,EG987601058996821522532135294,9621166289999
2453,2453,Bank of Alexandria,EG876792321681844585803691186,5331306001672
2454,2454,Commercial International Bank,EG389405165422285745540742286,4432125906751
2455,2455,QNB Alahli,EG358578968412699968522828682,5026714570582
2456,2456,Bank of Alexandria,EG395161356878313475493860111,2412969831841
2457,2457,HSBC Egypt,EG560255691250930842598439456,5640386121621
2458,2458,HSBC Egypt,EG726185587453660821831070577,4263567740202
2459,2459,Banque Misr,EG060635017988621485767991085,3874095071061
2460,2460,National Bank of Egypt,EG623213207429201100784823263,7779140529662
2461,2461,National Bank of Egypt,EG693748942657404775759986124,9571681678320
2462,2462,Faisal Islamic Bank,EG114819477027301046439042631,1146652199132
2463,2463,National Bank of Egypt,EG714186009938081224109175261,5218703040452
2464,2464,Banque Misr,EG941531324599503996853711738,0753381436736
2465,2465,Faisal Islamic Bank,EG056857475366977387066200256,7903575392206
2466,2466,QNB Alahli,EG917634721530284995374084156,1414436118003
2467,2467,Banque Misr,EG215763551197073190600231712,0157504604774
2468,2468,QNB Alahli,EG665455049850632571271202625,6948654878183
2469,2469,Commercial International Bank,EG648941421461495844317883933,3683650962188
2470,2470,Banque Misr,EG174989801293200090623803038,2338781228071
2471,2471,QNB Alahli,EG509749943185626808163339746,8572098653279
2472,2472,Banque Misr,EG079954199004102592521453718,6143938411357
2473,2473,HSBC Egypt,EG750244058665829532817237627,0141459468349
2474,2474,HSBC Egypt,EG886659360441782814458769370,9643421211656
2475,2475,HSBC Egypt,EG300617593484681886672480602,5309110151065
2476,2476,QNB Alahli,EG382504387818964752739890804,7589145647064
2477,2477,Commercial International Bank,EG074850446968016233960803759,4370760144607
2478,2478,HSBC Egypt,EG075389741603016362212526170,6682622324629
2479,2479,Banque Misr,EG738712289375286860551367479,3747838225105
2480,2480,HSBC Egypt,EG871355931080715765575137182,5368714841155
2481,2481,HSBC Egypt,EG977075590351494369896889344,8319575050646
2482,2482,Faisal Islamic Bank,EG867119732311332506197669370,3791509459553
2483,2483,Bank of Alexandria,EG064096836322803913370432412,5655481955315
2484,2484,HSBC Egypt,EG500182400791583079164545344,4929138312506
2485,2485,Bank of Alexandria,EG307242278277058823756043194,9594566629771
2486,2486,Banque du Caire,EG332711723749476808824280875,2746220270800
2487,2487,Commercial International Bank,EG937608532761844408630106794,1464311170726
2488,2488,Bank of Alexandria,EG837864912311307819044278796,4264016357240
2489,2489,Banque du Caire,EG318527330301484128511352582,4148870289230
2490,2490,Bank of Alexandria,EG027997104890061712392079102,1586067038160
2491,2491,QNB Alahli,EG747087524816606472798846881,7173465277673
2492,2492,Banque Misr,EG235646362701215437345668692,8329556900967
2493,2493,QNB Alahli,EG252762858274108834443965384,3043971509351
2494,2494,Faisal Islamic Bank,EG963927928430589621617142532,4961850643228
2495,2495,National Bank of Egypt,EG396359643055506107823343028,4678442575594
2496,2496,Bank of Alexandria,EG326986592922791588099157878,5715039729878
2497,2497,Commercial International Bank,EG898635775359993241425482776,4339071782653
2498,2498,HSBC Egypt,EG685836765226469662575078887,7507287839706
2499,2499,QNB Alahli,EG325548776414350971774616406,0139790346172
2500,2500,Banque Misr,EG566079932198327940094888436,0112729938704
2501,2501,Banque du Caire,EG548430341592962544294197754,5715303176681
2502,2502,Bank of Alexandria,EG869093583910087368893933295,6498701393799
2503,2503,Banque Misr,EG517215496367941899135979883,8915035965592
2504,2504,National Bank of Egypt,EG532177150695798748089190906,3756489594248
2505,2505,National Bank of Egypt,EG434787891884760798354318977,1053098958105
2506,2506,Commercial International Bank,EG708897266161267628939483761,9780614206230
2507,2507,HSBC Egypt,EG575959237007523970216502540,2099194718517
2508,2508,National Bank of Egypt,EG822335386090351427839773376,8286610582159
2509,2509,Banque du Caire,EG160289022805873651448651981,0917613987929
2510,2510,Bank of Alexandria,EG079781738715122486586554047,8887268105971
2511,2511,National Bank of Egypt,EG198792031596381308432701236,8003724018738
2512,2512,Commercial International Bank,EG701488407038471660818841444,3326246111282
2513,2513,Banque du Caire,EG334469658666579915947615234,0990505541816
2514,2514,Banque du Caire,EG794821839189303135255696122,7280413389589
2515,2515,Commercial International Bank,EG467975902122235559124601063,4014300594576
2516,2516,Faisal Islamic Bank,EG349360119466442179777364926,1302135934577
2517,2517,HSBC Egypt,EG594064873937696817220763792,2235053012496
2518,2518,Bank of Alexandria,EG923520820372049400082332115,2861561811430
2519,2519,Commercial International Bank,EG948869391891010838502622900,1771660419678
2520,2520,Banque Misr,EG305130071183875383181540621,0798707436680
2521,2521,HSBC Egypt,EG300737435741631440242854677,0910971339535
2522,2522,National Bank of Egypt,EG310541371615730000594220419,2458504961379
2523,2523,HSBC Egypt,EG709115845463688918396641824,8192250028043
2524,2524,Banque du Caire,EG879997404935050046182494952,0203033720339
2525,2525,Commercial International Bank,EG876165453948978574518419857,3863880606172
2526,2526,Banque du Caire,EG586078329167652156540113400,0882258175359
2527,2527,Faisal Islamic Bank,EG813536086611590694048087070,8348804076257
2528,2528,Banque du Caire,EG824375354598426524440858980,4341706813129
2529,2529,Banque du Caire,EG036495794805030039794157560,6685747268056
2530,2530,Bank of Alexandria,EG464034516166780243415371722,6769941035852
2531,2531,Commercial International Bank,EG955318368742376537986391573,4519344898887
2532,2532,Commercial International Bank,EG468180475585954188620567168,7314180974881
2533,2533,Banque du Caire,EG531321875702856205691769654,0326987747917
2534,2534,Faisal Islamic Bank,EG981388832515828246362108819,3701571363452
2535,2535,Faisal Islamic Bank,EG545440657546037204454337425,7436137552336
2536,2536,HSBC Egypt,EG528646687965466400401032239,9998930374934
2537,2537,Banque du Caire,EG190116936377403442241178280,2504921929038
2538,2538,Banque Misr,EG143292745579511927922366788,5842372843542
2539,2539,Commercial International Bank,EG156952215098415001362148912,1117157416311
2540,2540,Commercial International Bank,EG835363209351948382358793651,7079495375494
2541,2541,Commercial International Bank,EG103055885141787897542146900,0600035310302
2542,2542,QNB Alahli,EG661228277834796390565068352,4903885133018
2543,2543,Banque Misr,EG547718451412056467139623882,1420074263438
2544,2544,HSBC Egypt,EG137027172004614082643086232,9862374979426
2545,2545,Bank of Alexandria,EG950704942685456187603157876,6646663785140
2546,2546,HSBC Egypt,EG651669460531056198662182397,7183568556372
2547,2547,QNB Alahli,EG682082976421716566968143744,7951965407798
2548,2548,Banque Misr,EG803679287137049528265363047,1836808397708
2549,2549,Commercial International Bank,EG737880480505915214836633430,9580320397524
2550,2550,QNB Alahli,EG850218502317924122511975098,5357684257089
2551,2551,HSBC Egypt,EG177555575746234738485976457,9131665314027
2552,2552,HSBC Egypt,EG109687069079082085547867044,0567348091272
2553,2553,Commercial International Bank,EG888844427364925961065845087,8500185290805
2554,2554,Commercial International Bank,EG511201469117948111883776585,2634115914694
2555,2555,Bank of Alexandria,EG376078695918378011603307517,3466547318569
2556,2556,National Bank of Egypt,EG185143323974141652712864162,2201978726415
2557,2557,QNB Alahli,EG196169182103091088205130881,2024349989126
2558,2558,QNB Alahli,EG718623136066960174338308136,4770938142939
2559,2559,Banque du Caire,EG205861400990744490676447356,2527197161989
2560,2560,Commercial International Bank,EG855922110546754715618801023,3455447638829
2561,2561,Banque Misr,EG414156047433321609200045646,4148918125819
2562,2562,Commercial International Bank,EG233174803767067007894724240,4877465575314
2563,2563,Banque Misr,EG832514910964778384723806425,6006873741989
2564,2564,Banque Misr,EG559933636232727624596705350,0297724735869
2565,2565,National Bank of Egypt,EG025683381188690840162020619,2640905516933
2566,2566,National Bank of Egypt,EG202855798310633889480672074,8095647245046
2567,2567,Bank of Alexandria,EG634548485223725062421597414,7645966772149
2568,2568,Banque Misr,EG494033929360368499545526290,2569958616793
2569,2569,Commercial International Bank,EG600194403729752550742237733,1693643903825
2570,2570,QNB Alahli,EG120081647806891070932466986,7697380847763
2571,2571,QNB Alahli,EG025134869850103744475270868,4738563751010
2572,2572,Banque du Caire,EG826096670895395482383240604,7664354248517
2573,2573,Banque Misr,EG853043586566165610872943360,1981778700101
2574,2574,Faisal Islamic Bank,EG025959025155997161614150868,7925095224090
2575,2575,Banque du Caire,EG237594843430979027241476053,4090039229232
2576,2576,Commercial International Bank,EG536925366490520638860047326,3612825708136
2577,2577,Bank of Alexandria,EG519968008448460573051397913,9540945041340
2578,2578,Banque Misr,EG205428185557705332088811684,0569584886345
2579,2579,National Bank of Egypt,EG790559461075341737622007403,9612912724753
2580,2580,Banque du Caire,EG616956356377989686778082543,0900986169073
2581,2581,QNB Alahli,EG433878685780830140527786671,5652576010900
2582,2582,QNB Alahli,EG814342060650764735750204394,4413805896284
2583,2583,QNB Alahli,EG048071470459243892263113620,4460478432809
2584,2584,Banque du Caire,EG756102538762480979024217408,1500011485740
2585,2585,National Bank of Egypt,EG221721234043673514151914730,6112705473036
2586,2586,HSBC Egypt,EG312051976840580923073327644,2720451674263
2587,2587,HSBC Egypt,EG848329202455023900282882303,1392821619859
2588,2588,HSBC Egypt,EG373635137350393801540720916,9451973940055
2589,2589,Commercial International Bank,EG742721156016915250992886927,8398316319077
2590,2590,Faisal Islamic Bank,EG609012207302612073652377614,6672688820725
2591,2591,National Bank of Egypt,EG561067970330038239871468569,1503905431687
2592,2592,QNB Alahli,EG459667467416119130433865336,3558986346971
2593,2593,QNB Alahli,EG534787392896699464524999104,1181722356843
2594,2594,QNB Alahli,EG622270690278199249996723400,2634950405702
2595,2595,Banque Misr,EG076736742023444339688961495,3646314932766
2596,2596,Banque du Caire,EG028828651861739106100113717,3738688558475
2597,2597,Faisal Islamic Bank,EG109603087257600970701592824,6686467978247
2598,2598,HSBC Egypt,EG050320461847993177115232305,8396934092707
2599,2599,Commercial International Bank,EG435629634571902008585198476,3255691697018
2600,2600,QNB Alahli,EG120561460636627712894828476,0129242777729
2601,2601,National Bank of Egypt,EG919671778686727503441062504,8410160507953
2602,2602,Faisal Islamic Bank,EG613471762360561234113455008,0171788849882
2603,2603,Bank of Alexandria,EG734927928804226886648877752,9074459707908
2604,2604,National Bank of Egypt,EG610135502062821724344298131,2973453215842
2605,2605,Banque Misr,EG165000017082263596175661369,5072167926112
2606,2606,National Bank of Egypt,EG297904057914198629707429822,4530665957119
2607,2607,National Bank of Egypt,EG324318542056861707814141832,5012924048393
2608,2608,Bank of Alexandria,EG647868655817908466619490680,0996079715942
2609,2609,Commercial International Bank,EG528039191026705761423037671,6249402006051
2610,2610,HSBC Egypt,EG477529406064778068743341900,8181788121971
2611,2611,Faisal Islamic Bank,EG867957644881429136299267403,7890220378865
2612,2612,Bank of Alexandria,EG100553691115144476867089194,0715397651779
2613,2613,Commercial International Bank,EG798010992893613511584562084,1393873122952
2614,2614,Faisal Islamic Bank,EG751956036124939371364799438,7110922102165
2615,2615,Banque du Caire,EG867840758885941595716243850,5800291835377
2616,2616,Commercial International Bank,EG860398828371092742396757582,8825610646051
2617,2617,Banque du Caire,EG061598853264015544173864940,9992917831793
2618,2618,National Bank of Egypt,EG590937761661519564379313475,0930265594155
2619,2619,Commercial International Bank,EG597830974075808986825612743,1208680385187
2620,2620,Commercial International Bank,EG791849567874884836080861788,2628646019121
2621,2621,HSBC Egypt,EG069519409906059011334538557,2994127453483
2622,2622,Banque du Caire,EG289333909413521366146391351,9211448727126
2623,2623,Faisal Islamic Bank,EG715265953612908482360767659,7787148033353
2624,2624,Banque Misr,EG115286280560256064920162712,7724237718881
2625,2625,QNB Alahli,EG908702780574408057356083088,5414171396249
2626,2626,Commercial International Bank,EG418503849182242287530100818,9173842250679
2627,2627,QNB Alahli,EG570308635903702330725919609,0535054901015
2628,2628,National Bank of Egypt,EG553316859668214741383272136,4230577256681
2629,2629,Commercial International Bank,EG169800614602647232826471805,1948481964903
2630,2630,Banque Misr,EG220571077707989107364999230,0941281187587
2631,2631,Commercial International Bank,EG277522689781445667029557680,9799641738175
2632,2632,National Bank of Egypt,EG973077684271704914968487239,3589842182121
2633,2633,National Bank of Egypt,EG551936070827910288752860930,5131876199595
2634,2634,Banque Misr,EG836862120611115222098975986,4910714675547
2635,2635,Commercial International Bank,EG783660955458600030740644042,4231124272257
2636,2636,National Bank of Egypt,EG876391669697328199322075457,9554494751030
2637,2637,Faisal Islamic Bank,EG579373084070300870913267815,2542535306161
2638,2638,Commercial International Bank,EG221708318682816527964340854,6869279239340
2639,2639,Faisal Islamic Bank,EG669490371374968970200322478,4326807305223
2640,2640,Bank of Alexandria,EG319695988776429686623692702,8271595626186
2641,2641,Bank of Alexandria,EG654996119954279689731841913,3269411431706
2642,2642,Banque Misr,EG110711717070336990700544329,4663682256262
2643,2643,QNB Alahli,EG651939640920385981423364845,8687779180532
2644,2644,Banque du Caire,EG757571841350131455025516270,5806768810035
2645,2645,QNB Alahli,EG942641581045436095182399080,6761292867915
2646,2646,HSBC Egypt,EG195165541588635848531631395,9128904932473
2647,2647,QNB Alahli,EG873856919785381325898668109,9946556501107
2648,2648,Banque du Caire,EG889019243111711299169818275,2984920165889
2649,2649,HSBC Egypt,EG642703410781226978541567980,0202360255225
2650,2650,Banque Misr,EG246951114160261810554862942,3648718856609
2651,2651,National Bank of Egypt,EG696486984315882782368633291,0992949579949
2652,2652,National Bank of Egypt,EG650089385171077257336933350,6466325228222
2653,2653,Faisal Islamic Bank,EG882511588967714835263532560,0327668270943
2654,2654,Commercial International Bank,EG590309096231269710038589579,1563304915913
2655,2655,HSBC Egypt,EG738270934852753612048443674,1437058474673
2656,2656,Bank of Alexandria,EG339818849985751915596487334,4784194047996
2657,2657,QNB Alahli,EG754800973384577446989627913,0326683646388
2658,2658,Commercial International Bank,EG268902531064324089292501806,5533066118977
2659,2659,Faisal Islamic Bank,EG111508488774550317545264019,7185999433571
2660,2660,Faisal Islamic Bank,EG329012510794241349796135245,0397975265427
2661,2661,Banque du Caire,EG665926806632098219895025879,0601766559289
2662,2662,Faisal Islamic Bank,EG557696830590633459484953431,2272441119863
2663,2663,Banque du Caire,EG459410691619862105877147304,9522374903844
2664,2664,Faisal Islamic Bank,EG469171102748401251063833199,4451699372044
2665,2665,Banque Misr,EG195306054268815782456217533,8280334642775
2666,2666,HSBC Egypt,EG882174053830769376409772879,7616641756329
2667,2667,Banque Misr,EG220415149847756016478689827,3737585389929
2668,2668,Banque du Caire,EG841081483494462248194029249,8532768506243
2669,2669,Banque Misr,EG146786446723975008982793174,7659371179577
2670,2670,Banque Misr,EG730272846310158181674851932,5824326911351
2671,2671,Bank of Alexandria,EG666904625279153101966991017,3291472235351
2672,2672,Banque du Caire,EG797567245374910381265655044,2776675370601
2673,2673,Banque Misr,EG051178547031511496578130581,9503926577266
2674,2674,QNB Alahli,EG656379423037733004042645896,8555372303841
2675,2675,National Bank of Egypt,EG604732881361136363402824670,1264169503223
2676,2676,Banque du Caire,EG668368465856542456563376679,3533822723793
2677,2677,National Bank of Egypt,EG371451490625327165017352447,2062973981554
2678,2678,Banque du Caire,EG743584878043374622670819258,8655957481051
2679,2679,HSBC Egypt,EG806710586691161331071991641,7636112561128
2680,2680,Bank of Alexandria,EG791108611591058498970794473,9103552868769
2681,2681,Banque Misr,EG886624596315170551336170679,7205580718568
2682,2682,Faisal Islamic Bank,EG331166532580647789082772861,7323448381354
2683,2683,Bank of Alexandria,EG946780387661430004401321973,8569380059658
2684,2684,Commercial International Bank,EG647325547829451393059054573,8883031957183
2685,2685,National Bank of Egypt,EG733386351153876604804870672,7363533500051
2686,2686,National Bank of Egypt,EG557684953356123327402018932,2359948186015
2687,2687,Bank of Alexandria,EG866511174315905428449901455,6971078476863
2688,2688,Bank of Alexandria,EG688948456472726789127069274,8114587884377
2689,2689,Commercial International Bank,EG493140374695002214452047670,9549500546114
2690,2690,HSBC Egypt,EG803643667356016310549840194,1021697208333
2691,2691,Bank of Alexandria,EG536237451117324500811654529,2476851462014
2692,2692,National Bank of Egypt,EG864355994210918376428423854,8602704289015
2693,2693,Banque Misr,EG276042834782195392125711345,4574580839144
2694,2694,QNB Alahli,EG868542534574705388711290246,5708595729612
2695,2695,National Bank of Egypt,EG270779871669733786819358752,5436263670367
2696,2696,HSBC Egypt,EG808650633464928372336753379,3651671334706
2697,2697,Banque Misr,EG200917979812285727103730089,2370663701045
2698,2698,National Bank of Egypt,EG177475491187786293190617365,1896929193897
2699,2699,Bank of Alexandria,EG467176837827034288496900960,9710876429343
2700,2700,Commercial International Bank,EG693155831734878768292440113,6466418979208
2701,2701,Banque du Caire,EG386277397943894171365298515,2780376441006
2702,2702,HSBC Egypt,EG082413692402619435977527564,1596970654672
2703,2703,Faisal Islamic Bank,EG072418780414552755784770485,8105742850178
2704,2704,Banque Misr,EG870608768197729711942340163,6094433421258
2705,2705,QNB Alahli,EG579336697707341366743082772,4830998386197
2706,2706,Bank of Alexandria,EG719398666759631677237492449,7991851120205
2707,2707,Banque du Caire,EG341535379706124941375629154,1069864255898
2708,2708,Commercial International Bank,EG242592571731221996759013901,9503729366337
2709,2709,Faisal Islamic Bank,EG900110658946027662272956817,3173449985165
2710,2710,Bank of Alexandria,EG606087653793094595033020870,8629193265490
2711,2711,Banque Misr,EG195528186679816923437175420,8797289865076
2712,2712,QNB Alahli,EG026726404190739045450096165,7330083511557
2713,2713,QNB Alahli,EG075525341709732072613302516,1367218074541
2714,2714,Bank of Alexandria,EG281599532346446481106854022,8626597984821
2715,2715,HSBC Egypt,EG213670488028462224804440401,8118149354295
2716,2716,Commercial International Bank,EG565547836504555348931415448,8263030284264
2717,2717,QNB Alahli,EG327832652207910536951325259,9468902241002
2718,2718,Banque Misr,EG847973943631318951590279639,0315771759436
2719,2719,National Bank of Egypt,EG488381995167663124994918413,9832017563427
2720,2720,Banque Misr,EG896113565176849337396343797,0448652148507
2721,2721,Faisal Islamic Bank,EG050547437503984202029538832,1091992334311
2722,2722,Faisal Islamic Bank,EG086341506547564513307726575,4069775076936
2723,2723,HSBC Egypt,EG421461258251160437184143261,7515254274683
2724,2724,National Bank of Egypt,EG774589513418596262246380017,7598652290653
2725,2725,HSBC Egypt,EG788008199778355967059114766,8552296974593
2726,2726,Bank of Alexandria,EG730117622021619979813310387,7043387279216
2727,2727,QNB Alahli,EG356946898365318646507212686,4196937862143
2728,2728,Faisal Islamic Bank,EG847247998320817214923603420,3484060059279
2729,2729,HSBC Egypt,EG616355442122720406112344498,6655639215629
2730,2730,QNB Alahli,EG518138387225577557714188648,3898435057541
2731,2731,QNB Alahli,EG481655959439025790925703735,0366698852632
2732,2732,Bank of Alexandria,EG822868481521596758185961690,1695056491608
2733,2733,Banque Misr,EG125080751763387109495231465,4915827955343
2734,2734,QNB Alahli,EG864196891185425631257372448,2722509908527
2735,2735,Faisal Islamic Bank,EG321446739727167803338482550,1886241950905
2736,2736,QNB Alahli,EG969768230203264263936333323,9173291711449
2737,2737,HSBC Egypt,EG320245213398375933989768478,3860220018854
2738,2738,Banque du Caire,EG049706415341455121899853197,0793970833683
2739,2739,QNB Alahli,EG269827239885178697685232287,2117709545720
2740,2740,Banque Misr,EG862632512382091984495436938,2012473260333
2741,2741,HSBC Egypt,EG126140985234000409200163840,9540296151768
2742,2742,Banque du Caire,EG518919486152727271391887168,8436087553855
2743,2743,Bank of Alexandria,EG932645084515746561539192135,1677789882178
2744,2744,QNB Alahli,EG632544055902656505231780682,3876724195501
2745,2745,Banque Misr,EG877933989661991040322018065,5628002294080
2746,2746,HSBC Egypt,EG785466965132822216044946548,4265214943235
2747,2747,Faisal Islamic Bank,EG527509806239369267799053604,5611304017784
2748,2748,QNB Alahli,EG868905731263391259645826570,6283327242691
2749,2749,Commercial International Bank,EG553684666986448317123358897,8410653814605
2750,2750,Banque Misr,EG939031815030957754527678942,1612898006357
2751,2751,National Bank of Egypt,EG168871963565585035232296598,3723257776740
2752,2752,Banque Misr,EG765258033681014722488590919,0986140224681
2753,2753,Commercial International Bank,EG130100117613852106718724201,9342518293979
2754,2754,HSBC Egypt,EG522512104393341478634728273,6311711310341
2755,2755,Bank of Alexandria,EG369581851245502278296861235,8321133368888
2756,2756,Commercial International Bank,EG379040559752495978522021633,1810800207366
2757,2757,National Bank of Egypt,EG272866516035829863190926994,9848947776304
2758,2758,Commercial International Bank,EG457348580479420665084497107,6839672595161
2759,2759,QNB Alahli,EG539779792274430723005085677,7172474364684
2760,2760,Commercial International Bank,EG308839563712573594761970267,3349001767747
2761,2761,Bank of Alexandria,EG585793807907910681856109714,6154647909698
2762,2762,Banque Misr,EG827232726741254086891532755,3374899063765
2763,2763,National Bank of Egypt,EG085923743636623237311650163,3360530426970
2764,2764,Banque Misr,EG383697768949319552642686617,4529556072314
2765,2765,Banque du Caire,EG981712408119460827712037331,7915822619465
2766,2766,Banque Misr,EG966058807561477086216728868,7887916020180
2767,2767,Banque du Caire,EG497818430429901893060501840,4867900804272
2768,2768,Banque Misr,EG437575413065561888210471731,2409208090680
2769,2769,Faisal Islamic Bank,EG659284837409582497674306135,8743425980439
2770,2770,Banque Misr,EG071320747377569757693066615,4296239922270
2771,2771,Banque du Caire,EG327773866061591687871544205,3904788113661
2772,2772,Banque du Caire,EG499329170741104328215657243,0175016520510
2773,2773,QNB Alahli,EG417886682192841587090163048,2933360165310
2774,2774,National Bank of Egypt,EG916752223568356713222048370,2305518305550
2775,2775,Commercial International Bank,EG153893732144280632253405224,6991315486109
2776,2776,Faisal Islamic Bank,EG198390763646952936804008805,9443834381740
2777,2777,Banque du Caire,EG428849365827252406271187534,0582449826513
2778,2778,Bank of Alexandria,EG380215719089540401784808076,7287392321299
2779,2779,Banque Misr,EG554386302059400918791819461,4174069721147
2780,2780,HSBC Egypt,EG891547313736493754935840865,7579391025984
2781,2781,HSBC Egypt,EG898541852219457303222921583,0827901477532
2782,2782,Banque du Caire,EG536696637154769987101354352,1412364623453
2783,2783,Banque Misr,EG776701630559543104039749987,9568846283167
2784,2784,Commercial International Bank,EG326098459557237882060372502,8788651370153
2785,2785,National Bank of Egypt,EG053044257183073537031352724,2584168749873
2786,2786,National Bank of Egypt,EG386010888484553112634957086,7132781044753
2787,2787,Commercial International Bank,EG988350410512191250564405821,3473963344698
2788,2788,QNB Alahli,EG557960579092475030770827693,9632900127278
2789,2789,National Bank of Egypt,EG467980916113473361034285859,0255837128779
2790,2790,Bank of Alexandria,EG873487727376235199585091004,8566229626280
2791,2791,Bank of Alexandria,EG692209839767562679135348013,9250725469807
2792,2792,Commercial International Bank,EG920280399565556847390416650,3870110132454
2793,2793,Commercial International Bank,EG215513875222663896089005141,0074556281354
2794,2794,Banque Misr,EG384382407161222971264938137,5111716104776
2795,2795,Banque Misr,EG747594398216576126587408525,2966024218470
2796,2796,Banque du Caire,EG910179949892837278021743565,6620741236908
2797,2797,National Bank of Egypt,EG152100874257897818457520652,7717153435065
2798,2798,Faisal Islamic Bank,EG353135016554859822704658004,9290351359852
2799,2799,National Bank of Egypt,EG136449269425801463506265467,4020106423893
2800,2800,QNB Alahli,EG700513156544854002403341304,6774933264363
2801,2801,Bank of Alexandria,EG593713799086915790538338282,8128105629686
2802,2802,Commercial International Bank,EG487287587874896537097673524,7991090546348
2803,2803,Banque Misr,EG096597512347697609147581931,3362979261462
2804,2804,HSBC Egypt,EG061740234075414031584143038,8382883084045
2805,2805,Commercial International Bank,EG725796817063689884011399372,5528433701478
2806,2806,Bank of Alexandria,EG317166139790767467250440359,0946935382678
2807,2807,Commercial International Bank,EG520848574121516326462620873,3745734805452
2808,2808,Faisal Islamic Bank,EG892201348803236835308863326,3604572294245
2809,2809,Commercial International Bank,EG121941244914296296391392761,3040951624932
2810,2810,Bank of Alexandria,EG601236260807978873425772270,3076473108436
2811,2811,Bank of Alexandria,EG319468253135618724760780218,6624199246466
2812,2812,National Bank of Egypt,EG598785141973517204676044145,8629193294716
2813,2813,Commercial International Bank,EG966471455329158165491749010,7792770582385
2814,2814,National Bank of Egypt,EG622373878769229895453845699,9182573612119
2815,2815,Banque Misr,EG787167495968930678625864557,0781507897089
2816,2816,Faisal Islamic Bank,EG317897380320152803552342559,9149176773016
2817,2817,HSBC Egypt,EG450142269225852799073013884,7886234843598
2818,2818,Bank of Alexandria,EG415915290499618199115306466,5141509339115
2819,2819,National Bank of Egypt,EG225726896549104264497693061,6025967639731
2820,2820,Banque Misr,EG192348340066152986113075744,9498475317094
2821,2821,QNB Alahli,EG985330191089894012806120418,2426068671266
2822,2822,HSBC Egypt,EG551757297994911728237962389,9290039180251
2823,2823,Faisal Islamic Bank,EG054933597057674018764391466,9179061926272
2824,2824,HSBC Egypt,EG309169510652810712020681759,0545392114701
2825,2825,Bank of Alexandria,EG312240012695307788914406247,0306519036907
2826,2826,Banque Misr,EG798297558532126264195258345,5016235446351
2827,2827,HSBC Egypt,EG279097184805336471342475995,8528544262047
2828,2828,HSBC Egypt,EG178828410301768027776837988,3785686912139
2829,2829,Banque du Caire,EG393879418955870296834604142,9632022848429
2830,2830,Commercial International Bank,EG269395668932557540227620759,6093639851138
2831,2831,Faisal Islamic Bank,EG176840039102722987073200781,5011891259379
2832,2832,Banque du Caire,EG465103625248057939448780328,4664402772504
2833,2833,Commercial International Bank,EG901456116234946427640300141,0467345497488
2834,2834,National Bank of Egypt,EG679607705765727844469501925,1940502419089
2835,2835,Bank of Alexandria,EG040217177956667243579179741,4292852232059
2836,2836,HSBC Egypt,EG819486955997389547348576326,7452291356043
2837,2837,Faisal Islamic Bank,EG583365403435920270985064340,4244572053436
2838,2838,National Bank of Egypt,EG310886297048330753929694511,7115488418192
2839,2839,Banque Misr,EG911033664437948787936990745,8189605861163
2840,2840,Banque du Caire,EG702951180445237154843948753,0345253751784
2841,2841,Banque du Caire,EG874373983026579503496766468,0342327679909
2842,2842,National Bank of Egypt,EG616806869337054038398672167,5693933821636
2843,2843,Commercial International Bank,EG957865309685080182632112017,3548598542949
2844,2844,Banque du Caire,EG517653961550005532620402081,1370770220589
2845,2845,Bank of Alexandria,EG199625899319252828640826507,3244187293149
2846,2846,Banque Misr,EG068323454034112776362809557,1046257179023
2847,2847,HSBC Egypt,EG347592254065873148765834869,2943424423420
2848,2848,National Bank of Egypt,EG911910308082283776917803647,4263801176370
2849,2849,Faisal Islamic Bank,EG359283020704635103046946087,4474558140005
2850,2850,Faisal Islamic Bank,EG721026569577971815928081950,5417016590882
2851,2851,Banque du Caire,EG600806655722679529957665930,4009518805056
2852,2852,Bank of Alexandria,EG369964916109568517321311471,5422503429434
2853,2853,Commercial International Bank,EG275274039111710337321504325,8697550290068
2854,2854,HSBC Egypt,EG109207089081201418818513343,2491153479157
2855,2855,Commercial International Bank,EG955043811190328038548909337,5241223100711
2856,2856,Commercial International Bank,EG833267601673109868488961646,4830600240246
2857,2857,Commercial International Bank,EG918831571357204129752487104,9736366285952
2858,2858,Commercial International Bank,EG593854051228853751104140376,6113836314441
2859,2859,Faisal Islamic Bank,EG488245944833567860435888676,4624501022990
2860,2860,Banque Misr,EG441696884812085735662069793,5782751070904
2861,2861,Faisal Islamic Bank,EG918130232942348094400827985,7498391167578
2862,2862,HSBC Egypt,EG280500461883275780573150403,4441729052985
2863,2863,Commercial International Bank,EG899998670741075170514304374,6468844818537
2864,2864,Commercial International Bank,EG969429576698318251324942954,4678602654023
2865,2865,Commercial International Bank,EG845871354913297584204399015,2967682514766
2866,2866,National Bank of Egypt,EG115324857805164767083863822,4136645231772
2867,2867,QNB Alahli,EG324443423784847186437220839,4569201918820
2868,2868,National Bank of Egypt,EG874711313922810520289455384,0919632938707
2869,2869,National Bank of Egypt,EG928771294969514961138672091,0483377499246
2870,2870,Bank of Alexandria,EG966655615389775658462967342,7126421801811
2871,2871,Bank of Alexandria,EG221180975587221333311281813,3971376330272
2872,2872,HSBC Egypt,EG955205831968911320454553090,6016932770644
2873,2873,National Bank of Egypt,EG336313342593054686582666815,8334692370675
2874,2874,Commercial International Bank,EG501499014169441536011117659,6424636066794
2875,2875,Banque Misr,EG356374285564158677914077583,8747603867795
2876,2876,HSBC Egypt,EG847885323611781325262956842,4820648650933
2877,2877,Bank of Alexandria,EG661289545544705832421306839,4791848133705
2878,2878,Faisal Islamic Bank,EG649419189634200597371457026,0009113599453
2879,2879,HSBC Egypt,EG244850750437308554379656023,9774776388302
2880,2880,QNB Alahli,EG360454030721554907565511069,9385757711402
2881,2881,Bank of Alexandria,EG730812480209914001021439383,8045374427486
2882,2882,Commercial International Bank,EG053924188844078670849987986,4188648166233
2883,2883,Banque Misr,EG260295174267334198622891018,0314858431680
2884,2884,HSBC Egypt,EG423090897046840211554018425,8633846377882
2885,2885,Banque du Caire,EG235793357221637710252073854,7941903963476
2886,2886,Faisal Islamic Bank,EG409469903790803362869135239,0984604878161
2887,2887,Bank of Alexandria,EG397734819100725831144324699,3011343491127
2888,2888,National Bank of Egypt,EG858086160361645523401063635,2192399173870
2889,2889,National Bank of Egypt,EG854525688258881892162768451,2458412430951
2890,2890,Bank of Alexandria,EG414645939047712422879759230,8006640958680
2891,2891,Faisal Islamic Bank,EG250455343550969124399899399,8133701596754
2892,2892,HSBC Egypt,EG846944078976909323571192766,6497660697402
2893,2893,National Bank of Egypt,EG953960577405507713310809306,8105682637580
2894,2894,Commercial International Bank,EG308084998858524162288514798,6638889311065
2895,2895,Commercial International Bank,EG767985118083920441788859088,7212049428636
2896,2896,QNB Alahli,EG855092623631037769549848372,6290597075616
2897,2897,QNB Alahli,EG329661963525926481314952250,9597785621464
2898,2898,Bank of Alexandria,EG897685223017048129247731439,2801266645880
2899,2899,Bank of Alexandria,EG305320164098716679270385580,0365033045723
2900,2900,Commercial International Bank,EG264140396371856236281726796,0073175998447
2901,2901,Commercial International Bank,EG517251842380361575074416128,9960843775696
2902,2902,Banque Misr,EG163253854718497320364963914,3261204777821
2903,2903,National Bank of Egypt,EG505140229719359880861628978,8828376975842
2904,2904,Bank of Alexandria,EG903558703607223465370751939,6761636452792
2905,2905,Banque du Caire,EG049938805741451355054980157,2653494664994
2906,2906,Bank of Alexandria,EG176085411037686614835764835,1852614219029
2907,2907,Banque du Caire,EG094666143812368546693343292,6892315396531
2908,2908,Bank of Alexandria,EG335742501641744853755278689,8960510506085
2909,2909,Commercial International Bank,EG677671586003086461454769104,6025980925928
2910,2910,Faisal Islamic Bank,EG190812642158887119254173287,9073083393778
2911,2911,Faisal Islamic Bank,EG027062533895680968727359200,5454792592542
2912,2912,National Bank of Egypt,EG854411633459679879632511596,5536459047772
2913,2913,QNB Alahli,EG697413826407309489259866314,2475761747826
2914,2914,HSBC Egypt,EG169120787848894089457320115,8096220957412
2915,2915,Banque Misr,EG516252925838768335419436684,4394627211937
2916,2916,Bank of Alexandria,EG279752489715521007964327068,3372653944459
2917,2917,Banque Misr,EG317859349325146893874742007,9891187011570
2918,2918,Commercial International Bank,EG249504358570010705893391856,0301820226206
2919,2919,Commercial International Bank,EG391406381260574686757049197,7915063731643
2920,2920,Commercial International Bank,EG230774470510410713048942571,9496121322152
2921,2921,HSBC Egypt,EG710903759324335800548444125,7457856112494
2922,2922,QNB Alahli,EG264162815294707731982808750,6212856080102
2923,2923,HSBC Egypt,EG863913916518277712032813788,0900339663519
2924,2924,HSBC Egypt,EG035540597302326086210459009,2066056152048
2925,2925,Bank of Alexandria,EG173963990294406417156479907,1600181819507
2926,2926,Bank of Alexandria,EG595660397867209876438749218,7856372286764
2927,2927,Commercial International Bank,EG434956809077144334062792648,7292107346327
2928,2928,National Bank of Egypt,EG199184273450020602736198097,6629065483951
2929,2929,Bank of Alexandria,EG605153959204574322476929519,6953946089940
2930,2930,National Bank of Egypt,EG242265643529357341351987357,0881486692462
2931,2931,Commercial International Bank,EG567201093120873068146544164,2351449348711
2932,2932,HSBC Egypt,EG252212373312686940995936750,9999637841401
2933,2933,QNB Alahli,EG471460068751423778743920840,4682774010939
2934,2934,QNB Alahli,EG309405787796856219791696449,1846590925830
2935,2935,Banque Misr,EG140042843736678536549327872,8947653558916
2936,2936,Banque Misr,EG296421971036357464958441019,7345213977523
2937,2937,Commercial International Bank,EG748642113756495882798163988,1326844326179
2938,2938,HSBC Egypt,EG970549179183594595708581447,8140726583877
2939,2939,Banque du Caire,EG307361881181826647540607602,6230546506514
2940,2940,Bank of Alexandria,EG465847751776375506008327299,6637341919753
2941,2941,Banque du Caire,EG402637591114869549032956768,9586160528672
2942,2942,Faisal Islamic Bank,EG071337407942842738477605641,4756246728166
2943,2943,National Bank of Egypt,EG211598220835410567142161600,4254759154808
2944,2944,National Bank of Egypt,EG521471774499600825581144239,1964211973277
2945,2945,HSBC Egypt,EG908121775873494621487750532,4034970343229
2946,2946,Commercial International Bank,EG498106160029421893588530972,5390233486785
2947,2947,Bank of Alexandria,EG088829976452138888546610789,1707049764486
2948,2948,QNB Alahli,EG419199084902134268830532543,0632904793782
2949,2949,National Bank of Egypt,EG620971283547875138697143272,4583656968184
2950,2950,Banque Misr,EG582005869115467151453366227,7257206744019
2951,2951,HSBC Egypt,EG511401844019826163682351807,4198470918637
2952,2952,National Bank of Egypt,EG836832826162986213514028751,7767486297706
2953,2953,HSBC Egypt,EG127788558671822984868895160,7778506716701
2954,2954,QNB Alahli,EG627946899716730045924055321,8815506842560
2955,2955,Banque du Caire,EG226483004900624220640770580,5269688562217
2956,2956,Banque Misr,EG682669136306332401532843752,2914158669313
2957,2957,Banque du Caire,EG620549612103791624516426543,8631131131479
2958,2958,Banque Misr,EG862773539466603759495832705,2425022560134
2959,2959,Bank of Alexandria,EG683428764730204332820942307,0200808732448
2960,2960,QNB Alahli,EG951713940238012695596200309,3375167878859
2961,2961,Commercial International Bank,EG172295447374197376146311222,6429624501780
2962,2962,Banque Misr,EG328852578772503279089919026,2544152373729
2963,2963,Commercial International Bank,EG157749471031150148973407335,9684839358453
2964,2964,Commercial International Bank,EG830807958962276633472451282,2975246863818
2965,2965,Faisal Islamic Bank,EG021533571725803669676936699,5971072964033
2966,2966,Commercial International Bank,EG137733201034150469853972070,2998751679423
2967,2967,Faisal Islamic Bank,EG627255598181057517594744700,2698269484263
2968,2968,Banque du Caire,EG052487848562415892065310295,9024316395325
2969,2969,National Bank of Egypt,EG317603260720549908627163477,1628185299492
2970,2970,Bank of Alexandria,EG251727330414108600316611824,2053537530143
2971,2971,Faisal Islamic Bank,EG632535553443722533868064686,5092553451364
2972,2972,QNB Alahli,EG089701678762972032909180811,3850511892191
2973,2973,Banque du Caire,EG802392665188757467786831712,4722268562464
2974,2974,Banque Misr,EG555815666992128436994425787,4505286578109
2975,2975,Banque du Caire,EG554390005477931344881358800,3918587179767
2976,2976,Bank of Alexandria,EG383025534792615701255745086,0537349482152
2977,2977,Faisal Islamic Bank,EG405445246536080808244980757,6108865952631
2978,2978,Banque Misr,EG623034004348474890496158181,0991585735812
2979,2979,Commercial International Bank,EG602024750531603443397854910,4069799794165
2980,2980,National Bank of Egypt,EG351865810871971140773213479,5691857093918
2981,2981,QNB Alahli,EG564325728297114892399166967,2576614244429
2982,2982,Commercial International Bank,EG879392893593503891030166772,5585966551744
2983,2983,Commercial International Bank,EG587384419452375491396212921,9167019373557
2984,2984,QNB Alahli,EG864727131817902860335097364,5457555961422
2985,2985,Banque Misr,EG574171119030388085643968297,4335578350246
2986,2986,Commercial International Bank,EG739580118040725030699116286,3656589323402
2987,2987,Commercial International Bank,EG334938714729051308835880520,5675779101807
2988,2988,Banque du Caire,EG803867407050574873672668459,8362960814270
2989,2989,HSBC Egypt,EG600516814208317985151661774,9615038911051
2990,2990,Banque Misr,EG660387999670146462460079104,1980744366568
2991,2991,Bank of Alexandria,EG772451015910282456597806908,7033024534004
2992,2992,Commercial International Bank,EG032753062405637875094481498,0960791077232
2993,2993,QNB Alahli,EG324607850729538920230245780,4407242374292
2994,2994,Bank of Alexandria,EG445934737022482354714544567,2352523167701
2995,2995,HSBC Egypt,EG130679575433215161458841891,6259170995362
2996,2996,Banque du Caire,EG959986379914547768396705845,2010218943214
2997,2997,Banque Misr,EG593507067375349499451498413,1763957867181
2998,2998,HSBC Egypt,EG169886258960074388128023889,5279627077381
2999,2999,QNB Alahli,EG680248548075144121577268015,2109167015183
3000,3000,National Bank of Egypt,EG830057977168530382850934059,2372527785988
3001,3001,HSBC Egypt,EG065299573593609095169155162,8711452436731
3002,3002,National Bank of Egypt,EG201146955066745684221139341,3515837425323
3003,3003,Banque du Caire,EG325077341573882244842027875,5454079336128
3004,3004,Commercial International Bank,EG581199686231716299294745487,9608698087568
3005,3005,National Bank of Egypt,EG985986296149058614057248101,7838255605413
3006,3006,Banque du Caire,EG579992187189901421762198019,5781326313596
3007,3007,QNB Alahli,EG843229841299372560876158339,7487531068297
3008,3008,Banque du Caire,EG886114466759684990905138013,4143899603328
3009,3009,Bank of Alexandria,EG186823993862108188882207690,6838129024237
3010,3010,Banque Misr,EG751638596632286857345059158,7970179988171
3011,3011,Banque Misr,EG745045535117281897253454911,8982901379913
3012,3012,QNB Alahli,EG201674183158952121519897370,3879975040388
3013,3013,Faisal Islamic Bank,EG033723719482690681455289599,8919214643129
3014,3014,HSBC Egypt,EG389386348573588466121646185,0889652456082
3015,3015,Banque du Caire,EG534587651486456556677891060,2080985357387
3016,3016,Commercial International Bank,EG636229260615250233464689632,9406818176770
3017,3017,National Bank of Egypt,EG746177025957444840800852686,3027236443242
3018,3018,Bank of Alexandria,EG350651992421672418585306121,6869498329467
3019,3019,National Bank of Egypt,EG256183684823558590934966857,0224331719349
3020,3020,Banque du Caire,EG749804461862823325481855014,8320226049696
3021,3021,Bank of Alexandria,EG814730965137975988084463342,0857950854974
3022,3022,Bank of Alexandria,EG642958500764417674401778015,9723279120500
3023,3023,National Bank of Egypt,EG047897312014976669661077676,4460368218427
3024,3024,Banque Misr,EG579228963874005940566409130,5651345943226
3025,3025,QNB Alahli,EG326433523691099974999691098,0167617385078
3026,3026,Commercial International Bank,EG686199976807716105521246305,5111678643613
3027,3027,Commercial International Bank,EG247322746511703231923813630,2925980012757
3028,3028,Faisal Islamic Bank,EG175320551081245361548199833,9268223758726
3029,3029,National Bank of Egypt,EG944866180490301811018650883,9384754572515
3030,3030,HSBC Egypt,EG717615704778328664305722784,9153228120707
3031,3031,QNB Alahli,EG288310315336528468366087159,8957389254941
3032,3032,Banque du Caire,EG868905880530924899766568518,2009672473433
3033,3033,Commercial International Bank,EG627651348211469800621592524,9073200337726
3034,3034,QNB Alahli,EG481506817422584654843016671,1638370092202
3035,3035,National Bank of Egypt,EG557838147938040742165225333,8251397780761
3036,3036,Faisal Islamic Bank,EG811839018284445813347313966,3702022040685
3037,3037,National Bank of Egypt,EG726372838036843998484862296,4288216055426
3038,3038,Banque Misr,EG251866610208652919614715459,0350431610634
3039,3039,QNB Alahli,EG087902241947985392040660767,9301600027050
3040,3040,QNB Alahli,EG449772543331085338912332124,1200832912277
3041,3041,Banque du Caire,EG182977821676040099643795801,2230526400451
3042,3042,Banque du Caire,EG508696327918568549811939603,8724418125405
3043,3043,QNB Alahli,EG915304488997937191583639988,4328085743083
3044,3044,Bank of Alexandria,EG378378035163910424064895200,1984855672288
3045,3045,National Bank of Egypt,EG329017253593294233654158941,6941658010207
3046,3046,Bank of Alexandria,EG467801837447390984922516708,5327540536601
3047,3047,HSBC Egypt,EG703763822898012718006726539,8846007477518
3048,3048,HSBC Egypt,EG275574683367279268917583387,5248442333699
3049,3049,Bank of Alexandria,EG718248224631610339028422419,2379097041650
3050,3050,National Bank of Egypt,EG791655316660691740871750387,8430512835954
3051,3051,Faisal Islamic Bank,EG503966009358132051838372663,9175893940328
3052,3052,HSBC Egypt,EG895806216289842308007957541,7669166503285
3053,3053,Bank of Alexandria,EG724435344094008366134378279,5051885893615
3054,3054,Bank of Alexandria,EG475044763470594040877589638,8917418234251
3055,3055,Bank of Alexandria,EG210788538787910075655013704,8103695048864
3056,3056,Banque Misr,EG254205015772948441435124078,9267942950272
3057,3057,Commercial International Bank,EG221170629052586533226909532,9023485664880
3058,3058,Banque du Caire,EG401318410516048406430278506,4914056142392
3059,3059,Bank of Alexandria,EG211633777621049222733764874,6174127917210
3060,3060,QNB Alahli,EG291030881199360087962169408,3075660807689
3061,3061,Bank of Alexandria,EG695743405331715877372707510,5733531746873
3062,3062,National Bank of Egypt,EG259922587417385826568868384,3345510012755
3063,3063,Commercial International Bank,EG760056101875276727910090245,4218488283496
3064,3064,National Bank of Egypt,EG300160606321240391028854542,8058821381053
3065,3065,Banque du Caire,EG425126127134515834733817368,0475683413784
3066,3066,National Bank of Egypt,EG628344879520663504638774021,7798494611113
3067,3067,Banque Misr,EG519149643464728250781494082,8072727609765
3068,3068,HSBC Egypt,EG965094028926263140832440214,1348977096774
3069,3069,QNB Alahli,EG492934880736388602487157504,4857064546092
3070,3070,National Bank of Egypt,EG281930288521880116530846346,6045369917187
3071,3071,Bank of Alexandria,EG361051079836298633246136998,0425333884891
3072,3072,Banque Misr,EG740262675848138212827023478,0546896265344
3073,3073,Bank of Alexandria,EG870001034287737983649461117,8942900447108
3074,3074,QNB Alahli,EG943000140797220780378243171,0181333319027
3075,3075,Banque du Caire,EG168635776628783959001724251,7848605483645
3076,3076,Bank of Alexandria,EG390974293738194658863531220,2830003274385
3077,3077,Faisal Islamic Bank,EG300235938986473335871663095,7827860642929
3078,3078,Banque du Caire,EG360208115005776975677083015,3464357336421
3079,3079,Bank of Alexandria,EG613873937896964458985954892,7535352256102
3080,3080,Banque du Caire,EG672489571771754210106068914,5574957887392
3081,3081,Commercial International Bank,EG905042008987790637201851231,0593066282382
3082,3082,Commercial International Bank,EG224044548045080396379684953,1501706489563
3083,3083,Faisal Islamic Bank,EG235399867170739999990198652,3188879607935
3084,3084,National Bank of Egypt,EG574742001608127804382527633,8152978268578
3085,3085,Faisal Islamic Bank,EG962415411344617174522404521,2273123213904
3086,3086,HSBC Egypt,EG870702177430685844333077615,0568418082036
3087,3087,Commercial International Bank,EG079372262940442181959912417,6216019471363
3088,3088,HSBC Egypt,EG764174637311511624794909311,8241891987456
3089,3089,HSBC Egypt,EG621992908820421750843124643,0511905822266
3090,3090,QNB Alahli,EG544608363832535982721761295,2516956635386
3091,3091,QNB Alahli,EG772314853825410538629649181,8820732883927
3092,3092,Banque Misr,EG461483674692719213180086118,9589067836056
3093,3093,HSBC Egypt,EG581421672753696422045807903,4305988156394
3094,3094,Banque Misr,EG633405938183433553801454874,5718162341188
3095,3095,Banque du Caire,EG535357786480032386123341305,6955184600121
3096,3096,HSBC Egypt,EG423782961715560253813346052,3530450621398
3097,3097,Banque du Caire,EG497093451765599968194499621,5576353861750
3098,3098,QNB Alahli,EG627582204174274630430346613,6011995993737
3099,3099,National Bank of Egypt,EG574007154174450525303025628,4431335663701
3100,3100,QNB Alahli,EG127982471102514810142062670,1532568749821
3101,3101,National Bank of Egypt,EG484998296500945321868356804,0531071410358
3102,3102,National Bank of Egypt,EG662475578478294466812636162,8146279332940
3103,3103,Banque Misr,EG887620310870411393549767145,3536007859069
3104,3104,Bank of Alexandria,EG029392410119646843957120301,1911282239599
3105,3105,Commercial International Bank,EG919383704187751539262444844,4363892433945
3106,3106,Bank of Alexandria,EG265866640655835428105969917,1614646703968
3107,3107,Banque Misr,EG501985298077957951243077555,5284333339173
3108,3108,HSBC Egypt,EG902805385093998017651479317,3255023699687
3109,3109,QNB Alahli,EG624811659946761133156596751,5776817628851
3110,3110,Banque du Caire,EG432767457002993453189040218,9209327422068
3111,3111,Banque Misr,EG357256913035898847299789721,5262815885638
3112,3112,Commercial International Bank,EG020373030346268251793383685,3051794322808
3113,3113,Faisal Islamic Bank,EG929337523715390819564238719,2556957936812
3114,3114,Banque du Caire,EG637930598228141014930051402,0778356157917
3115,3115,National Bank of Egypt,EG598670028333115892742467428,4454504060542
3116,3116,Banque du Caire,EG701247115596000620515205988,0066259473346
3117,3117,Banque Misr,EG732426207074244750669474882,3991353096166
3118,3118,HSBC Egypt,EG788555674581100160626330150,4223837046311
3119,3119,Commercial International Bank,EG743822069351995307623246924,0990102436328
3120,3120,Faisal Islamic Bank,EG305297961398103398292855739,7553811479169
3121,3121,QNB Alahli,EG141881078444892824812806277,4316440268318
3122,3122,National Bank of Egypt,EG040365024699877854478593494,9493214907086
3123,3123,QNB Alahli,EG109670492353051165208406683,5204609076377
3124,3124,Bank of Alexandria,EG044973369703318475702787443,3006660773008
3125,3125,HSBC Egypt,EG287312177491006410688506025,7520654206493
3126,3126,HSBC Egypt,EG281091408944488355074828886,4565703697966
3127,3127,QNB Alahli,EG346982156146044637006332433,6061991305097
3128,3128,Banque du Caire,EG212903767895132602755840847,2105558697196
3129,3129,Bank of Alexandria,EG222716461336860961781698247,1043219489852
3130,3130,HSBC Egypt,EG096940538534675656434083645,3896383429288
3131,3131,QNB Alahli,EG190390881735629899040502123,9018825407207
3132,3132,HSBC Egypt,EG833254993672322234120811247,1857645470972
3133,3133,HSBC Egypt,EG221801869226515566498553894,8165870283986
3134,3134,Faisal Islamic Bank,EG023064284457520119294690386,1869302395856
3135,3135,Faisal Islamic Bank,EG208656845081058517251224189,8567358116137
3136,3136,National Bank of Egypt,EG240402549549666795329930922,3961236657827
3137,3137,HSBC Egypt,EG432110619048896963430811815,1997995049678
3138,3138,HSBC Egypt,EG138350878735086066801715597,0521995593594
3139,3139,Bank of Alexandria,EG693828586350432981216493510,1914839966216
3140,3140,Banque Misr,EG831751663826521786322136349,9423205064688
3141,3141,Banque Misr,EG410904221304358533879092747,7575968383192
3142,3142,Faisal Islamic Bank,EG794308910828516014887818035,4686063311685
3143,3143,Commercial International Bank,EG494050419808487083761590360,2553472121240
3144,3144,Commercial International Bank,EG036888795022839555411282926,8311664512184
3145,3145,Bank of Alexandria,EG918391362131430732019604389,6125134528113
3146,3146,National Bank of Egypt,EG079372145006104620059155576,4687117545008
3147,3147,Banque Misr,EG511780500080035822025514639,6169191440275
3148,3148,Banque du Caire,EG507580583118066363640430699,6231767394053
3149,3149,Bank of Alexandria,EG888018830223508797029545492,2875086603684
3150,3150,QNB Alahli,EG081412900586359879860857757,6845139841092
3151,3151,Faisal Islamic Bank,EG611723417322058280904244344,9665056319500
3152,3152,Banque Misr,EG028568111895064024245960596,5450662720003
3153,3153,National Bank of Egypt,EG757990402056294135644546799,2059456503564
3154,3154,Commercial International Bank,EG810783578008110042062915337,3106796256618
3155,3155,HSBC Egypt,EG845635720470215783979384133,0571782740875
3156,3156,Faisal Islamic Bank,EG940718811149843494123147225,7734402885747
3157,3157,Banque du Caire,EG175910376886359844811057208,1085357335015
3158,3158,Bank of Alexandria,EG347006289088244178710149888,0354277134479
3159,3159,HSBC Egypt,EG916140688591631289959710897,9249909572570
3160,3160,Bank of Alexandria,EG486294469899120567682281975,3897045717542
3161,3161,Faisal Islamic Bank,EG912002269459914098406629740,3679381187735
3162,3162,HSBC Egypt,EG581260414582209924470257668,0183189363252
3163,3163,Banque du Caire,EG397724808075178373362965846,0621884693945
3164,3164,HSBC Egypt,EG873059256871223518546322618,4956118472307
3165,3165,Banque Misr,EG929149464291437447489244318,7882222833736
3166,3166,Bank of Alexandria,EG819090376557023607973357420,9077781376465
3167,3167,QNB Alahli,EG615433776192730413521776282,7902056393475
3168,3168,Commercial International Bank,EG423035615381866833214559245,4670488463275
3169,3169,Banque Misr,EG748663292835601394620915159,4459947493342
3170,3170,Commercial International Bank,EG708059072421945300751267334,0852655332482
3171,3171,National Bank of Egypt,EG386829906981372325683150852,4896837671125
3172,3172,Bank of Alexandria,EG488176825744884966880075072,9302048038691
3173,3173,HSBC Egypt,EG950133764473457934448832092,6269584568818
3174,3174,National Bank of Egypt,EG160294273795708166598506385,4165305607529
3175,3175,Commercial International Bank,EG711136159412535927068927300,5647256620080
3176,3176,National Bank of Egypt,EG813472049134341060742697228,1965912817435
3177,3177,Faisal Islamic Bank,EG430521974138375406496682844,4914584731580
3178,3178,Banque Misr,EG681153430081334838844615768,5433818302090
3179,3179,National Bank of Egypt,EG832438584191171327324946552,0094531530651
3180,3180,Commercial International Bank,EG305955079694695767810234192,7313473877947
3181,3181,Banque Misr,EG250387387497257197807490042,2765388843206
3182,3182,National Bank of Egypt,EG468448049594713109892449603,2296451259565
3183,3183,Banque Misr,EG142045615200363185935031701,1548001103774
3184,3184,Banque Misr,EG652658338154594777555145960,3733261479552
3185,3185,Banque Misr,EG888594610959112381982326974,1895899114378
3186,3186,National Bank of Egypt,EG765418357037734932916932406,9176453901071
3187,3187,Faisal Islamic Bank,EG173072912455821520619961846,2170509842810
3188,3188,Banque du Caire,EG187710271180018847017436771,2661070123580
3189,3189,Faisal Islamic Bank,EG387098578177552124745226698,3507346551658
3190,3190,Banque Misr,EG741574137988763758154370122,0464767280523
3191,3191,National Bank of Egypt,EG874988344657688426829798704,7124508129743
3192,3192,HSBC Egypt,EG040621702715819587135721714,8811506271673
3193,3193,National Bank of Egypt,EG121868114485150278827351428,7614770419844
3194,3194,Banque Misr,EG828929364215387488110001860,8341739090203
3195,3195,Banque du Caire,EG150089917261042943054819810,6444839074089
3196,3196,QNB Alahli,EG142211936293982046970142568,5504603377129
3197,3197,Commercial International Bank,EG515061771509369429502958907,1104696454999
3198,3198,Banque Misr,EG625222752175924531442460575,1289687439746
3199,3199,Faisal Islamic Bank,EG631074514583895341506393116,9471941343534
3200,3200,Faisal Islamic Bank,EG564850607526461199729296844,2301524269967
3201,3201,HSBC Egypt,EG410114182458594287734086601,4136456452713
3202,3202,Banque Misr,EG538930434363361216905849972,5074783692773
3203,3203,Banque Misr,EG153826220319481562206504826,0893540603654
3204,3204,National Bank of Egypt,EG854543756335727373433057081,9244981836759
3205,3205,Faisal Islamic Bank,EG102050480331966298881213654,0142975632325
3206,3206,Bank of Alexandria,EG535861103656213123134600572,1436044005775
3207,3207,Banque du Caire,EG433884338890094104968301811,3629563757052
3208,3208,HSBC Egypt,EG601563895752277703669559158,0110683810360
3209,3209,Commercial International Bank,EG150087371782768953669811410,2331518454581
3210,3210,Banque Misr,EG235067854614379370389927009,0601845490923
3211,3211,Commercial International Bank,EG731253878253792031605119415,4308609195053
3212,3212,HSBC Egypt,EG832698477913174028302286846,9554999092725
3213,3213,HSBC Egypt,EG423348548320658302721224345,2440331260543
3214,3214,HSBC Egypt,EG567721718739615159690451786,7637855301614
3215,3215,Banque Misr,EG531296431538552573092643462,2381181080323
3216,3216,Banque du Caire,EG176317857285929793309531081,0160205576729
3217,3217,National Bank of Egypt,EG439333486831798665522325989,0089674540596
3218,3218,QNB Alahli,EG333612219107251016499806285,0472789364130
3219,3219,Commercial International Bank,EG879721279501978609723822702,4368996203645
3220,3220,Banque du Caire,EG575341732706295841210622033,4743840662865
3221,3221,Commercial International Bank,EG587568360022408215138662945,1292976042231
3222,3222,Banque Misr,EG287786406643680383332953417,4819561788881
3223,3223,QNB Alahli,EG784199561005402895413537939,9616444083981
3224,3224,Banque Misr,EG761738715889251248487404847,1979741120275
3225,3225,Faisal Islamic Bank,EG543380438891459205832173484,1715952105558
3226,3226,Banque Misr,EG318375046658240573015774894,8042143446688
3227,3227,Bank of Alexandria,EG492797901089450832196378503,0403680504755
3228,3228,Faisal Islamic Bank,EG638827050744671169786393071,9315080911554
3229,3229,HSBC Egypt,EG943788869258013669670803559,1211881044603
3230,3230,Faisal Islamic Bank,EG809712857961794336138478514,9081240390095
3231,3231,Banque Misr,EG196127153225219405303386643,8741008111740
3232,3232,National Bank of Egypt,EG223625710374096175939761328,0817103736425
3233,3233,Commercial International Bank,EG022846308212649189900846609,9108567645829
3234,3234,Faisal Islamic Bank,EG370498080455489893603164977,1116550645753
3235,3235,HSBC Egypt,EG852043416698385877347331451,0060926805986
3236,3236,Faisal Islamic Bank,EG075709893194407480620930617,1571559095385
3237,3237,National Bank of Egypt,EG952514276701121581672615752,8383378902786
3238,3238,Commercial International Bank,EG703089981840414154939361447,6766816253606
3239,3239,Faisal Islamic Bank,EG373619552744575260640644076,4726078621758
3240,3240,Banque du Caire,EG256503649677229140499995278,2779610999700
3241,3241,Banque Misr,EG285614535337730878274926688,9356915007959
3242,3242,HSBC Egypt,EG433508727917698611353710024,3305371243625
3243,3243,HSBC Egypt,EG429737257548883589405405681,7965382074413
3244,3244,Banque Misr,EG030711737446644544627136889,8575640911603
3245,3245,QNB Alahli,EG030099202714995533315086070,8837488236277
3246,3246,Banque Misr,EG026228031957892759396751414,7792608306569
3247,3247,HSBC Egypt,EG127568331189595813270052420,4776418858166
3248,3248,HSBC Egypt,EG169256317639434629268397825,3060841893412
3249,3249,QNB Alahli,EG123307411626988746255657047,9469289149112
3250,3250,Banque du Caire,EG126009033795135056259842338,4890092919869
3251,3251,Bank of Alexandria,EG169517488914239217250722410,1999264040433
3252,3252,QNB Alahli,EG809251007084807956481160125,0373904430233
3253,3253,Faisal Islamic Bank,EG496100569655134183132443551,9532187830728
3254,3254,Commercial International Bank,EG155984808676076762624677541,0275973530499
3255,3255,Banque Misr,EG501753395232086154569679601,1025852658150
3256,3256,Bank of Alexandria,EG021318255663708835734151424,4945785772426
3257,3257,Banque Misr,EG313778217329644199802131929,2017579752728
3258,3258,HSBC Egypt,EG430746158531566591300366657,3223213639200
3259,3259,QNB Alahli,EG821763300984618142995064961,4533098349450
3260,3260,QNB Alahli,EG439302813303931983863095835,9530714395110
3261,3261,Banque du Caire,EG547974094569255176949253253,3010816099580
3262,3262,Commercial International Bank,EG837379139248229390696159250,0441080959464
3263,3263,Commercial International Bank,EG437425144352499061775596677,8443926739420
3264,3264,Banque du Caire,EG500919258007958915339661886,6831628090151
3265,3265,Banque Misr,EG761407860531384364470250674,6536800587394
3266,3266,Banque Misr,EG403706328354070443657808160,1501816869674
3267,3267,Banque Misr,EG652088475827152027817758764,6277604146999
3268,3268,Banque du Caire,EG744767486458243813663152255,0550067964750
3269,3269,Commercial International Bank,EG867865885237704648185006233,9161692489192
3270,3270,HSBC Egypt,EG807638171350823543314825079,7669872604316
3271,3271,QNB Alahli,EG863909525185645435333850935,7661125815131
3272,3272,QNB Alahli,EG190077008953771146531770862,3522151949254
3273,3273,HSBC Egypt,EG795899149137852467953153483,9321682705368
3274,3274,QNB Alahli,EG065931561144687779091891952,1950450195392
3275,3275,Bank of Alexandria,EG631161127443949372722367941,8629609423417
3276,3276,Bank of Alexandria,EG799249962055519107884182757,7250276599713
3277,3277,Banque Misr,EG193162682737266767316083934,5384695089429
3278,3278,Banque du Caire,EG350883610475192548505387173,7698219121125
3279,3279,Banque du Caire,EG721031883303304758545185816,2696396448021
3280,3280,QNB Alahli,EG839325303903218462106200879,0029680173077
3281,3281,HSBC Egypt,EG298697784066244717389643744,3623619417297
3282,3282,HSBC Egypt,EG408948523568225129097165413,4292987766911
3283,3283,Bank of Alexandria,EG630854212497407638464089486,0352450908598
3284,3284,Commercial International Bank,EG780015360098649691516576509,5665143456434
3285,3285,Banque du Caire,EG455080204123870945721274122,6767975153054
3286,3286,Faisal Islamic Bank,EG580946500053910256025221416,9434598561103
3287,3287,QNB Alahli,EG476604952987388268430670558,0680398208885
3288,3288,Faisal Islamic Bank,EG425310864716066232544855984,0187854445173
3289,3289,Banque Misr,EG082703672531090496162317965,5305281630975
3290,3290,National Bank of Egypt,EG510614358898099977954453912,3992809886122
3291,3291,Banque du Caire,EG777270988655905561697227631,5412201322110
3292,3292,Commercial International Bank,EG945335929857072475647187966,9817205411731
3293,3293,National Bank of Egypt,EG520014275316549752144841699,0765023071054
3294,3294,Faisal Islamic Bank,EG982898465655671468815793434,1983122333293
3295,3295,HSBC Egypt,EG955773062886257054811685879,2514773249977
3296,3296,Faisal Islamic Bank,EG433969075843969934122150389,8035304774735
3297,3297,Banque du Caire,EG148388844576249946264704034,6170851757934
3298,3298,HSBC Egypt,EG646266570155594734514037257,2803311137938
3299,3299,Banque du Caire,EG261524748725436492477860116,7852135043796
3300,3300,Banque du Caire,EG022358551351510592889053303,5756491814053
3301,3301,QNB Alahli,EG741131475058406652313929439,2159647271502
3302,3302,QNB Alahli,EG569681296481392989601131411,0286013898697
3303,3303,Banque Misr,EG831128554666957156937976145,2953126849753
3304,3304,HSBC Egypt,EG822390848951849642587064387,3792438396793
3305,3305,Faisal Islamic Bank,EG987112130285165285006286955,5048106437414
3306,3306,Banque Misr,EG761580494197177899168847422,5023500395368
3307,3307,HSBC Egypt,EG391047673943705066084316539,8463375795604
3308,3308,Bank of Alexandria,EG438876511316648684914824259,7835052447967
3309,3309,QNB Alahli,EG833852352876022595363957382,6731284266145
3310,3310,QNB Alahli,EG042039364462637256796079554,4278843132963
3311,3311,HSBC Egypt,EG532299377258582433826594515,7067764218081
3312,3312,National Bank of Egypt,EG420350115392454873717952163,3513107370642
3313,3313,Banque Misr,EG521106869459994689794671006,6763640087788
3314,3314,HSBC Egypt,EG401961284449386166932778908,5721582297245
3315,3315,Banque du Caire,EG662065850190093198555104863,4568654534848
3316,3316,HSBC Egypt,EG206155725535970387217444900,8074456722203
3317,3317,Faisal Islamic Bank,EG082930202007679679391924844,7988240915329
3318,3318,Banque Misr,EG461977879898650716625728549,4339869629317
3319,3319,Bank of Alexandria,EG639460983249464163770459713,9673099213861
3320,3320,HSBC Egypt,EG747914325660833807303650892,4149604578188
3321,3321,QNB Alahli,EG524472384109507489286282536,5123538078698
3322,3322,QNB Alahli,EG913371051475365395676318811,2542614700415
3323,3323,Commercial International Bank,EG195232429984971240438448999,7502342307416
3324,3324,QNB Alahli,EG982831520792483276230799181,5374008517043
3325,3325,National Bank of Egypt,EG792636405344262256472241816,4955874526275
3326,3326,Bank of Alexandria,EG164646311028960173783895059,9986271966744
3327,3327,Faisal Islamic Bank,EG895900657822352787111244049,9045603280617
3328,3328,National Bank of Egypt,EG135933134478015544872886021,5934495749005
3329,3329,Bank of Alexandria,EG618141340186879900704281736,4060308128954
3330,3330,Faisal Islamic Bank,EG813987181595442402891312995,8497162566327
3331,3331,Banque Misr,EG383740745130268001093230589,4179650546410
3332,3332,Banque Misr,EG099451130987857634384677459,4705529229618
3333,3333,Banque du Caire,EG950605887213049929936803848,8516776131353
3334,3334,Banque du Caire,EG194769059253604462039361841,4859811037703
3335,3335,Faisal Islamic Bank,EG115293929553239774845039509,0382193755910
3336,3336,QNB Alahli,EG543997973993195658569388427,6557547732355
3337,3337,Faisal Islamic Bank,EG073961355587796047812707728,7367110829747
3338,3338,QNB Alahli,EG940186518428137759529337261,7399529024502
3339,3339,QNB Alahli,EG204575609623122880140983839,5693462732043
3340,3340,Banque du Caire,EG470864121875315386352053380,5989172636363
3341,3341,National Bank of Egypt,EG087136231395593400231867871,2357476929766
3342,3342,HSBC Egypt,EG834780292672750856847020683,5242489416791
3343,3343,QNB Alahli,EG677909348811329693053835300,1535390540438
3344,3344,National Bank of Egypt,EG313565264538592472640121755,8229728854043
3345,3345,Banque Misr,EG836989504486882430023831116,4759506733299
3346,3346,National Bank of Egypt,EG874077975840410373387822860,5087564868130
3347,3347,Banque du Caire,EG546829776438381410076090881,8678778541811
3348,3348,National Bank of Egypt,EG696769335207397815324875642,2137123255759
3349,3349,Banque Misr,EG336575940092802572878581454,7602783543782
3350,3350,Commercial International Bank,EG536623810277247098115489800,6186741795467
3351,3351,National Bank of Egypt,EG220507255624094984943945260,7060837652478
3352,3352,National Bank of Egypt,EG078215068653758791614591230,6360573704372
3353,3353,Commercial International Bank,EG511742661973376593583846782,5548266890656
3354,3354,Commercial International Bank,EG094843938437133053712131165,5664661193113
3355,3355,Banque Misr,EG227198449809679837357359411,3074960455078
3356,3356,Banque du Caire,EG126849989883145257939599788,2846096241299
3357,3357,HSBC Egypt,EG862775882783031106650741114,6415642516065
3358,3358,Banque Misr,EG925682788643123973612977204,3254399327706
3359,3359,HSBC Egypt,EG649931643816097822595792713,4357895490981
3360,3360,QNB Alahli,EG149563143855715209158451504,7642156819935
3361,3361,Banque du Caire,EG063987778920085099710197370,3469334669286
3362,3362,Banque du Caire,EG479897506175593731619025603,9814699734312
3363,3363,HSBC Egypt,EG293414682429996861304859026,9275545067248
3364,3364,Bank of Alexandria,EG129138240625305695695252173,6308386681838
3365,3365,Banque du Caire,EG359969173470287129727402131,5643567676359
3366,3366,Bank of Alexandria,EG125068481704028526067804971,8880118945062
3367,3367,National Bank of Egypt,EG280867118592496827060851534,8922277805443
3368,3368,Commercial International Bank,EG753211452767932579933891829,2199999819426
3369,3369,QNB Alahli,EG624524220377197677830065200,7141751715091
3370,3370,QNB Alahli,EG659230726553813726564217255,8164835540377
3371,3371,Faisal Islamic Bank,EG896694712980255924905844648,3907654030628
3372,3372,Commercial International Bank,EG416653469260869502766961878,8807978225529
3373,3373,Commercial International Bank,EG621586641853407014044282727,4963288181186
3374,3374,Banque du Caire,EG684159869204646923395568435,7751554673124
3375,3375,Banque du Caire,EG678895902047444143088208435,2610256460653
3376,3376,Commercial International Bank,EG128500649544291108123363232,8492991767946
3377,3377,Bank of Alexandria,EG847442371664940566701168393,8986329645274
3378,3378,Banque Misr,EG471452855541805812694103261,4286195114448
3379,3379,Banque Misr,EG294782131662325673102683767,6700020936635
3380,3380,Bank of Alexandria,EG445407414694056732153704514,8349575817191
3381,3381,National Bank of Egypt,EG809003360785651375538742464,9775769055799
3382,3382,Faisal Islamic Bank,EG041798106499432133439107822,0040479497467
3383,3383,Commercial International Bank,EG475704646911123816590102545,0328450602258
3384,3384,Faisal Islamic Bank,EG903949981500160860319073832,0804680481524
3385,3385,QNB Alahli,EG933990618415197360443451167,2294775887531
3386,3386,Commercial International Bank,EG811400878198268763325905717,9207704376344
3387,3387,Faisal Islamic Bank,EG766827830956557335087740647,9556528489763
3388,3388,HSBC Egypt,EG851403603827548752994386816,2727879661656
3389,3389,HSBC Egypt,EG393570825375587105005828763,8943273266829
3390,3390,Banque Misr,EG800829924343640263253890146,0876136331887
3391,3391,Banque du Caire,EG984479804539349275902607091,2939994875663
3392,3392,Bank of Alexandria,EG311521655649787165265737793,8856022120128
3393,3393,National Bank of Egypt,EG267060971176305875465968176,7770880705154
3394,3394,Faisal Islamic Bank,EG271960259893429185439830153,1211549598253
3395,3395,National Bank of Egypt,EG941053990507838465784495096,0441236004933
3396,3396,Commercial International Bank,EG168689109960646781022560490,6033999218406
3397,3397,Faisal Islamic Bank,EG324248078746174695639470514,1159683372719
3398,3398,Banque Misr,EG925768686134900424276558935,8946465351909
3399,3399,Commercial International Bank,EG791747788377035528059667968,5638786674926
3400,3400,Banque du Caire,EG857622464106641827939527109,9366741080821
3401,3401,QNB Alahli,EG862318123577204717285628837,5748668289469
3402,3402,Banque Misr,EG730615903746952602302037209,9162669977727
3403,3403,Commercial International Bank,EG482460394469784854844977577,1698313603578
3404,3404,Faisal Islamic Bank,EG377673230921401638628096742,3274450649033
3405,3405,Banque du Caire,EG318963394081551799164425425,1932921695874
3406,3406,Banque Misr,EG738518923799485604968504799,0190442388976
3407,3407,QNB Alahli,EG064517982017012773880020941,1965308838106
3408,3408,National Bank of Egypt,EG106080686572226635243004253,9093086690417
3409,3409,National Bank of Egypt,EG476108631801694297713711194,7073268359129
3410,3410,Faisal Islamic Bank,EG604887939715453866544479527,1639635032235
3411,3411,Bank of Alexandria,EG227579921848007924364476244,0654996549139
3412,3412,Faisal Islamic Bank,EG589563526565214168247099763,6639699990160
3413,3413,Faisal Islamic Bank,EG036656781351775657211192823,8243398687499
3414,3414,Banque Misr,EG818659563095486156232332398,8895363743959
3415,3415,HSBC Egypt,EG926285062729459088332898259,2570218056883
3416,3416,Bank of Alexandria,EG642030008180468113291696364,5691599168806
3417,3417,Commercial International Bank,EG606853658092951052474115319,9630104636107
3418,3418,Bank of Alexandria,EG347882034929990809587868926,8552521621182
3419,3419,QNB Alahli,EG556118639573644746855425292,1398857369350
3420,3420,National Bank of Egypt,EG707236338804844244780564890,9145570181831
3421,3421,QNB Alahli,EG934937967456116461074146676,7980309271735
3422,3422,Bank of Alexandria,EG585393008451376873770362967,1982245223044
3423,3423,HSBC Egypt,EG485946006371436904700930974,3115892999507
3424,3424,HSBC Egypt,EG332582289119261029622239883,0401674951607
3425,3425,Commercial International Bank,EG315725544010184445461437875,0537490629733
3426,3426,Banque Misr,EG118391926877292663106924332,2383492460547
3427,3427,National Bank of Egypt,EG218051228701511183194305555,1370788562068
3428,3428,Bank of Alexandria,EG516754786381681390074096234,3501013107112
3429,3429,HSBC Egypt,EG973703955235478299650214911,0338118917330
3430,3430,HSBC Egypt,EG381147557653894588830459666,0355699918729
3431,3431,HSBC Egypt,EG106375641119738032073408365,5656463188138
3432,3432,Faisal Islamic Bank,EG842113426451496288284041864,7555377665922
3433,3433,Banque Misr,EG393075033782404525653661231,6825786103834
3434,3434,Banque du Caire,EG325210314206696255807175981,3730448263223
3435,3435,HSBC Egypt,EG224215182944645520094426203,0348824121210
3436,3436,National Bank of Egypt,EG714764380848770837352467696,7487525104651
3437,3437,Commercial International Bank,EG148448970270047521047028361,2875954070503
3438,3438,Bank of Alexandria,EG085373537950057179100434661,0038562917244
3439,3439,National Bank of Egypt,EG073587236431328784641845148,4623221746949
3440,3440,Banque du Caire,EG603134334424912714063869016,0297537873736
3441,3441,Bank of Alexandria,EG634301983650808322260511544,1964623375330
3442,3442,Bank of Alexandria,EG852263645001802606824637567,2988876083854
3443,3443,Faisal Islamic Bank,EG302342345924631018667659070,5466418038811
3444,3444,HSBC Egypt,EG313277773469774110448999986,6319339305734
3445,3445,Banque Misr,EG178918454519695501383909676,1873212033940
3446,3446,Commercial International Bank,EG792981624986519648307697608,9832230471476
3447,3447,Bank of Alexandria,EG343999006738589835281547627,8036002125092
3448,3448,Banque Misr,EG413229434616761200665985725,9450282131251
3449,3449,Bank of Alexandria,EG863009854910595264027542851,6145955260056
3450,3450,Faisal Islamic Bank,EG792688884507528112463391236,6038861781982
3451,3451,Faisal Islamic Bank,EG098936737984753573290114508,2717234867628
3452,3452,National Bank of Egypt,EG841210728420897880776876249,7643096648031
3453,3453,Banque Misr,EG326717640613042776888532813,7208747095415
3454,3454,Commercial International Bank,EG145931139469112465705040145,9994135991607
3455,3455,Commercial International Bank,EG159407717810515416522219797,9528430637248
3456,3456,HSBC Egypt,EG343838565587088755836109343,0341553151661
3457,3457,National Bank of Egypt,EG398313315391273929168626851,2683049581137
3458,3458,Faisal Islamic Bank,EG875565493060746832628204445,9582956564935
3459,3459,Banque Misr,EG855928091919557611721964135,7186573593121
3460,3460,QNB Alahli,EG364519167017573398884249019,6561291136395
3461,3461,Bank of Alexandria,EG963598036595912391712680547,0283859817931
3462,3462,Faisal Islamic Bank,EG184217197627306089467664142,9837996749987
3463,3463,Faisal Islamic Bank,EG726784881786804208954891316,7991129989748
3464,3464,QNB Alahli,EG506103766667532600840703562,9760408637687
3465,3465,QNB Alahli,EG418610343659651283170052852,7221521467439
3466,3466,National Bank of Egypt,EG393121319409825829750005790,4496501610262
3467,3467,Banque du Caire,EG453277815995334114441186854,5987103371450
3468,3468,National Bank of Egypt,EG183086626388951210162500107,2120730775780
3469,3469,Banque du Caire,EG307062770204438945913834495,6090746167600
3470,3470,Banque Misr,EG958020462804918854875606404,0438027956581
3471,3471,Banque du Caire,EG519332176898103181278036173,7418265015736
3472,3472,Banque Misr,EG592662044928588879123276064,6486058411808
3473,3473,National Bank of Egypt,EG829491721912441029151652657,4972181004718
3474,3474,HSBC Egypt,EG875806738642469362579856446,5551444015918
3475,3475,National Bank of Egypt,EG699412980051588689352728771,3658881844432
3476,3476,Banque Misr,EG177935407149910785310704090,7742541163563
3477,3477,Banque Misr,EG208729501069299675049360710,9600345314525
3478,3478,HSBC Egypt,EG110702606872917512611830416,5682533279139
3479,3479,Banque Misr,EG891234242040958450579395786,9134101700459
3480,3480,Banque Misr,EG580869028950961723049476018,6348154509938
3481,3481,Bank of Alexandria,EG033819213598609153283238255,7361090237957
3482,3482,HSBC Egypt,EG687479960175398279181303385,2580730932579
3483,3483,Banque du Caire,EG834145022830732899897291661,8314534855632
3484,3484,Commercial International Bank,EG908284972071435004787880103,9633504944163
3485,3485,Banque Misr,EG770916213714273576682725936,8983540944708
3486,3486,HSBC Egypt,EG191758903796828316281329846,5213271057600
3487,3487,Banque Misr,EG625338226018158012890834755,9645276085786
3488,3488,Bank of Alexandria,EG632975184847673986801622720,0446676177979
3489,3489,National Bank of Egypt,EG273284861729980299173239876,9461625293627
3490,3490,Banque Misr,EG336519659029673515727108191,8997516215757
3491,3491,Faisal Islamic Bank,EG085768611215486763300701110,7633814933112
3492,3492,Commercial International Bank,EG491197067414788973611449460,1502557622761
3493,3493,Commercial International Bank,EG822475223030472980372120427,3756011680149
3494,3494,Faisal Islamic Bank,EG075211557901712653446070393,4292661226612
3495,3495,Commercial International Bank,EG170649196616571922643259225,1808146426024
3496,3496,QNB Alahli,EG270760902411065849030603202,6308844214032
3497,3497,HSBC Egypt,EG770510627529264352439555626,7811976866125
3498,3498,HSBC Egypt,EG774003362969779014375969071,1281094302259
3499,3499,National Bank of Egypt,EG790395936189306040319526955,2605353350662
3500,3500,Banque du Caire,EG306122642439042538397313805,4607028314924
3501,3501,HSBC Egypt,EG917914370687414724653623604,6953180080631
3502,3502,Faisal Islamic Bank,EG510287058588411927099470372,3801972598038
3503,3503,Commercial International Bank,EG388347834114573737556556650,4728028352688
3504,3504,Faisal Islamic Bank,EG494074272780906975531192430,0070213130517
3505,3505,Banque du Caire,EG487061197603670947631614502,0275882360858
3506,3506,Commercial International Bank,EG684757375851036009096517968,8914608630548
3507,3507,Commercial International Bank,EG079954523066180193247208684,0440756358539
3508,3508,Faisal Islamic Bank,EG794738516045050608059113441,8672776831720
3509,3509,QNB Alahli,EG068178602767283372706294885,6631082584775
3510,3510,Bank of Alexandria,EG502777478035625484019877038,2596095135996
3511,3511,Commercial International Bank,EG907586253381014547619125183,4443181253662
3512,3512,Banque Misr,EG235909051839853850793787490,2964767597009
3513,3513,QNB Alahli,EG310748942360118033916517901,4251630969830
3514,3514,Commercial International Bank,EG816134461130910333454423242,1978197734560
3515,3515,Commercial International Bank,EG295864103007413885530305745,2590664066957
3516,3516,HSBC Egypt,EG398084816426787427624492852,4163449688129
3517,3517,Commercial International Bank,EG299320044727748533518152493,4454293551405
3518,3518,Faisal Islamic Bank,EG978310682901746327529275051,3577868366362
3519,3519,HSBC Egypt,EG654493043430925371496996160,5546827419833
3520,3520,HSBC Egypt,EG120181528515207074838376965,5503480255966
3521,3521,QNB Alahli,EG432076516666593426032604126,4080866994671
3522,3522,QNB Alahli,EG679738551906362508623411042,5152515757276
3523,3523,Banque Misr,EG901794589048021595049697745,2946457824992
3524,3524,National Bank of Egypt,EG597536996728316110797393514,3618951978231
3525,3525,HSBC Egypt,EG183269042537343336933386920,7683372429233
3526,3526,Banque du Caire,EG485763473854672827802809007,9131321662874
3527,3527,Faisal Islamic Bank,EG507513627487751528302475108,1879369796417
3528,3528,QNB Alahli,EG672707116562501287270300413,5938232481099
3529,3529,Bank of Alexandria,EG425279894748953104830732985,9588638794766
3530,3530,Bank of Alexandria,EG848597675836175694411832765,0959344869895
3531,3531,Banque Misr,EG813300395070961845170358517,5946646595279
3532,3532,Bank of Alexandria,EG581146029198563187767443279,5707873003624
3533,3533,HSBC Egypt,EG869466335989517256884406769,0196133890770
3534,3534,Banque Misr,EG579123894613269582943643294,0067095279164
3535,3535,Faisal Islamic Bank,EG269761269258531984126316298,3023129220573
3536,3536,National Bank of Egypt,EG425002065351420676192470821,6682847387890
3537,3537,Banque Misr,EG030002454598148953106380771,2920486196215
3538,3538,QNB Alahli,EG400616304299053882984556643,2379524720597
3539,3539,Commercial International Bank,EG197068597606088946655889979,2243671751945
3540,3540,Bank of Alexandria,EG406585539322153050308286364,9512390365793
3541,3541,QNB Alahli,EG076665646167519342223972876,5178938257326
3542,3542,Faisal Islamic Bank,EG529796182508932607324590997,1179607064887
3543,3543,HSBC Egypt,EG780557028326795428393542757,4746708652751
3544,3544,Bank of Alexandria,EG322593616334896551147581086,2267955305172
3545,3545,Faisal Islamic Bank,EG022190855771282271875440575,3875044941204
3546,3546,Banque du Caire,EG638552674216957527434517335,4491977548271
3547,3547,Banque Misr,EG878995197626663791393240061,6238012533978
3548,3548,Faisal Islamic Bank,EG061036234399761267862915242,5580789146328
3549,3549,Faisal Islamic Bank,EG759813426676349931630751896,9005656005056
3550,3550,Banque Misr,EG372610091730889426859651834,5220601938537
3551,3551,Bank of Alexandria,EG745068131754268172528335635,6438661786542
3552,3552,Banque du Caire,EG661040306096072348670732346,3119396297495
3553,3553,National Bank of Egypt,EG782991255396394984753213648,2624569091850
3554,3554,Faisal Islamic Bank,EG155049832844759035361737255,0225059911693
3555,3555,Banque Misr,EG626683343816928344841630923,0776323240160
3556,3556,Banque du Caire,EG231050543827818251102693712,7546647878990
3557,3557,Faisal Islamic Bank,EG504968234830712358671534912,8007021165550
3558,3558,Banque du Caire,EG369093532873330857818253563,9672413419529
3559,3559,Bank of Alexandria,EG358253412179249705951551344,7785383064028
3560,3560,Banque Misr,EG945212527058809631285050068,7548803879349
3561,3561,Banque du Caire,EG283617371083205891188046537,9679390252094
3562,3562,Bank of Alexandria,EG315066626773563634467077617,8398215803838
3563,3563,National Bank of Egypt,EG901863189727248059224790078,1545657175820
3564,3564,HSBC Egypt,EG432411786797606302068499861,7618503928227
3565,3565,QNB Alahli,EG180791718979356360206180680,9078345119621
3566,3566,National Bank of Egypt,EG071851751701101240256405332,9471039063202
3567,3567,QNB Alahli,EG747974052865561652017571738,9040146019196
3568,3568,Faisal Islamic Bank,EG205547559305262954635833049,5649434430685
3569,3569,Banque du Caire,EG041152032675199464682831087,9591551234846
3570,3570,Banque du Caire,EG364236112530557123704472702,0511200501817
3571,3571,Bank of Alexandria,EG601038743260733792043329146,9216062461643
3572,3572,QNB Alahli,EG875897091547281660689032014,8964924182005
3573,3573,Faisal Islamic Bank,EG614527929961691686019220119,7182704617577
3574,3574,National Bank of Egypt,EG712516032553611336481525872,1822942394824
3575,3575,Banque Misr,EG184016444777362946981023082,0643342847653
3576,3576,HSBC Egypt,EG641129986164750881567628990,1549993725889
3577,3577,Banque Misr,EG188833586106584587091829296,5500839193689
3578,3578,National Bank of Egypt,EG383492610107507647367708026,3860017745613
3579,3579,Bank of Alexandria,EG895389579306333731428002112,9250439044694
3580,3580,Commercial International Bank,EG686172632059758971087532692,9536691977530
3581,3581,Faisal Islamic Bank,EG630403851568193818530135729,5202996158501
3582,3582,Banque du Caire,EG797134610111363464244777020,6056876027895
3583,3583,Bank of Alexandria,EG866825955686816492771908732,7649988981237
3584,3584,Banque du Caire,EG161923532795435000411226427,1448355835553
3585,3585,Banque du Caire,EG924748685341018661229921407,2865856043803
3586,3586,Banque Misr,EG209282431387963706604602272,7144987083589
3587,3587,Banque du Caire,EG112752533553665418699201321,3347828022681
3588,3588,Bank of Alexandria,EG536800961957161402879048357,9187708329242
3589,3589,Commercial International Bank,EG377493419849406835036996008,6070589398891
3590,3590,HSBC Egypt,EG547747596629580621091029982,8166985676441
3591,3591,Banque du Caire,EG785671809508434611634429367,9979768886728
3592,3592,HSBC Egypt,EG504965106741164998152495716,7176832757900
3593,3593,QNB Alahli,EG207182368992841352732425499,8172758335132
3594,3594,Bank of Alexandria,EG091992294441913554664403221,1072625200196
3595,3595,Commercial International Bank,EG887312306792603825775572126,7714384899351
3596,3596,HSBC Egypt,EG701180150721272930798420017,8465396539431
3597,3597,National Bank of Egypt,EG161479946884513615684312324,7229543333699
3598,3598,Faisal Islamic Bank,EG942577203138955371724561380,3773296471616
3599,3599,HSBC Egypt,EG745920214407289950573347160,4801137377511
3600,3600,Bank of Alexandria,EG697629305481583139080871203,2171213922718
3601,3601,Commercial International Bank,EG552620704818804974568092422,6492619661374
3602,3602,Commercial International Bank,EG669885628405803347808871820,8919552689474
3603,3603,HSBC Egypt,EG186192403572448890383451860,7022247276141
3604,3604,Commercial International Bank,EG605988299601399274313990219,5873717922855
3605,3605,Banque Misr,EG251674525870336199141315988,2596324771524
3606,3606,HSBC Egypt,EG279289896013458736497976348,3367483632972
3607,3607,QNB Alahli,EG969216903224852966758932204,0234280052604
3608,3608,HSBC Egypt,EG612727774869358896546052274,4170956267118
3609,3609,Banque du Caire,EG263106298731926526704815462,5650929905737
3610,3610,Faisal Islamic Bank,EG644625898451965295065819770,1350532501397
3611,3611,Bank of Alexandria,EG906838395478503920275153986,5217843526770
3612,3612,National Bank of Egypt,EG387402059100179334795879782,9998650923195
3613,3613,National Bank of Egypt,EG751781976062310175660429658,8594004233280
3614,3614,National Bank of Egypt,EG859617728652142372568511446,8913605927444
3615,3615,Banque du Caire,EG430321517356635777643003102,5708768700261
3616,3616,Faisal Islamic Bank,EG494584801059078522438089750,2159053115163
3617,3617,National Bank of Egypt,EG919694854039434199768542838,9004401688261
3618,3618,HSBC Egypt,EG141849242954545706355989334,9239591527976
3619,3619,Commercial International Bank,EG550593406099625598127727533,2630770731679
3620,3620,National Bank of Egypt,EG226236969536250556508447674,2193905231165
3621,3621,Banque Misr,EG028419919685722595575379782,5589252582889
3622,3622,Commercial International Bank,EG511185034832178423372749873,9349044557455
3623,3623,QNB Alahli,EG301146808460608765949641881,0420739513393
3624,3624,Banque du Caire,EG501871442049545717631195817,3456312949228
3625,3625,QNB Alahli,EG758793396772525844553141813,3829801651133
3626,3626,Commercial International Bank,EG488375060933697783772358816,1185085762175
3627,3627,Banque du Caire,EG310919533293157943691925883,2430778978119
3628,3628,QNB Alahli,EG057329174734142439349726064,5529268705944
3629,3629,Banque Misr,EG831712179316416428663341783,5317019206341
3630,3630,Banque Misr,EG086822987625776015847248322,0501057921202
3631,3631,National Bank of Egypt,EG747733273975579886745519937,4364582399104
3632,3632,Banque du Caire,EG145848197366984850673760242,3843078139165
3633,3633,National Bank of Egypt,EG084034089718589754035796763,5439142984723
3634,3634,Banque Misr,EG979650936153043370028466061,0137669008498
3635,3635,National Bank of Egypt,EG172351327088871371748744531,5047066775962
3636,3636,Commercial International Bank,EG600870158215126235596364954,8405954479889
3637,3637,Banque Misr,EG498790726564206683353564117,8592837119079
3638,3638,QNB Alahli,EG462699283317986765763921675,0356904163684
3639,3639,Bank of Alexandria,EG594392084675712760873225441,3252815225464
3640,3640,Bank of Alexandria,EG907518275808485502778325702,0435384797471
3641,3641,Banque Misr,EG801217137890849797083806410,0577981657920
3642,3642,Faisal Islamic Bank,EG079243314066349144956219965,7822240679662
3643,3643,Commercial International Bank,EG073137562657950905598038552,7652996408993
3644,3644,Commercial International Bank,EG339568041544140333337606589,3013875935976
3645,3645,Commercial International Bank,EG914231002331173826912397556,0324321532253
3646,3646,HSBC Egypt,EG084552711889264863358845363,5908091018851
3647,3647,Commercial International Bank,EG463273105012935766099461874,3970319415407
3648,3648,Banque du Caire,EG605314790385158652097780983,0436780447355
3649,3649,HSBC Egypt,EG340913380212681276671373256,9380851337587
3650,3650,HSBC Egypt,EG369502664448373584115474550,2168701094127
3651,3651,Banque du Caire,EG711241385516022428246832723,9885144811589
3652,3652,Bank of Alexandria,EG416286146717972275086232250,4868678070713
3653,3653,Bank of Alexandria,EG769356832427491870563757321,2205224615086
3654,3654,QNB Alahli,EG207607615210856879138323318,2131451261661
3655,3655,QNB Alahli,EG656622641465455255784269385,3579283124389
3656,3656,Banque Misr,EG554273245707186315479513873,2779613218097
3657,3657,Bank of Alexandria,EG550156277742232973083951235,7035676468865
3658,3658,Banque Misr,EG902341314424721111748359171,6020036839269
3659,3659,National Bank of Egypt,EG217503049271450175773379365,7848909058007
3660,3660,QNB Alahli,EG984441547402726045861505730,9069835074677
3661,3661,Commercial International Bank,EG202640083220343742488604912,5917698242335
3662,3662,Commercial International Bank,EG593826896078123882041264333,5115494818536
3663,3663,HSBC Egypt,EG473388930345317901037617695,9774168900494
3664,3664,National Bank of Egypt,EG362395197837322674015202976,5664151170120
3665,3665,Commercial International Bank,EG368371722535644251421226514,6599691107490
3666,3666,Banque Misr,EG110270242983997139179074822,5816617761083
3667,3667,QNB Alahli,EG937254593451674161179426090,1805384866753
3668,3668,Banque du Caire,EG353874374391832775233113067,7528056128674
3669,3669,Banque du Caire,EG972488594967431010369336859,0035272355582
3670,3670,Banque Misr,EG160364888219612395435805797,8130909638337
3671,3671,Bank of Alexandria,EG300061453737650647355242021,8694622545337
3672,3672,Banque du Caire,EG978038506343109913057802410,4706184865618
3673,3673,Commercial International Bank,EG742135596814229093907170532,1813851923615
3674,3674,Bank of Alexandria,EG502738871049319532255307613,0741283959521
3675,3675,Banque Misr,EG562556036050514279310584461,0982744178342
3676,3676,Commercial International Bank,EG320757256792994782774914780,4468536030773
3677,3677,Banque du Caire,EG121763628874471505991882935,1307710112564
3678,3678,HSBC Egypt,EG623233137238135111147006891,2998962595663
3679,3679,Commercial International Bank,EG245546640248770703328492626,9179062407736
3680,3680,Banque du Caire,EG277110330045261471058462516,2809791491866
3681,3681,Bank of Alexandria,EG081369370138209065403241960,3944523613713
3682,3682,QNB Alahli,EG045917864554380831845463276,2737327819730
3683,3683,Banque Misr,EG221549129300539511430924043,6168719753043
3684,3684,National Bank of Egypt,EG409843505959936376625356650,3226980849658
3685,3685,QNB Alahli,EG876773189131931091502759217,6526317746957
3686,3686,Faisal Islamic Bank,EG270806912438627077655822621,8237448428087
3687,3687,Commercial International Bank,EG475027527788915347960198706,2495249900540
3688,3688,HSBC Egypt,EG081719508907210440533499346,8183490659485
3689,3689,Banque Misr,EG519733938852731480726705389,5220510484007
3690,3690,Bank of Alexandria,EG562108722443010178978300257,9407342886868
3691,3691,Commercial International Bank,EG116998172066040291321395284,8181652918209
3692,3692,Bank of Alexandria,EG852080521216460560847466775,6754916486364
3693,3693,HSBC Egypt,EG304151201942856458507020032,3743303416103
3694,3694,HSBC Egypt,EG832256273064896522799539897,0977419132536
3695,3695,Commercial International Bank,EG642375320240747315595286274,1833271770564
3696,3696,Faisal Islamic Bank,EG586831896958786339395891538,5134016634199
3697,3697,Bank of Alexandria,EG829603705164124398837023022,7773474641053
3698,3698,QNB Alahli,EG248085035174698338845780584,4974421660648
3699,3699,HSBC Egypt,EG585962541977013067834183380,3594892502693
3700,3700,QNB Alahli,EG586235167227353973430888879,6534135744986
3701,3701,Banque du Caire,EG332427426233764541599564597,6594063830565
3702,3702,QNB Alahli,EG555671097718132856265851475,8835000154145
3703,3703,Banque Misr,EG516594356137895774068137131,0408056750663
3704,3704,Faisal Islamic Bank,EG350655139336410258979763131,3553841437336
3705,3705,Faisal Islamic Bank,EG403525539706732995412431872,8930381814267
3706,3706,Banque du Caire,EG281088692982524793509054264,8262023536349
3707,3707,National Bank of Egypt,EG248069110410913119376665406,4535565022558
3708,3708,Commercial International Bank,EG244507735989347651328185487,5044398311177
3709,3709,Faisal Islamic Bank,EG570062567695580604259691347,2802894970731
3710,3710,HSBC Egypt,EG918967194308130268765640164,6241450248749
3711,3711,HSBC Egypt,EG741005712397693922189073944,3311893567633
3712,3712,QNB Alahli,EG761884324990914943762170032,4983817873149
3713,3713,Bank of Alexandria,EG058233529960171397369893616,0091820650141
3714,3714,Faisal Islamic Bank,EG303194596455942294906178410,4986831897282
3715,3715,Faisal Islamic Bank,EG586658913148734534424430450,6202366986745
3716,3716,Banque Misr,EG298154058265698571353875426,7732394254961
3717,3717,Banque Misr,EG492537617990516948915462454,6515761944552
3718,3718,QNB Alahli,EG584016606030708731044453113,2815132243718
3719,3719,Bank of Alexandria,EG737380256032843782750214468,4042313694239
3720,3720,HSBC Egypt,EG303477768982494505401413096,1735980327341
3721,3721,Commercial International Bank,EG313865662924365293623892663,3492492639988
3722,3722,HSBC Egypt,EG131589071037914615456087212,7043853882593
3723,3723,Banque du Caire,EG309069558937018897686715742,1578436706124
3724,3724,National Bank of Egypt,EG271612550331661067896837841,1033497235114
3725,3725,Bank of Alexandria,EG865251683604364469995410722,7954928758425
3726,3726,QNB Alahli,EG478004263013418697714850499,9011868053420
3727,3727,QNB Alahli,EG800305828529313779970952654,8850769281802
3728,3728,Banque Misr,EG602342789199199309278792285,0766715346414
3729,3729,Commercial International Bank,EG699492909172573477251118166,4082039284435
3730,3730,Faisal Islamic Bank,EG514007856114457926888331454,5652703494759
3731,3731,Faisal Islamic Bank,EG960909050017982597696238641,8745871437474
3732,3732,Banque du Caire,EG127975658520105182618220260,8490331235664
3733,3733,Banque du Caire,EG875636213385901886179678868,3245065249049
3734,3734,HSBC Egypt,EG864435228493004631733138027,8375644371015
3735,3735,Commercial International Bank,EG369203565401845405837548883,8132887202114
3736,3736,Bank of Alexandria,EG933986963976484185494447239,8219967447545
3737,3737,HSBC Egypt,EG542132035605636090957275420,3933897632577
3738,3738,Banque du Caire,EG757877307748427813359156148,2591114334222
3739,3739,National Bank of Egypt,EG876032393647197126698327622,1492800424063
3740,3740,National Bank of Egypt,EG067728703170752585653403547,2754084134073
3741,3741,Commercial International Bank,EG400881193839885156429448303,4364693356434
3742,3742,Banque Misr,EG819194535941340059264128240,5809308679234
3743,3743,National Bank of Egypt,EG713105222625849736604440072,8598301005220
3744,3744,Faisal Islamic Bank,EG145596030869480571284552976,1949144366310
3745,3745,Banque Misr,EG404143313208466043265017409,0722344895414
3746,3746,Commercial International Bank,EG085125916957442752860782654,1308287288034
3747,3747,National Bank of Egypt,EG964476205247591397279879750,4440645883703
3748,3748,Banque Misr,EG459159623685650830506405049,3294511465749
3749,3749,Banque Misr,EG680084886460890676039714135,8871145063006
3750,3750,QNB Alahli,EG090259514869109955080748365,3417809884328
3751,3751,National Bank of Egypt,EG669364509433426516846413945,8911566721515
3752,3752,National Bank of Egypt,EG306291634542772959675974420,2517791268284
3753,3753,Commercial International Bank,EG642697978903345852075954810,8714190109995
3754,3754,Banque du Caire,EG201669393043133879960407425,9653505333728
3755,3755,National Bank of Egypt,EG567169383308424290639035004,0285600639962
3756,3756,Faisal Islamic Bank,EG295878372404203390153192094,8069214509647
3757,3757,Faisal Islamic Bank,EG379687956219535240943243250,9266940983384
3758,3758,Commercial International Bank,EG640687485183559294187382439,7366472950094
3759,3759,National Bank of Egypt,EG920090769696510623758968331,5272157053670
3760,3760,Commercial International Bank,EG739851107951729247429019481,4256106473051
3761,3761,Banque du Caire,EG717879596730268119007253737,5870656429700
3762,3762,HSBC Egypt,EG422774103866738919960478268,3001419146669
3763,3763,Faisal Islamic Bank,EG468728524629487665544955671,1291268033363
3764,3764,Bank of Alexandria,EG823879488473998586088352371,1803144539578
3765,3765,Banque Misr,EG861170792724559567069507711,8542030657236
3766,3766,Banque Misr,EG362729866252621932493202913,5313933136524
3767,3767,Faisal Islamic Bank,EG728119957402945200005873447,3599322556731
3768,3768,Banque du Caire,EG355030955630420886436106685,4930491318509
3769,3769,Commercial International Bank,EG657792175797666826729919944,0751510123090
3770,3770,National Bank of Egypt,EG404539625016608894004196933,1743842868770
3771,3771,Commercial International Bank,EG789296344392617387308048590,2372929388590
3772,3772,Commercial International Bank,EG412327523411616618762401874,4412925305209
3773,3773,National Bank of Egypt,EG811136619718410123858406844,8742688069520
3774,3774,Banque du Caire,EG870051109621574007996707156,8512714705614
3775,3775,National Bank of Egypt,EG669495571718490738413359697,5645843458433
3776,3776,QNB Alahli,EG965594131497322183129657089,7958304018416
3777,3777,Banque du Caire,EG125751637003891425855314945,0165555519583
3778,3778,HSBC Egypt,EG496300703822155006053541485,6749597221292
3779,3779,HSBC Egypt,EG532742006544785314121580267,0549519406825
3780,3780,Banque Misr,EG469527799758016368898921342,7395503688679
3781,3781,Banque Misr,EG467461219526696245891967280,7006088621232
3782,3782,Bank of Alexandria,EG466080286271407601412630926,9824632064530
3783,3783,Banque Misr,EG117226468965763997061409514,9585499178853
3784,3784,Banque Misr,EG756744247531505070861736976,9083274444173
3785,3785,QNB Alahli,EG338413735792669794306215564,4134959355006
3786,3786,HSBC Egypt,EG139964036585980096896903560,9038529923667
3787,3787,National Bank of Egypt,EG823549955926030886173797118,6079504315657
3788,3788,National Bank of Egypt,EG084358583402512609291853823,7179429429802
3789,3789,Banque Misr,EG674238765699778790460776201,8620844810188
3790,3790,Banque du Caire,EG502512744564913432798520931,0208858121454
3791,3791,National Bank of Egypt,EG824089291435801998707289399,6655679040133
3792,3792,Faisal Islamic Bank,EG761366656889570811332142665,1076299222255
3793,3793,QNB Alahli,EG660636432945887577581781170,8712199526481
3794,3794,Banque Misr,EG045796854386519281088208998,8802533617656
3795,3795,National Bank of Egypt,EG338018006804691980449786472,8981405335209
3796,3796,National Bank of Egypt,EG114273450149069836852026332,0414097421850
3797,3797,HSBC Egypt,EG278746539694205039503004037,2534408497550
3798,3798,HSBC Egypt,EG236509814144508222688783035,7371180990646
3799,3799,QNB Alahli,EG530210850946436865716985292,3473050083700
3800,3800,Commercial International Bank,EG917960559793841320403614614,6905747871327
3801,3801,National Bank of Egypt,EG453328598976922161674325921,3798990860851
3802,3802,Banque Misr,EG124756016029613692739265268,4282894512868
3803,3803,QNB Alahli,EG727460317380367633584388050,6750674157283
3804,3804,Faisal Islamic Bank,EG757899750837190323083398204,4879149787096
3805,3805,Commercial International Bank,EG431819739747580114178935416,8332217557724
3806,3806,Banque Misr,EG792153218956877805026279482,6403776318127
3807,3807,Commercial International Bank,EG076810351996815408741225292,1779339658037
3808,3808,HSBC Egypt,EG865676242665488337052848261,3584963868521
3809,3809,QNB Alahli,EG046818686504677577381781910,0261260569516
3810,3810,Bank of Alexandria,EG710679286911170158719552370,7042847618021
3811,3811,HSBC Egypt,EG056144066719142399718433745,1926668450745
3812,3812,Faisal Islamic Bank,EG800119913155677785991706248,7035650612162
3813,3813,QNB Alahli,EG847881114671751731130156585,6390006477230
3814,3814,Commercial International Bank,EG249912624960145200178026742,9319180754259
3815,3815,Commercial International Bank,EG113253156356024806361364512,4070326208142
3816,3816,Banque du Caire,EG706968484189556615991441015,3007945080205
3817,3817,Banque Misr,EG933733567203334122017183898,0206430185981
3818,3818,Bank of Alexandria,EG383985464378729171417756286,9690132892507
3819,3819,Banque du Caire,EG470220130808832114571506012,4019828403439
3820,3820,Commercial International Bank,EG365894284018396861775756866,7991849556427
3821,3821,Commercial International Bank,EG359454201799579674484156095,5057898578223
3822,3822,HSBC Egypt,EG542371412858714838333211823,8075838072727
3823,3823,Faisal Islamic Bank,EG546700704620889721438928556,2970951921436
3824,3824,National Bank of Egypt,EG049130651360337449941998179,7968618432071
3825,3825,National Bank of Egypt,EG582800984580013401449717200,4315261779151
3826,3826,QNB Alahli,EG636466950613673782485918640,0634264051880
3827,3827,QNB Alahli,EG290314522122810870526978826,0961036314882
3828,3828,Banque Misr,EG344221062376806903826092449,7475460476399
3829,3829,Faisal Islamic Bank,EG521327494477561943093279884,0980407565951
3830,3830,Faisal Islamic Bank,EG921615431371030027283897486,3574773964589
3831,3831,Commercial International Bank,EG890281255535137178207649982,1893267785237
3832,3832,National Bank of Egypt,EG163019537610159414651549955,5646985440604
3833,3833,Commercial International Bank,EG892766821177038571084538115,3724738734711
3834,3834,National Bank of Egypt,EG570104906255131602430440170,0504353070299
3835,3835,Commercial International Bank,EG496547792723352924441762168,3497335103733
3836,3836,Banque du Caire,EG789625526411717427598461512,6572427542514
3837,3837,HSBC Egypt,EG942833956133422412747171323,5916451687289
3838,3838,Banque Misr,EG396742979249098607481582772,4405493236084
3839,3839,Commercial International Bank,EG102800340855786676175000723,6613289306443
3840,3840,Faisal Islamic Bank,EG859729833718534752663763981,5800510578539
3841,3841,Bank of Alexandria,EG722423981995542923886579126,5994165686417
3842,3842,Banque Misr,EG365647943351136307770038710,1646522220584
3843,3843,Bank of Alexandria,EG828123737080944344848484154,3762784001999
3844,3844,Banque Misr,EG280103054221538595256183945,8873005174883
3845,3845,Banque Misr,EG215540145556483524590281530,7838929820221
3846,3846,Bank of Alexandria,EG118243759868376184430724088,2559489129033
3847,3847,Faisal Islamic Bank,EG987556508420193205565375915,0447285511737
3848,3848,Faisal Islamic Bank,EG772911496892980909747127504,6980759798883
3849,3849,Banque Misr,EG883776077211461656663273501,0721785941285
3850,3850,Bank of Alexandria,EG962479048086321658404930346,4669980520573
3851,3851,QNB Alahli,EG206735765879782344064867173,0262828904937
3852,3852,Bank of Alexandria,EG868400259310148953658462254,2579529870490
3853,3853,QNB Alahli,EG527291831506064581257090351,3273969873917
3854,3854,HSBC Egypt,EG896868658253759794542734761,1522931158790
3855,3855,Banque du Caire,EG945778473162723736893617421,1098431681573
3856,3856,QNB Alahli,EG273437870285578921001695034,3613402668447
3857,3857,Bank of Alexandria,EG882075371588814641838174394,5038161594656
3858,3858,Faisal Islamic Bank,EG307802147407988611497111819,1886914094101
3859,3859,National Bank of Egypt,EG129691185264506719955584475,3060725645240
3860,3860,Banque du Caire,EG584202310183830633135282679,8882182926246
3861,3861,HSBC Egypt,EG055006376628949155200914074,3335436266719
3862,3862,QNB Alahli,EG062505221093745292048468808,6308058358549
3863,3863,Banque Misr,EG419220963601471446543448529,4383175247684
3864,3864,Banque du Caire,EG449688803164574214511900651,5297927100504
3865,3865,Faisal Islamic Bank,EG154219320042628932156095445,5347476363126
3866,3866,Banque Misr,EG577572692209992956926841096,7458007098917
3867,3867,Bank of Alexandria,EG251860146551534196196415473,1948582178020
3868,3868,Commercial International Bank,EG889819758170189149422497759,2967952846024
3869,3869,HSBC Egypt,EG977738178058389990494470373,2169005075436
3870,3870,Faisal Islamic Bank,EG031018414620465681906756701,4304563626102
3871,3871,HSBC Egypt,EG375276148857358502429117251,3316827998342
3872,3872,Faisal Islamic Bank,EG295028336723909927938249741,1755911930273
3873,3873,HSBC Egypt,EG986388068742591907565252843,2499763969097
3874,3874,Banque Misr,EG574728915437087994968304143,1673481368297
3875,3875,Banque Misr,EG085371831432093227995282478,0086502167183
3876,3876,Commercial International Bank,EG583135760573627570133784408,3863915875134
3877,3877,Banque Misr,EG768527456904553019788287673,0261291748618
3878,3878,HSBC Egypt,EG897467327111742641662563132,2693758214948
3879,3879,Faisal Islamic Bank,EG200010984466719161575169730,0321412016594
3880,3880,Commercial International Bank,EG554041509268306337438905002,2159695953724
3881,3881,Banque Misr,EG136334741399950574435071710,2608805152673
3882,3882,Commercial International Bank,EG232655445218080147363599602,9249047778645
3883,3883,HSBC Egypt,EG560685655127834925576065281,9685772185635
3884,3884,Faisal Islamic Bank,EG285216470474594232084008269,1491066774729
3885,3885,Banque du Caire,EG463931411764078404924825955,1642795154974
3886,3886,Banque Misr,EG397400858819119893583368030,6899212720297
3887,3887,Bank of Alexandria,EG921109033292291359718908629,1197693261245
3888,3888,Faisal Islamic Bank,EG271427823621299273096953787,0106695700498
3889,3889,Commercial International Bank,EG620654246702572554438487833,3590477155171
3890,3890,Faisal Islamic Bank,EG831505094269196297884676766,9163245331466
3891,3891,QNB Alahli,EG140216797293085878084666641,8678779627576
3892,3892,Banque Misr,EG462069925719740653234261202,5408882093242
3893,3893,HSBC Egypt,EG361577634684312132857895543,3270605984609
3894,3894,Banque du Caire,EG335942312746902368480024418,0560967694589
3895,3895,Faisal Islamic Bank,EG261998236706495124994675820,0428509881262
3896,3896,National Bank of Egypt,EG677270001797923390374269937,1247037811521
3897,3897,Bank of Alexandria,EG956576197049317257042732362,9986519581627
3898,3898,Banque du Caire,EG077327160794784356966292873,8332045682262
3899,3899,Banque du Caire,EG659033493746037686310437207,6056596474818
3900,3900,National Bank of Egypt,EG988854021538866331299113104,1253447705817
3901,3901,QNB Alahli,EG402912442670658374974835332,7117379641891
3902,3902,Bank of Alexandria,EG033012447060462429630823129,2900693033025
3903,3903,National Bank of Egypt,EG279027724814241957166910727,2913098321699
3904,3904,National Bank of Egypt,EG632565483640202984237407548,2201186137559
3905,3905,QNB Alahli,EG426410028265716155904273272,1679266165292
3906,3906,Banque Misr,EG643129886071784613428605754,1108223734540
3907,3907,Banque Misr,EG358608203469142982619470354,9851261055532
3908,3908,National Bank of Egypt,EG358257672952586268169973281,3504305321715
3909,3909,Banque Misr,EG720323945365620642084255820,3147024217621
3910,3910,Banque du Caire,EG254577444908695017879657010,6099385114175
3911,3911,Faisal Islamic Bank,EG509646975537208157826037164,9071130212980
3912,3912,Faisal Islamic Bank,EG757671497727553721112878485,8129759492193
3913,3913,Banque Misr,EG385055325300554675593171347,5378198366606
3914,3914,QNB Alahli,EG385640916920624244869505483,3391920856843
3915,3915,QNB Alahli,EG737655791289453452894377906,0775713420158
3916,3916,Bank of Alexandria,EG191867982488690299884945538,8474520945051
3917,3917,Commercial International Bank,EG526431794954743726287525697,4949286976716
3918,3918,Faisal Islamic Bank,EG864123467146096848715927050,6718769925648
3919,3919,National Bank of Egypt,EG980249766623677692238999505,8341519235291
3920,3920,Commercial International Bank,EG909470434703725220708318828,4787297948592
3921,3921,Faisal Islamic Bank,EG792505426944784740040870646,8577504568602
3922,3922,QNB Alahli,EG293118039507783843318356529,0892280770001
3923,3923,Commercial International Bank,EG699828772575178863714642307,4083305397262
3924,3924,Faisal Islamic Bank,EG393906887820486338280712737,4750163002863
3925,3925,Banque Misr,EG417163734394456063784682644,5503530172813
3926,3926,Bank of Alexandria,EG910199057279723335520495651,7189380419201
3927,3927,Banque du Caire,EG773172930784561607199151564,8577222235946
3928,3928,HSBC Egypt,EG370346337523164689351740356,6753771977651
3929,3929,Banque Misr,EG577866412757457356813473528,0328900238748
3930,3930,HSBC Egypt,EG219232754262834173420838784,0046906131243
3931,3931,Banque du Caire,EG881433350084477376748681149,6113952341702
3932,3932,National Bank of Egypt,EG452285638704089453088861556,1037962953381
3933,3933,Bank of Alexandria,EG560624741458194091736454280,9490951001845
3934,3934,Bank of Alexandria,EG792631516269264606627965215,6855260971579
3935,3935,QNB Alahli,EG911754153011483337660543929,1213507718920
3936,3936,National Bank of Egypt,EG577739751439304556690700242,5699268891371
3937,3937,Commercial International Bank,EG345707146137196242600040315,9943630246560
3938,3938,QNB Alahli,EG236845329755285696628564532,0283774152588
3939,3939,Banque Misr,EG469126666425325178606907757,4446720579760
3940,3940,National Bank of Egypt,EG444103637552073083911956773,6216278869878
3941,3941,Banque Misr,EG099107343346296265798349607,1685446740437
3942,3942,National Bank of Egypt,EG549012204138708191201558969,1121172667423
3943,3943,QNB Alahli,EG269110981678166010702193532,8879796145506
3944,3944,Banque du Caire,EG948022473563455206581914328,8116945398769
3945,3945,Commercial International Bank,EG336610188900318310882626456,3389269744933
3946,3946,Banque du Caire,EG427159612896882467826881114,7578783588367
3947,3947,Bank of Alexandria,EG536208089361958576666975707,5519636123985
3948,3948,National Bank of Egypt,EG222158853782392839327262734,9878904173117
3949,3949,National Bank of Egypt,EG048536125375548296190571658,8958535436912
3950,3950,Commercial International Bank,EG161720901255089452146539287,5541144696588
3951,3951,Bank of Alexandria,EG663245040607607459862632586,6670946252662
3952,3952,National Bank of Egypt,EG781214587023421915728128283,4081696917456
3953,3953,National Bank of Egypt,EG273556552532588727686590448,3859998978309
3954,3954,Banque du Caire,EG137700505526740689199317124,3749834333683
3955,3955,Banque du Caire,EG744790765059275116564815482,4244426914338
3956,3956,HSBC Egypt,EG543494280404361119703582293,6710887127499
3957,3957,Banque du Caire,EG451087774484034688931299585,1742202100513
3958,3958,HSBC Egypt,EG788994607305130038644081344,7794190353354
3959,3959,QNB Alahli,EG425389388656624591228861468,5778988012313
3960,3960,Banque du Caire,EG904032733068020392770674358,1899052374200
3961,3961,Commercial International Bank,EG644092082034315417444822407,6156000108704
3962,3962,Banque Misr,EG524093590802059091776072318,7625114683123
3963,3963,Commercial International Bank,EG885412470701533660613825172,5758870844570
3964,3964,Commercial International Bank,EG138982315375607707669922866,7759391207165
3965,3965,Bank of Alexandria,EG647372393125103604560830006,4496397968238
3966,3966,Banque du Caire,EG631387011227341680949828019,6416468842697
3967,3967,National Bank of Egypt,EG364204949061731695358502244,9943528247347
3968,3968,QNB Alahli,EG142722373413172015380184263,6672853965687
3969,3969,Faisal Islamic Bank,EG769394474013064596308204972,4409189545743
3970,3970,QNB Alahli,EG454406181667808386869482362,7872628172292
3971,3971,Commercial International Bank,EG613118103681846241020496607,3914891173528
3972,3972,Faisal Islamic Bank,EG271494592995315913183680870,0497663107448
3973,3973,National Bank of Egypt,EG435208237525442607765907546,9515044227132
3974,3974,Faisal Islamic Bank,EG084116697294153221404525414,5751021342769
3975,3975,QNB Alahli,EG544038807013588113836287889,1311671390766
3976,3976,Bank of Alexandria,EG028646069842297683242816537,2411596296530
3977,3977,Banque du Caire,EG478241603533993475684975141,1517697860633
3978,3978,Banque Misr,EG049890837971806100606940282,2395237866044
3979,3979,Banque Misr,EG373810862768652662498405935,9534627867117
3980,3980,QNB Alahli,EG267380464266472099473581134,4748677235812
3981,3981,National Bank of Egypt,EG831538264735852642895441284,8325850490326
3982,3982,HSBC Egypt,EG918218467680143117265956204,4795989250506
3983,3983,HSBC Egypt,EG901669260234237278984958657,4709549114181
3984,3984,Banque du Caire,EG408739820869180106985031633,7112020313389
3985,3985,Faisal Islamic Bank,EG368200500932379304220622894,6810510761628
3986,3986,Banque Misr,EG372491493355019363388350584,9176948429037
3987,3987,HSBC Egypt,EG730213616538852677270030162,2420385856324
3988,3988,Bank of Alexandria,EG490993300582842574615230089,7509492062013
3989,3989,National Bank of Egypt,EG739258263933632501169126505,6104807638071
3990,3990,Bank of Alexandria,EG596248613497474746727488563,7014535988599
3991,3991,National Bank of Egypt,EG947166820406073369827283616,0327211958433
3992,3992,QNB Alahli,EG769678122019572162767122364,3141378788660
3993,3993,Faisal Islamic Bank,EG414494321666318478738608295,6428199920195
3994,3994,National Bank of Egypt,EG167476200286337219998594493,9141268388458
3995,3995,QNB Alahli,EG778247240678557389904069037,0356352718588
3996,3996,Banque Misr,EG637440800487315138280623984,1875367109100
3997,3997,Faisal Islamic Bank,EG264352181365761659467198584,5226283732485
3998,3998,Banque Misr,EG559579730733348779639893289,6414583111220
3999,3999,Bank of Alexandria,EG510288602659738249051146087,9549956731539
4000,4000,QNB Alahli,EG087300926565001491625069058,5107310122987
4001,4001,Banque du Caire,EG235734977503411539346648055,2318744618086
4002,4002,Banque du Caire,EG410633763448823733914486067,2275095394190
4003,4003,Commercial International Bank,EG906445934088758767804070173,1021283540858
4004,4004,National Bank of Egypt,EG469454841825501802519215583,5124335217627
4005,4005,Banque du Caire,EG204881066004777179856523019,9095775982886
4006,4006,QNB Alahli,EG962426423815194739394202017,8716458440959
4007,4007,Commercial International Bank,EG351448791579364957749546513,2587258839572
4008,4008,HSBC Egypt,EG296493189451900442521142218,4915998048300
4009,4009,QNB Alahli,EG589335765168383910502788714,3881253885029
4010,4010,Bank of Alexandria,EG129768868368827705636910476,8833662062986
4011,4011,Faisal Islamic Bank,EG458111217047786336093930257,4973877393301
4012,4012,Bank of Alexandria,EG520352698615496017049230488,0860278093194
4013,4013,QNB Alahli,EG452974500578624628730310014,2749100076197
4014,4014,Banque Misr,EG931288278091965030934119527,3724077651958
4015,4015,Faisal Islamic Bank,EG048807887539355638348996315,6687932490532
4016,4016,National Bank of Egypt,EG144156964724311801864882821,0614820031460
4017,4017,Banque du Caire,EG246141306941966467253302573,4976640410745
4018,4018,QNB Alahli,EG367037606690940640845097888,7270078294224
4019,4019,National Bank of Egypt,EG534294439511703058689504502,9274477166365
4020,4020,Banque du Caire,EG181843569517493867284397949,7378932235587
4021,4021,QNB Alahli,EG049170624246919640604435044,8179698397089
4022,4022,Banque Misr,EG291509047000419771344801125,7168028890976
4023,4023,HSBC Egypt,EG761385351318248491904666919,2935625281274
4024,4024,QNB Alahli,EG716662194678139744772803855,7985572946691
4025,4025,Faisal Islamic Bank,EG883053065974257089746529287,5670183060151
4026,4026,Faisal Islamic Bank,EG608531975071695730808815075,2831049044640
4027,4027,National Bank of Egypt,EG985777791460497788925360868,1117642800480
4028,4028,Banque Misr,EG350755635221323440843023951,8979811672280
4029,4029,HSBC Egypt,EG162780617206406811193975949,1548092436035
4030,4030,Banque du Caire,EG739618039504653769681967785,2680333149848
4031,4031,Faisal Islamic Bank,EG868163717248826375720687973,0561956235394
4032,4032,HSBC Egypt,EG200819287562956366806209433,4716096676020
4033,4033,QNB Alahli,EG133773754652207362978714855,7820999416851
4034,4034,Commercial International Bank,EG516443665792762321801264717,8944815669334
4035,4035,Commercial International Bank,EG315932076587865122733950943,2004165567055
4036,4036,QNB Alahli,EG393513665131715248594895297,8243559684826
4037,4037,Banque Misr,EG787007144751015388250319856,0717094160980
4038,4038,QNB Alahli,EG122245631234476414880802323,2247604340833
4039,4039,HSBC Egypt,EG026965638791973116800120502,6403319361598
4040,4040,Banque Misr,EG534313716598914179884154336,3527496120268
4041,4041,Faisal Islamic Bank,EG066029710442725837100815719,2323914963419
4042,4042,Banque du Caire,EG498398600440483249422008149,5163002762849
4043,4043,Commercial International Bank,EG905154040406403781487356307,7247232735991
4044,4044,Banque Misr,EG355059407927482306661731509,9084107361377
4045,4045,Commercial International Bank,EG659285861598171332444977131,8036265359863
4046,4046,Faisal Islamic Bank,EG909536551431317006874657576,6290064125050
4047,4047,Banque Misr,EG685610013391350926112735571,8347035866028
4048,4048,QNB Alahli,EG128151571715243754442730789,6695241054738
4049,4049,QNB Alahli,EG325191354234602004092148603,2304407674411
4050,4050,Commercial International Bank,EG651891828486426493715225429,1769301186772
4051,4051,Banque Misr,EG343974517292080872159998052,7601735971782
4052,4052,Faisal Islamic Bank,EG841489579370989419415407338,8176399847972
4053,4053,Bank of Alexandria,EG176638128031115237489466218,3993572801558
4054,4054,Banque du Caire,EG908132356896744599317668873,5274210721790
4055,4055,HSBC Egypt,EG306698562426639527338686589,7137618775108
4056,4056,QNB Alahli,EG805569201214832775328984696,2944915691763
4057,4057,HSBC Egypt,EG704279517712933531256720627,0782659767010
4058,4058,Commercial International Bank,EG566544273768760116817150180,0340121496052
4059,4059,Bank of Alexandria,EG637495089239656912653707462,4179537651184
4060,4060,QNB Alahli,EG344990093050960646659728251,0476355234860
4061,4061,Banque Misr,EG645241222248535292230355656,1322538088516
4062,4062,Commercial International Bank,EG908827586622818297354574985,0358192705556
4063,4063,Commercial International Bank,EG557204660816959779243623116,2838804851526
4064,4064,QNB Alahli,EG135480681623441555751017217,1973473926283
4065,4065,HSBC Egypt,EG050723173095956835873098316,5423168686999
4066,4066,Banque Misr,EG201814391840490170055036328,9867070116188
4067,4067,Banque du Caire,EG072322473684220994198505032,7753609372992
4068,4068,Banque du Caire,EG829307544080378330444646889,1451030875541
4069,4069,Banque Misr,EG361556340249492749441603703,8623599710538
4070,4070,Commercial International Bank,EG485670863125363753157940928,1753091244840
4071,4071,HSBC Egypt,EG618979286916500309904323265,6189526189493
4072,4072,Bank of Alexandria,EG660854919891785455786620235,9688132039082
4073,4073,Faisal Islamic Bank,EG435014028822598634561672213,5831214723245
4074,4074,Faisal Islamic Bank,EG684610480836045397051497190,6578593915004
4075,4075,Banque du Caire,EG936376067749111271454413878,3406650174815
4076,4076,HSBC Egypt,EG551711340911794134179510941,5343497617424
4077,4077,Bank of Alexandria,EG692540774532758873715631850,3451775410654
4078,4078,Banque du Caire,EG664365894508713064715111330,5632308057045
4079,4079,Commercial International Bank,EG187836576650383494734380984,0503455263080
4080,4080,Bank of Alexandria,EG939101211210379938143157781,4036377198523
4081,4081,Bank of Alexandria,EG383268707490979077728120216,0733205143145
4082,4082,Banque du Caire,EG956329644531613064121005076,7140295928841
4083,4083,Bank of Alexandria,EG496149502671885145922471060,6613892084107
4084,4084,QNB Alahli,EG094816083679653354802242988,4676959990918
4085,4085,National Bank of Egypt,EG519961466894297336926278126,1564432962551
4086,4086,HSBC Egypt,EG320142161966390330291088050,7901720929635
4087,4087,Bank of Alexandria,EG738920764460018757495119762,2390688918849
4088,4088,Banque du Caire,EG065248002109284929251844505,5619270209321
4089,4089,HSBC Egypt,EG323372197028865691854760142,7001637391320
4090,4090,National Bank of Egypt,EG079939006970292703883042847,8149642870657
4091,4091,Banque du Caire,EG987954592929558329888661388,2590117767084
4092,4092,HSBC Egypt,EG924270601491184167422009187,4203677251077
4093,4093,Bank of Alexandria,EG709673063133496157303292024,8382956341066
4094,4094,Faisal Islamic Bank,EG786416036250120791716724167,7047099993553
4095,4095,HSBC Egypt,EG482308166746597764667855145,4782384461052
4096,4096,HSBC Egypt,EG714076724449878911777275374,5243570440366
4097,4097,Faisal Islamic Bank,EG397450824957357825174560176,7341774843405
4098,4098,National Bank of Egypt,EG474135184228258203658005937,7402124328530
4099,4099,Banque du Caire,EG605424810249412466788262308,8390565012200
4100,4100,Faisal Islamic Bank,EG779931542866564763835933675,8475390103300
4101,4101,National Bank of Egypt,EG030973327663869422054964012,0441584743234
4102,4102,Banque du Caire,EG392723755606649617744287917,7107795482332
4103,4103,National Bank of Egypt,EG207431758709022684441043933,4998353919697
4104,4104,Banque du Caire,EG979709965691834354384687179,0539058755890
4105,4105,Bank of Alexandria,EG320966270353901723094550528,1088853484608
4106,4106,Banque du Caire,EG518091907284840901831843545,9237852998397
4107,4107,Bank of Alexandria,EG024467793238714176624652855,1967714939063
4108,4108,Banque du Caire,EG899886521256046398614277291,5382039630771
4109,4109,Banque du Caire,EG278345533530977523410626265,1145912298154
4110,4110,HSBC Egypt,EG785377288867524807575146650,8832448589309
4111,4111,Banque Misr,EG869963165045182635745678382,4109503367599
4112,4112,HSBC Egypt,EG321966747078599036363538087,0870297576420
4113,4113,HSBC Egypt,EG314712462684035349476292127,9012191755320
4114,4114,QNB Alahli,EG555714090187864214919379844,8511541080538
4115,4115,Commercial International Bank,EG679401452301720225315119856,1739853744990
4116,4116,Faisal Islamic Bank,EG947597384560276784257975861,2628810075843
4117,4117,QNB Alahli,EG736394019516299668368497226,1892975288733
4118,4118,Commercial International Bank,EG293578821613391004218064699,6661155220153
4119,4119,Commercial International Bank,EG914139084902267461023297760,6549851931133
4120,4120,Commercial International Bank,EG906181234146395051717697905,8922948458490
4121,4121,Bank of Alexandria,EG950711827382808223828551571,4522774406905
4122,4122,QNB Alahli,EG053402479126220119459445081,1846769235757
4123,4123,Banque du Caire,EG946384649000387837351508268,8961570468909
4124,4124,Bank of Alexandria,EG413117450805708209766621837,3707665203992
4125,4125,Commercial International Bank,EG913232471848638157057602117,7797625952250
4126,4126,QNB Alahli,EG617626388847667254962670219,3086544777154
4127,4127,Banque Misr,EG740914146874215719276989159,7334738716681
4128,4128,Faisal Islamic Bank,EG275632959534856833819834482,0259196076152
4129,4129,Commercial International Bank,EG267522843768108050335773866,6196187895949
4130,4130,Commercial International Bank,EG267333254205849945119754702,4634966352102
4131,4131,Commercial International Bank,EG881127899529894096049973554,5043912998240
4132,4132,QNB Alahli,EG644541904756850518580951489,7979866804914
4133,4133,Banque du Caire,EG937565193198711907463405551,0985238342810
4134,4134,QNB Alahli,EG807012493787835159875840717,2719423679169
4135,4135,Faisal Islamic Bank,EG221369311326171159100019956,6291304349230
4136,4136,National Bank of Egypt,EG279142036112642963790418740,8137663786675
4137,4137,Bank of Alexandria,EG885756478870865432014425523,3000861124657
4138,4138,QNB Alahli,EG335079161858642880632264743,0411490145952
4139,4139,Faisal Islamic Bank,EG579277160826593032335525118,1039608500171
4140,4140,Faisal Islamic Bank,EG455772137065926294701828325,8473459117822
4141,4141,HSBC Egypt,EG950860086313536462743361417,3834523334610
4142,4142,Banque Misr,EG654776412456961544124664219,9155764852683
4143,4143,Commercial International Bank,EG603439268529581984087128012,5974525197644
4144,4144,Commercial International Bank,EG337926646871817214247608656,8245895753513
4145,4145,QNB Alahli,EG494286349659125194455524122,2860709443957
4146,4146,Bank of Alexandria,EG458997724338965141513861499,9245443088775
4147,4147,Banque du Caire,EG403970738724581364465773540,3626211035796
4148,4148,Banque Misr,EG474764309206928837738930536,7915712232603
4149,4149,HSBC Egypt,EG620262012073292364660271401,9048602557988
4150,4150,HSBC Egypt,EG376905967016092093713459917,7195503802285
4151,4151,QNB Alahli,EG094781479054382191818963056,8072058018541
4152,4152,HSBC Egypt,EG372748345859981017620521273,1869655959567
4153,4153,Banque Misr,EG722565553987984709685339815,1092138828466
4154,4154,Banque Misr,EG216909350909236216965599909,9912610345969
4155,4155,Faisal Islamic Bank,EG851325210449152962458398812,6055176617563
4156,4156,Commercial International Bank,EG116289765255128669058808732,7095741068296
4157,4157,Faisal Islamic Bank,EG683473327625023333469095755,2613889416949
4158,4158,HSBC Egypt,EG763778011597626726774742319,7467713270561
4159,4159,National Bank of Egypt,EG055630267819223902498668350,2293046261228
4160,4160,Banque Misr,EG977301071266022730681015899,6336001111756
4161,4161,Faisal Islamic Bank,EG212110631302377244488332891,0333895866185
4162,4162,Banque du Caire,EG172166686092171291723220716,8511426379752
4163,4163,Banque du Caire,EG573051685116308550777887748,8681257921787
4164,4164,Banque Misr,EG151394866684614383729049822,6294364687689
4165,4165,Faisal Islamic Bank,EG562328700294393351743882159,5765127208947
4166,4166,HSBC Egypt,EG328051605991549966688248225,6292019065055
4167,4167,HSBC Egypt,EG072189134969948640224589746,6221585293436
4168,4168,HSBC Egypt,EG416565462045817917640657574,3141258181946
4169,4169,HSBC Egypt,EG276167430368986163213061160,6623307018530
4170,4170,Banque du Caire,EG217132139114707748446169944,0007873367527
4171,4171,National Bank of Egypt,EG591157433773641707400569988,3398481460930
4172,4172,Commercial International Bank,EG637142080920761808646270012,1168080708094
4173,4173,HSBC Egypt,EG657929022544608217944685712,3140433406490
4174,4174,Banque du Caire,EG418465931879746235523277433,8970790232178
4175,4175,Banque Misr,EG866895714262214624310763754,6576589131331
4176,4176,Bank of Alexandria,EG073624770307126330351659499,4621295450168
4177,4177,National Bank of Egypt,EG842897688245435555450811231,8159925520473
4178,4178,Faisal Islamic Bank,EG799318101088301121744917419,0331335567091
4179,4179,QNB Alahli,EG435448872970683997507044792,9775398126911
4180,4180,National Bank of Egypt,EG434986015012027362352089075,9955882536131
4181,4181,Bank of Alexandria,EG047415508744895583285031066,1082501873256
4182,4182,Banque Misr,EG360806869558482569241866042,4888287124321
4183,4183,QNB Alahli,EG453783906517988616074051762,4383377273358
4184,4184,Banque Misr,EG580428327093712481064789338,3858324362654
4185,4185,Commercial International Bank,EG930858134289112454596772192,6784196151203
4186,4186,Faisal Islamic Bank,EG856798576087819324587842439,5578262227859
4187,4187,Banque Misr,EG253100458345683818740142815,5590086589601
4188,4188,QNB Alahli,EG853548644084706847908463784,7352103716784
4189,4189,National Bank of Egypt,EG083395664693858492254651962,0265726511214
4190,4190,National Bank of Egypt,EG181114585911828707507730480,6865116473791
4191,4191,National Bank of Egypt,EG297050278325002368003828682,6235592723517
4192,4192,Faisal Islamic Bank,EG284735880420640870508815348,3651947131443
4193,4193,QNB Alahli,EG985128794441119760708692545,4721924009267
4194,4194,HSBC Egypt,EG588107281512872517514354008,4089008224801
4195,4195,Commercial International Bank,EG684432298940037538560773965,1868921046855
4196,4196,HSBC Egypt,EG234453887155596061595217997,2491109123593
4197,4197,QNB Alahli,EG217185176098872186112574872,6765191964645
4198,4198,QNB Alahli,EG319149523568455073855668365,0447076309877
4199,4199,HSBC Egypt,EG903458052213409834932976302,2823699531123
4200,4200,National Bank of Egypt,EG101673523351364151330062013,1688599153270
4201,4201,Commercial International Bank,EG503851057435407645123557037,5113124888610
4202,4202,Bank of Alexandria,EG954427120232646360959866290,7216011064321
4203,4203,HSBC Egypt,EG537652517221987519271948063,4120336863398
4204,4204,Faisal Islamic Bank,EG367673799204343864012003902,8496071404484
4205,4205,Banque Misr,EG199886641491557790342968782,5713187184272
4206,4206,Bank of Alexandria,EG882810869314594999579490396,3754360056085
4207,4207,National Bank of Egypt,EG989288195304428363173056102,0112643434433
4208,4208,QNB Alahli,EG467018358210170366841933099,5818529153194
4209,4209,Banque du Caire,EG589395174958736575256711808,7301663129096
4210,4210,Banque du Caire,EG948527187031556076812045878,6769614158624
4211,4211,Banque du Caire,EG039798231698077447229251127,1310663853386
4212,4212,National Bank of Egypt,EG094176269881826215719002988,6388804359731
4213,4213,Banque du Caire,EG143210290511983636338653267,4165811534891
4214,4214,Faisal Islamic Bank,EG454876462123144298534771790,6720182968778
4215,4215,Banque Misr,EG367509481253539453229954492,4883393653969
4216,4216,Commercial International Bank,EG797000542538256606001571746,2001954693989
4217,4217,Bank of Alexandria,EG162149383015403592468268997,2145474207891
4218,4218,Commercial International Bank,EG880465644412724500764078371,8023803693976
4219,4219,HSBC Egypt,EG345038749302772422846966806,8178401952928
4220,4220,HSBC Egypt,EG468923177406657740371867939,4938257102483
4221,4221,Banque Misr,EG778321303005494185399691103,7914419677037
4222,4222,Bank of Alexandria,EG826399546586104876029934275,8138707422736
4223,4223,Faisal Islamic Bank,EG784100283159396357231321242,0558284765265
4224,4224,Commercial International Bank,EG462270966253016222884693068,3258250563295
4225,4225,Bank of Alexandria,EG217656150990367340189887726,3724145403874
4226,4226,HSBC Egypt,EG467444745816785058336401182,7709154894206
4227,4227,Banque Misr,EG919847144535849118211854248,7574893409104
4228,4228,Commercial International Bank,EG674161461042159851449311858,2815077315585
4229,4229,QNB Alahli,EG809854266375764406414561794,1423283548523
4230,4230,Faisal Islamic Bank,EG387940624223587098388369889,3259276404886
4231,4231,Banque du Caire,EG919564091198072931640806708,5721760070032
4232,4232,National Bank of Egypt,EG779976302907910805168948236,5437721911838
4233,4233,QNB Alahli,EG325010399306923228461856876,3947360635452
4234,4234,Banque du Caire,EG061197450910300635134993946,6832930278012
4235,4235,Commercial International Bank,EG776103406527355949689146121,8966802525311
4236,4236,Commercial International Bank,EG257161827718247740072781293,1562382017122
4237,4237,QNB Alahli,EG249122411842207282572667249,7002194012372
4238,4238,National Bank of Egypt,EG169859862491723874344371302,8618183819353
4239,4239,Faisal Islamic Bank,EG748360140149585697294234879,4974476934174
4240,4240,HSBC Egypt,EG377034427684633676416499706,3732076592309
4241,4241,Bank of Alexandria,EG441220998199069405872647187,6178930409821
4242,4242,Banque Misr,EG206062791537619710627986548,8187975867677
4243,4243,Commercial International Bank,EG835945217218151388193878430,3428038170673
4244,4244,Faisal Islamic Bank,EG925463727760486224841691007,0413757559804
4245,4245,Bank of Alexandria,EG650544606123237578451601151,9586545010295
4246,4246,QNB Alahli,EG361126878723005848278865725,7887507984842
4247,4247,Faisal Islamic Bank,EG940801199330358162617827562,4826862309191
4248,4248,Banque du Caire,EG215224823798877024108427527,3586462151590
4249,4249,Bank of Alexandria,EG904035604539837343550182622,1976005039903
4250,4250,Faisal Islamic Bank,EG916054215887763568773076306,4239411290565
4251,4251,HSBC Egypt,EG030652391911071880014127575,7012399280860
4252,4252,Banque du Caire,EG224452097888655648542045346,2496906481540
4253,4253,Banque du Caire,EG988580836144406170054813619,0250294778750
4254,4254,HSBC Egypt,EG114272177545302067602531734,9516209242473
4255,4255,Bank of Alexandria,EG326270347137864535738059375,3428367883373
4256,4256,Banque du Caire,EG182185357850444919369319436,1660547046510
4257,4257,Banque du Caire,EG304539902025089152276287766,2899429868470
4258,4258,Faisal Islamic Bank,EG673795338265856695135906142,5566153931211
4259,4259,Banque Misr,EG676815852182160503868360332,9932550308617
4260,4260,HSBC Egypt,EG332972297215277692541287023,9150932715616
4261,4261,National Bank of Egypt,EG041860244004278061233353075,1564685534723
4262,4262,National Bank of Egypt,EG438717925202624895098146828,3382521280772
4263,4263,National Bank of Egypt,EG066547932041613045854312818,7557318843294
4264,4264,Banque du Caire,EG823582724514535867016901954,1055195242127
4265,4265,National Bank of Egypt,EG106704238235192479243006049,3855931313326
4266,4266,Faisal Islamic Bank,EG309221845397274145660137150,2458936596621
4267,4267,QNB Alahli,EG715723719916822805813177791,7769439657746
4268,4268,Faisal Islamic Bank,EG800284657597809971903780001,6558902612638
4269,4269,Commercial International Bank,EG829388862548249025479099633,2957701682924
4270,4270,Faisal Islamic Bank,EG150274916586988250761517496,3505802576965
4271,4271,Banque Misr,EG141611333584606077733103637,0870214760066
4272,4272,QNB Alahli,EG161869045608778028471524281,7756592187371
4273,4273,Banque du Caire,EG735484660047960900301358177,0958818897817
4274,4274,Bank of Alexandria,EG682643488840772120185678682,2554845097088
4275,4275,Banque du Caire,EG057184303631125909116576833,9172962443571
4276,4276,Banque Misr,EG974000590635819325258596063,1218819153211
4277,4277,QNB Alahli,EG559421872818157725698689619,1884998538776
4278,4278,Faisal Islamic Bank,EG093681244916737994385995856,7192520089031
4279,4279,QNB Alahli,EG073426934270784520374293869,2962742735196
4280,4280,Banque Misr,EG217439981854180476884515439,5793306088531
4281,4281,Bank of Alexandria,EG669596575156125784356323403,6242339957085
4282,4282,QNB Alahli,EG692916041756963983605379682,1589666802893
4283,4283,QNB Alahli,EG290308818656349936576048054,3046576049303
4284,4284,Banque Misr,EG398449227634579483683727319,8402789222969
4285,4285,HSBC Egypt,EG954051456175653897027552149,0596649493866
4286,4286,Banque du Caire,EG866834550462286078576080291,9821272834144
4287,4287,Commercial International Bank,EG642729334174124370703967645,7300565920581
4288,4288,QNB Alahli,EG916819924351085124303434028,8641672125948
4289,4289,National Bank of Egypt,EG763707546522834615388210602,9992743085270
4290,4290,Faisal Islamic Bank,EG883918135917708657586461037,5987618286193
4291,4291,Faisal Islamic Bank,EG153269045026940649933660016,3284893566435
4292,4292,Banque du Caire,EG246235726597880128273115110,6986416481349
4293,4293,Faisal Islamic Bank,EG265064224637858224695118270,2916703278803
4294,4294,QNB Alahli,EG766044649194878503125676562,4986615255391
4295,4295,Commercial International Bank,EG590297804316404234755741185,0769594126691
4296,4296,Banque du Caire,EG785252857088197562692228412,1140391783198
4297,4297,Bank of Alexandria,EG723410914147507631001206226,7943311639848
4298,4298,National Bank of Egypt,EG086721187780514174948228672,1590787276941
4299,4299,Banque Misr,EG130362743401134823172232022,2474321923641
4300,4300,Banque du Caire,EG500083134316270629625303107,1425796772608
4301,4301,HSBC Egypt,EG669326693262503860415975593,9858725148246
4302,4302,HSBC Egypt,EG973833775177468197662827784,0288989077730
4303,4303,QNB Alahli,EG624962613305775092815274605,0224823785288
4304,4304,Commercial International Bank,EG708268375379263750705833058,4747891779535
4305,4305,Banque Misr,EG139346860495289136770612548,4522867196338
4306,4306,QNB Alahli,EG468096147333803692944239600,5524882670053
4307,4307,Bank of Alexandria,EG383552698209961969524206905,7472540695242
4308,4308,National Bank of Egypt,EG874910618186035719168057915,5875118268205
4309,4309,National Bank of Egypt,EG081444197070676473757602080,9876255883370
4310,4310,National Bank of Egypt,EG607362260210385791224987749,5111602961134
4311,4311,National Bank of Egypt,EG094427811051877465294959327,3936951251735
4312,4312,Banque du Caire,EG049414132103454979811437151,7453574899235
4313,4313,Banque Misr,EG332798745895349532167208457,9474531537777
4314,4314,Commercial International Bank,EG387432600977298742098627063,4827008687513
4315,4315,National Bank of Egypt,EG374317657263672104100620777,3416323185893
4316,4316,Bank of Alexandria,EG456503333624786124217693492,2894708412663
4317,4317,National Bank of Egypt,EG580332301660491865058847274,8354898885636
4318,4318,HSBC Egypt,EG525483314625690547636959616,2950974489822
4319,4319,HSBC Egypt,EG324283395466573130777050950,8692731535159
4320,4320,QNB Alahli,EG435113254554831725231314552,0976240222135
4321,4321,Faisal Islamic Bank,EG130336173868896351858627658,5119024141513
4322,4322,Banque Misr,EG708900563360728143362940396,0163001495188
4323,4323,QNB Alahli,EG497370558058755177471825436,0672083499003
4324,4324,QNB Alahli,EG186547856485025616781819332,0780493179448
4325,4325,Banque du Caire,EG025303141313298122318915572,6792670687827
4326,4326,Faisal Islamic Bank,EG774653661709059535240698210,4568652894521
4327,4327,QNB Alahli,EG346303521981118183047457593,3231349084534
4328,4328,Banque du Caire,EG024633475179157247355069882,7057758263923
4329,4329,QNB Alahli,EG862954901627814340130279194,7901650807716
4330,4330,National Bank of Egypt,EG921815620376155488959888458,8761762654726
4331,4331,Bank of Alexandria,EG943001231147706599606148692,6093915018521
4332,4332,Commercial International Bank,EG578183197722943974889170068,8888272546793
4333,4333,HSBC Egypt,EG810752078916752004300600860,3025421104271
4334,4334,Faisal Islamic Bank,EG239581186178319902435794069,9658525781224
4335,4335,Faisal Islamic Bank,EG713373038395396995886671984,2892200805630
4336,4336,Commercial International Bank,EG104420073703159425646932681,1418030260167
4337,4337,Bank of Alexandria,EG574308122107459192149879435,3232366001656
4338,4338,Faisal Islamic Bank,EG683005279410318829114093014,2196800251550
4339,4339,Bank of Alexandria,EG310773728573124345224037902,6092376903865
4340,4340,Banque Misr,EG541945513441679239991572140,8633469435775
4341,4341,Faisal Islamic Bank,EG039851273234559928069764969,7743265542285
4342,4342,HSBC Egypt,EG476417733998181199565276104,1644027640813
4343,4343,QNB Alahli,EG474073959328384367847553219,9869886742579
4344,4344,Banque Misr,EG108291813285342390909320554,4111002125474
4345,4345,National Bank of Egypt,EG951496092129979769933830181,6642959123299
4346,4346,Commercial International Bank,EG182173991328138284025345706,7119489905230
4347,4347,QNB Alahli,EG542619433010835026420200840,4763087133498
4348,4348,HSBC Egypt,EG979661989942289435344001820,0439515734377
4349,4349,QNB Alahli,EG122997544167332943053969505,4834760477164
4350,4350,HSBC Egypt,EG499371729929673308208099053,7625217431048
4351,4351,Commercial International Bank,EG132595318142529428157542138,6312454031657
4352,4352,Banque Misr,EG959603741366274247407415692,2634809328914
4353,4353,National Bank of Egypt,EG026706420448661652013515130,8643162126986
4354,4354,Banque Misr,EG082778769023760767548848792,1841969897702
4355,4355,QNB Alahli,EG506926421467655302110684052,3262497978306
4356,4356,Commercial International Bank,EG809264254997026402357210784,4614657455666
4357,4357,QNB Alahli,EG832525919837629863706560580,7784185510854
4358,4358,Faisal Islamic Bank,EG940913306108797634297976677,5179801195702
4359,4359,Banque du Caire,EG441712605167405767352807956,4280122118677
4360,4360,National Bank of Egypt,EG055361196415462003419893478,9730569632478
4361,4361,Bank of Alexandria,EG405852748751866859661526464,7353957750760
4362,4362,QNB Alahli,EG943871866132537157597322560,3032815746933
4363,4363,HSBC Egypt,EG221862040762397388565832523,0969426496937
4364,4364,Bank of Alexandria,EG798576875323535333779979428,3503673766834
4365,4365,National Bank of Egypt,EG668624452969254970939110563,2254440286641
4366,4366,National Bank of Egypt,EG942898374436012211674532005,8164676181401
4367,4367,Banque Misr,EG659788651346144251788104682,2818036268159
4368,4368,National Bank of Egypt,EG120327941970706812820442472,1740951647103
4369,4369,HSBC Egypt,EG322198737109531916238657417,6055321412207
4370,4370,Banque du Caire,EG099768260951869042999767173,1102204862371
4371,4371,QNB Alahli,EG775847727480016414469710407,4807566425178
4372,4372,Bank of Alexandria,EG362708908217723415744516855,9495761689912
4373,4373,Banque Misr,EG768540092672292491193833636,4332596063070
4374,4374,HSBC Egypt,EG029831958620182607612569303,6085928525435
4375,4375,National Bank of Egypt,EG938754507059040971389976132,2363986923674
4376,4376,QNB Alahli,EG326525921469591007995124608,4460945980254
4377,4377,Banque du Caire,EG868014811518737503439913213,1538046137850
4378,4378,Bank of Alexandria,EG357506507633936340397953408,4556525469714
4379,4379,Banque du Caire,EG538897104898903610729426901,2196140526040
4380,4380,Bank of Alexandria,EG724736581682413031017754225,3425745478237
4381,4381,Commercial International Bank,EG562612811257045684914410357,0931667748114
4382,4382,HSBC Egypt,EG445994192486180867389586041,1836923467050
4383,4383,Banque du Caire,EG160283812890727511776721327,5291426093522
4384,4384,QNB Alahli,EG309243175670751928762879084,3341934108474
4385,4385,HSBC Egypt,EG422865063887696410714107791,0451194163899
4386,4386,National Bank of Egypt,EG476145907650172413109344039,6477701084208
4387,4387,HSBC Egypt,EG600504683997656291560300366,7995241848839
4388,4388,Bank of Alexandria,EG937627073432245185544430546,1344322503330
4389,4389,Commercial International Bank,EG546992914313080241978642228,3241413728016
4390,4390,HSBC Egypt,EG477343251195220647175846302,4294925770952
4391,4391,QNB Alahli,EG497079871975123119174490318,2376249274424
4392,4392,National Bank of Egypt,EG354647794128883455120858857,8717419677589
4393,4393,Bank of Alexandria,EG404309516928472654066799770,6935418485244
4394,4394,QNB Alahli,EG499562287182713013565991073,3821782944189
4395,4395,Faisal Islamic Bank,EG188974510207045396511969909,8735605619445
4396,4396,HSBC Egypt,EG127327427327035503244416089,2684717318338
4397,4397,Banque Misr,EG054663225292946225508340614,8723883899596
4398,4398,Commercial International Bank,EG590538018316156150783269954,9688405757231
4399,4399,Commercial International Bank,EG537149233831318752079417150,8829293646790
4400,4400,Banque du Caire,EG140155851976500841642588498,1560234263851
4401,4401,HSBC Egypt,EG133343211982809132559517668,3297997400819
4402,4402,National Bank of Egypt,EG780824536465162332927695855,3629265063017
4403,4403,Commercial International Bank,EG060592793030648437215460165,8634719933749
4404,4404,Banque Misr,EG275338185917890186904395330,7059161385567
4405,4405,Banque Misr,EG653236256978680124517922562,4269230080607
4406,4406,Banque Misr,EG911508619731254278036034307,8457864406268
4407,4407,Banque Misr,EG814609553736705962805369674,8483324169847
4408,4408,QNB Alahli,EG866054951919601823951121737,9430981675041
4409,4409,QNB Alahli,EG196458279984165372461399318,5686753560884
4410,4410,Banque du Caire,EG845477465067220848199758141,8809548550096
4411,4411,Banque du Caire,EG681586270099477750913848056,6247688860925
4412,4412,Bank of Alexandria,EG573949771763564650838384687,7014706932665
4413,4413,HSBC Egypt,EG441064597563007957748679107,5495305039452
4414,4414,QNB Alahli,EG177636434587493037913237280,9764393033515
4415,4415,HSBC Egypt,EG920547888849139168133947209,2574178361851
4416,4416,National Bank of Egypt,EG526975619416046199424486703,6055420900377
4417,4417,National Bank of Egypt,EG471771474337237534312719895,7764387534278
4418,4418,Bank of Alexandria,EG938682053613287085762999588,3040221871278
4419,4419,Commercial International Bank,EG309638558744547802014732042,6329463524478
4420,4420,Banque Misr,EG326959452953984017898819275,8923418884958
4421,4421,Banque Misr,EG861473212183987039354144248,7389850698750
4422,4422,National Bank of Egypt,EG897968578540150219866686376,5175654024627
4423,4423,Commercial International Bank,EG788289497864447046165923439,4443967595932
4424,4424,QNB Alahli,EG834421272754014213500468475,7827445761448
4425,4425,Bank of Alexandria,EG093212726622468135150567785,7125463984047
4426,4426,Banque du Caire,EG772955658348798551171918658,8935418323766
4427,4427,Banque Misr,EG691960844285295831142663878,9615843042942
4428,4428,National Bank of Egypt,EG149175001633527211734945443,8733734322153
4429,4429,QNB Alahli,EG114220361123235342362045496,2439017970130
4430,4430,Faisal Islamic Bank,EG219418892885972055981621469,4803386712798
4431,4431,Commercial International Bank,EG456661753817671349506598626,9113633484157
4432,4432,National Bank of Egypt,EG988011967172496289015490777,1043630419780
4433,4433,Bank of Alexandria,EG144165205598141831872300046,1891150030606
4434,4434,National Bank of Egypt,EG198125126271731247725778905,6179147244659
4435,4435,HSBC Egypt,EG671674750801695948083324847,9349536228165
4436,4436,National Bank of Egypt,EG647293743032158098981623820,2226358989590
4437,4437,Banque Misr,EG238180839294560659092398122,5032484245160
4438,4438,Banque Misr,EG972966638824679675469284662,7823586383007
4439,4439,HSBC Egypt,EG833083449761586665559525233,3447715707485
4440,4440,Banque du Caire,EG290335431410032916347882464,1212228292977
4441,4441,Banque du Caire,EG423326215814743516019176670,5259068048637
4442,4442,Faisal Islamic Bank,EG626531092940735134113921576,9488035458766
4443,4443,Commercial International Bank,EG523105983475543051907924526,3635552690022
4444,4444,Banque Misr,EG654493248804022793054265554,6257634036726
4445,4445,National Bank of Egypt,EG098309221411862573255805098,7597650201355
4446,4446,Faisal Islamic Bank,EG182536868993415461617899371,0731434120399
4447,4447,National Bank of Egypt,EG461948377802791676924851302,5925881007925
4448,4448,Commercial International Bank,EG854715275231918139388331614,0185493664461
4449,4449,Banque du Caire,EG761071491340554824872016329,0019340118163
4450,4450,National Bank of Egypt,EG554330697702353812792620303,5344313687551
4451,4451,HSBC Egypt,EG593284041681637914172799393,6771145728357
4452,4452,Banque du Caire,EG421354288294855102704875923,9904531813565
4453,4453,Faisal Islamic Bank,EG728042184921262843866986159,4724136917013
4454,4454,Banque Misr,EG626571647197390280896219795,2995488294695
4455,4455,National Bank of Egypt,EG180034408324045604094114455,5500607922421
4456,4456,Commercial International Bank,EG805680023371757468038229077,2826971535657
4457,4457,HSBC Egypt,EG403148577553378838518719412,4981733344897
4458,4458,Commercial International Bank,EG051694647523780242090292368,5786629854965
4459,4459,Banque du Caire,EG323397512321932085295942927,6198513999021
4460,4460,Banque Misr,EG338054386881067300730172702,3686622785588
4461,4461,QNB Alahli,EG458137865321318680229419888,9273296906093
4462,4462,Faisal Islamic Bank,EG914105214191036402162982629,9942967171232
4463,4463,National Bank of Egypt,EG098461517448552285499464643,8793947050695
4464,4464,Banque du Caire,EG351068838428705229071621285,1671978167149
4465,4465,Banque Misr,EG106762842161796558346552736,8615664245730
4466,4466,Faisal Islamic Bank,EG938352038463426524843786943,4602174011393
4467,4467,Banque Misr,EG764557453123466621849115910,2563910534934
4468,4468,Bank of Alexandria,EG884217539804137880836368510,3868251317132
4469,4469,Commercial International Bank,EG942893526115945937712346454,5177560767625
4470,4470,National Bank of Egypt,EG209541602193755627518770933,5007933188057
4471,4471,Faisal Islamic Bank,EG651146482858061043663982605,2444878857129
4472,4472,National Bank of Egypt,EG495829186054126857601015785,1960415421189
4473,4473,Banque Misr,EG695782001096832979842797750,5991517894834
4474,4474,Banque du Caire,EG708449473718373525578316743,0808962153591
4475,4475,Bank of Alexandria,EG651162538263319108147070135,8195392205596
4476,4476,Bank of Alexandria,EG486438134351513407052279041,2542815790745
4477,4477,Commercial International Bank,EG802981460134511181983847201,9715986625240
4478,4478,QNB Alahli,EG590907925099736481573047429,4911762024423
4479,4479,Faisal Islamic Bank,EG597504858904438347331999429,3000332608684
4480,4480,Bank of Alexandria,EG870621805509030598774562017,0069971817112
4481,4481,Commercial International Bank,EG420588614156929616875843112,1832240109599
4482,4482,Faisal Islamic Bank,EG204191757763823046594063481,9555420828959
4483,4483,Banque Misr,EG254011339605391673738300099,0950853288723
4484,4484,National Bank of Egypt,EG052854603820771019134966639,9569593860060
4485,4485,QNB Alahli,EG901596859640586602168050941,3546403002399
4486,4486,HSBC Egypt,EG189297299575697191539344359,3649276141303
4487,4487,HSBC Egypt,EG813360756576177501882861074,0009433837050
4488,4488,Faisal Islamic Bank,EG808674646641941658973285459,7577528369483
4489,4489,Banque Misr,EG736445999574170863979758658,8188934779035
4490,4490,Banque Misr,EG121279058366241994480076431,6407305808594
4491,4491,QNB Alahli,EG559172777179807675219531832,5201549505497
4492,4492,HSBC Egypt,EG960015145185559813447930210,9596394026318
4493,4493,National Bank of Egypt,EG145632357680426643051037729,3224974145513
4494,4494,National Bank of Egypt,EG464102051186919008046439530,5092560648759
4495,4495,Commercial International Bank,EG333406946486905004500224019,8428750740957
4496,4496,Faisal Islamic Bank,EG586308355178670797180743353,0106514422486
4497,4497,Banque du Caire,EG931792499698761876000498917,8583923079122
4498,4498,HSBC Egypt,EG270137216455244245687784702,4003855683443
4499,4499,QNB Alahli,EG165307571731193992575612203,7135836956228
4500,4500,HSBC Egypt,EG028822682401757843893480355,4200978104055
4501,4501,HSBC Egypt,EG794785669972745140726101315,3735300088386
4502,4502,QNB Alahli,EG145612070970678028987908735,5935630408934
4503,4503,HSBC Egypt,EG236848323031497321390056370,7830200674360
4504,4504,National Bank of Egypt,EG654702945091684392975207386,9324937780188
4505,4505,Commercial International Bank,EG404209934736531295272957706,0668507778854
4506,4506,National Bank of Egypt,EG622362853689641284959235160,5492344926803
4507,4507,Banque du Caire,EG407099530021582376251496283,6706748553970
4508,4508,Banque Misr,EG761687238914338054346900447,8912188546316
4509,4509,Bank of Alexandria,EG533226029267166527743676899,9988727900279
4510,4510,Commercial International Bank,EG155062801921273006907995041,6977199545465
4511,4511,Bank of Alexandria,EG143438266322278366291474588,2637512769586
4512,4512,National Bank of Egypt,EG241974743645070061229896320,9291930801479
4513,4513,National Bank of Egypt,EG934035280537553367459324141,2455831680123
4514,4514,Banque Misr,EG023741962726226847805075339,4299374643926
4515,4515,Banque du Caire,EG117583028368202035198459974,9687778862924
4516,4516,QNB Alahli,EG279844660031713767882512776,9153420682711
4517,4517,Commercial International Bank,EG081696620973468459083376963,1691029300420
4518,4518,Bank of Alexandria,EG742281862956699236322152077,5683155582182
4519,4519,National Bank of Egypt,EG746163140276464816514453093,0273199506390
4520,4520,HSBC Egypt,EG297485697184811743016534790,9890861975136
4521,4521,National Bank of Egypt,EG973420756515306861354444951,4112832256125
4522,4522,Bank of Alexandria,EG304264010596006240626405974,7873493704409
4523,4523,HSBC Egypt,EG709571393665654626090612172,0555574329569
4524,4524,HSBC Egypt,EG649776869196346536880967539,1009693330137
4525,4525,Banque du Caire,EG707588487812010658887813744,6401428885280
4526,4526,Commercial International Bank,EG360359686937732887246041385,3180019309429
4527,4527,Banque Misr,EG604917615336528080329202400,3738408663085
4528,4528,Banque du Caire,EG856725767527580289478002013,4023396427172
4529,4529,National Bank of Egypt,EG889702142568326170310629899,0104214436751
4530,4530,Bank of Alexandria,EG638234010308309203456849193,9920015066694
4531,4531,Banque Misr,EG889182074803811560666305529,8755265741740
4532,4532,HSBC Egypt,EG774678493845432360022796244,3698226985334
4533,4533,Bank of Alexandria,EG380606084446868320603279924,2585023076379
4534,4534,Banque du Caire,EG901615665068239370870985939,4686223973418
4535,4535,National Bank of Egypt,EG181301553301170826702037048,9741876840357
4536,4536,Banque Misr,EG564324747240352035978111782,4739391305294
4537,4537,HSBC Egypt,EG233125286395181877455142355,0186525629081
4538,4538,QNB Alahli,EG171902876480375874843416614,3399032470518
4539,4539,Banque du Caire,EG358873541255005709914840508,1391176925184
4540,4540,Faisal Islamic Bank,EG782348756333757970587047741,9409850719702
4541,4541,Faisal Islamic Bank,EG974120302707421959797788962,7750456875849
4542,4542,Banque Misr,EG361406906526344870973702045,9245955644659
4543,4543,HSBC Egypt,EG075522436299949084929744894,5800807928634
4544,4544,National Bank of Egypt,EG927218112299692735331626994,6897433798558
4545,4545,National Bank of Egypt,EG753891929652799307409474236,3464351289579
4546,4546,Bank of Alexandria,EG233413377589763659501043385,2347543569206
4547,4547,National Bank of Egypt,EG915118345399442717080622161,2478887006107
4548,4548,Bank of Alexandria,EG426333278224931681579544813,8833890624177
4549,4549,QNB Alahli,EG539993238864862089638016461,3261213058111
4550,4550,Banque du Caire,EG450012822887029319381416200,2408669844526
4551,4551,Banque du Caire,EG207693079232498026490812093,5115151367145
4552,4552,Faisal Islamic Bank,EG806065047063527210764918005,1860551528926
4553,4553,QNB Alahli,EG730574225890557840821850996,6766741955100
4554,4554,Faisal Islamic Bank,EG952401304678274103339792269,5176263981702
4555,4555,Commercial International Bank,EG375354573475238685567453701,9490537272632
4556,4556,QNB Alahli,EG596041350601123330162030423,7439981401291
4557,4557,Faisal Islamic Bank,EG382306301587187422391800810,9262121315418
4558,4558,Banque Misr,EG163702255729315601410113606,4287564221964
4559,4559,Commercial International Bank,EG420409208496448371959037559,2455642776479
4560,4560,Bank of Alexandria,EG470537137598514215346465027,8714210553412
4561,4561,Banque du Caire,EG128855562694283065388595355,0268360241363
4562,4562,Faisal Islamic Bank,EG233070278387603565743645556,0248175458892
4563,4563,HSBC Egypt,EG729645315561960668837678438,0101669593024
4564,4564,HSBC Egypt,EG547294206064639825312595850,3494227640394
4565,4565,Bank of Alexandria,EG417128974655427737403923482,9081407673584
4566,4566,Commercial International Bank,EG184244482831552712619342217,9092108207787
4567,4567,Banque Misr,EG147243972396660757785647429,7974965077504
4568,4568,Faisal Islamic Bank,EG638772129453688581471944510,9127960893622
4569,4569,Commercial International Bank,EG663164111251288117177898519,4342388277641
4570,4570,HSBC Egypt,EG432724154214272605468466822,7541064160727
4571,4571,Banque du Caire,EG159323462524834044579421257,4197291046045
4572,4572,Banque du Caire,EG246045023152024032089447477,6435059511278
4573,4573,Commercial International Bank,EG972858436114834166339117745,1476831338834
4574,4574,Commercial International Bank,EG565784153289797645216112224,9521679267718
4575,4575,QNB Alahli,EG643625170225950564078024021,6604648855844
4576,4576,Bank of Alexandria,EG121951130191235859174082192,7036293650592
4577,4577,HSBC Egypt,EG208052671873934938971254964,6450412589812
4578,4578,National Bank of Egypt,EG303075870164376639267881258,7189124115410
4579,4579,National Bank of Egypt,EG845980299552130750240744578,6780003014802
4580,4580,Commercial International Bank,EG898807265015730250845166808,7578792079866
4581,4581,Banque Misr,EG518389835392973524806937521,8276669713619
4582,4582,QNB Alahli,EG689113665661121809389583444,0368432038321
4583,4583,National Bank of Egypt,EG896648612025930722973207350,3328229246362
4584,4584,Faisal Islamic Bank,EG926607010983360587642137528,7080774611111
4585,4585,Bank of Alexandria,EG916108301144203135142392571,4241479384633
4586,4586,HSBC Egypt,EG073695554016525265855501552,3838564888366
4587,4587,Banque Misr,EG396263050066318269603437489,0629754425920
4588,4588,QNB Alahli,EG677858385415674258754050967,6006914591082
4589,4589,Faisal Islamic Bank,EG820445639335553797373901980,9066893345700
4590,4590,Bank of Alexandria,EG069342555084222000744284917,3674570760201
4591,4591,National Bank of Egypt,EG815483132225912631318994130,9989243581529
4592,4592,National Bank of Egypt,EG886704119226054195997953224,7912427492947
4593,4593,Banque Misr,EG898361918206275569083098187,0180039392112
4594,4594,QNB Alahli,EG565510427669171724097967908,5278172088348
4595,4595,Banque du Caire,EG777431151011359340131464654,7072766050968
4596,4596,Banque du Caire,EG352790091403406148961096941,6595660130100
4597,4597,Faisal Islamic Bank,EG394174159913497924211162654,3441574415262
4598,4598,National Bank of Egypt,EG952326244906020449951498651,4751414499806
4599,4599,Commercial International Bank,EG348682094143212607657399477,4743891790300
4600,4600,HSBC Egypt,EG801453735301951918423471067,1238731770212
4601,4601,QNB Alahli,EG062327563285927842893565121,0499250782631
4602,4602,HSBC Egypt,EG697810625575294538516760077,6499906028197
4603,4603,HSBC Egypt,EG763642815811822194769541565,8419215077096
4604,4604,Banque du Caire,EG927671722859893168695245702,8401202372644
4605,4605,Faisal Islamic Bank,EG706231996004984271178883122,1586842623908
4606,4606,HSBC Egypt,EG559849609066588705087154379,5012494791119
4607,4607,HSBC Egypt,EG672544332210321645216644389,0638751389358
4608,4608,Faisal Islamic Bank,EG572438795811295179168147270,1352003214915
4609,4609,National Bank of Egypt,EG495782057578345446195466657,5502535725723
4610,4610,Commercial International Bank,EG395878822953744443623022567,5520403679333
4611,4611,HSBC Egypt,EG107280836954146992069544423,1314322346062
4612,4612,Faisal Islamic Bank,EG163254054968565751800139805,2060113138127
4613,4613,HSBC Egypt,EG496615541625373578490371241,4780386272028
4614,4614,Bank of Alexandria,EG762866454678459387757963295,2171785103732
4615,4615,HSBC Egypt,EG758173370742697413065669978,3496057622127
4616,4616,Banque du Caire,EG861277458395720387287352341,5190232648175
4617,4617,Banque du Caire,EG612104008091466216687695941,8275150603461
4618,4618,Banque du Caire,EG125373941375481742687824993,5504241607434
4619,4619,Banque Misr,EG876567827342432560914484240,0432154995003
4620,4620,QNB Alahli,EG146432799298852024910588624,8878241680559
4621,4621,National Bank of Egypt,EG161655917799809352049639880,6649396585846
4622,4622,QNB Alahli,EG982556203247029658838046865,9927175996757
4623,4623,Faisal Islamic Bank,EG626308337839251141017932058,2800841803534
4624,4624,National Bank of Egypt,EG119042279157029622362976330,4509188516540
4625,4625,Bank of Alexandria,EG692521243468584491935734499,3578668786227
4626,4626,Bank of Alexandria,EG682305236418583560798051506,8066702042292
4627,4627,Bank of Alexandria,EG168239643818356251283071622,9408180518880
4628,4628,Banque Misr,EG322002741530223471895755187,3913345992903
4629,4629,QNB Alahli,EG917062716854301272597463873,4700436072594
4630,4630,National Bank of Egypt,EG072399615747925083773364369,3864998881630
4631,4631,Bank of Alexandria,EG431496327695417677199873123,1264200277218
4632,4632,Bank of Alexandria,EG757951551352454881044555192,1207017738521
4633,4633,Banque du Caire,EG369030895636638355496080887,7212437942308
4634,4634,Banque Misr,EG450661290728995499009692861,8701845465719
4635,4635,Commercial International Bank,EG105292123150610778321558208,6726928575159
4636,4636,Faisal Islamic Bank,EG241564019831990298537016291,7618364048949
4637,4637,Bank of Alexandria,EG983180104237883329048334412,1752200458655
4638,4638,QNB Alahli,EG348434277648320616331224986,5321836278618
4639,4639,Commercial International Bank,EG556821019555904147708688885,0890795164352
4640,4640,Faisal Islamic Bank,EG765046604788349450917385586,0889424450998
4641,4641,Banque Misr,EG789481222230575236379339652,4487154833573
4642,4642,Banque du Caire,EG173801261580289254186352009,4332110540575
4643,4643,QNB Alahli,EG285332024821721952237844974,7994541768945
4644,4644,Banque Misr,EG907631916895900532646987378,1394990057772
4645,4645,National Bank of Egypt,EG435156864930606986059442654,0247737830801
4646,4646,Faisal Islamic Bank,EG792870368306869495269224976,3957942266002
4647,4647,Banque Misr,EG129466610498421885453319195,6941702191331
4648,4648,National Bank of Egypt,EG962649768304892170370326235,8287538541136
4649,4649,National Bank of Egypt,EG988763360912025355256093060,8576743186193
4650,4650,HSBC Egypt,EG791134663128868002421685499,2284100418770
4651,4651,Banque Misr,EG337161304116241309286627185,1962077381832
4652,4652,Banque Misr,EG415413943722851885404068073,4905309361924
4653,4653,Banque du Caire,EG924176738345722187321756207,8764881460655
4654,4654,HSBC Egypt,EG227397540832356195530247723,8180889387928
4655,4655,Faisal Islamic Bank,EG216732598086281861764396111,2371562997680
4656,4656,Banque Misr,EG523019175740772821954624371,1961507276594
4657,4657,Banque Misr,EG546979841252463939059401070,5627405715520
4658,4658,Banque Misr,EG928089756293822584090199995,5352137134057
4659,4659,National Bank of Egypt,EG128287010523635046960666305,1397873964912
4660,4660,Commercial International Bank,EG931709503547099745133592343,4898123870854
4661,4661,National Bank of Egypt,EG901121034585204922752375445,0571358834698
4662,4662,Bank of Alexandria,EG825183525546396721812340153,1401969914483
4663,4663,Commercial International Bank,EG418384669437842180710960679,2965966217332
4664,4664,Bank of Alexandria,EG106528914257595239316113055,8392947974299
4665,4665,Banque du Caire,EG165260099649008625362481943,1397129492402
4666,4666,National Bank of Egypt,EG349670550504542684931384472,2747052032935
4667,4667,Faisal Islamic Bank,EG904816097475673350440566834,2718277932234
4668,4668,Faisal Islamic Bank,EG434348056555428551472679957,2781076708323
4669,4669,Banque du Caire,EG536394399664194202103363038,1809854942378
4670,4670,Banque du Caire,EG511505449147042684834856164,7569261532189
4671,4671,Commercial International Bank,EG297795565442702691329247837,4647718617133
4672,4672,Bank of Alexandria,EG798110471208837072518345679,5723805624993
4673,4673,National Bank of Egypt,EG227229045701556096030744272,0610956282003
4674,4674,QNB Alahli,EG704660221907662908149775736,8924584357278
4675,4675,Bank of Alexandria,EG398331670722394205596684035,3715623947219
4676,4676,National Bank of Egypt,EG407218194026308482466695389,8720558559841
4677,4677,Commercial International Bank,EG805924513042674995900485339,2874487029727
4678,4678,Commercial International Bank,EG510773428600730488019433040,1489243563619
4679,4679,Commercial International Bank,EG347666967049377432655699754,6216431104198
4680,4680,Faisal Islamic Bank,EG758978107446530394106049053,1011407206397
4681,4681,Faisal Islamic Bank,EG913096405796909757651516257,8419315311830
4682,4682,Faisal Islamic Bank,EG586031172883970715002951528,1923177584536
4683,4683,QNB Alahli,EG060880296968617385046531914,0013248537713
4684,4684,Banque Misr,EG488030903953509770538157758,2978855414695
4685,4685,Commercial International Bank,EG587208264145426084710294415,2145654284986
4686,4686,Faisal Islamic Bank,EG142332875472516205008591441,6251549664472
4687,4687,Bank of Alexandria,EG045670955050102228476290476,8245525531204
4688,4688,Commercial International Bank,EG879418532478060050544165896,4566175708972
4689,4689,Banque du Caire,EG347591480752063010641165168,0952327342569
4690,4690,Commercial International Bank,EG170869979874840049781144779,0958555338596
4691,4691,Banque du Caire,EG236423724321157354549207149,0615939310247
4692,4692,Banque du Caire,EG118172071439955140875241679,3122853570575
4693,4693,HSBC Egypt,EG560955143707377684184014443,3303898477855
4694,4694,Faisal Islamic Bank,EG664016507040590367322424182,8679245399717
4695,4695,Faisal Islamic Bank,EG716384447859337380761500502,5693603390880
4696,4696,Faisal Islamic Bank,EG251302319331675265798150205,1479234792149
4697,4697,QNB Alahli,EG868195976588847700198700230,7524732899783
4698,4698,National Bank of Egypt,EG358809419138902493944695188,6475777219086
4699,4699,Bank of Alexandria,EG089385419822983992363608558,3559433691162
4700,4700,QNB Alahli,EG132453823930622910747368957,5514521450383
4701,4701,Banque du Caire,EG498826537256071779618387145,1228263760726
4702,4702,National Bank of Egypt,EG565896454313124268458784773,3926846297685
4703,4703,Commercial International Bank,EG208102727377916371708762823,8900529877202
4704,4704,Banque du Caire,EG635187140828011242179534482,9328968959397
4705,4705,Faisal Islamic Bank,EG065129106945647189209521521,9850638293812
4706,4706,Banque du Caire,EG280170058227776266025557905,0957317678917
4707,4707,Banque du Caire,EG294025838241312542268850708,1061722194105
4708,4708,Bank of Alexandria,EG275052798891343125423598760,0841881598386
4709,4709,Bank of Alexandria,EG965197674856484094918484627,7083073536072
4710,4710,Banque du Caire,EG051097352719537327994441017,0857996244231
4711,4711,Faisal Islamic Bank,EG579937613211327846552629107,6465634597967
4712,4712,Bank of Alexandria,EG685500721116604806632876143,7001475234173
4713,4713,Banque Misr,EG398007356626029026304257929,4159896750188
4714,4714,National Bank of Egypt,EG782610501665765580070124049,1927713076942
4715,4715,Faisal Islamic Bank,EG872181767856860325150044059,4938795286284
4716,4716,Banque Misr,EG525153137636504318737882291,5192118676653
4717,4717,Commercial International Bank,EG041782818348587823653133708,6014200216710
4718,4718,Banque Misr,EG432953146665742726539892290,9596260684902
4719,4719,National Bank of Egypt,EG281158352538523021594107671,2799409452502
4720,4720,Banque Misr,EG260520156504103147600073923,1736907496861
4721,4721,Bank of Alexandria,EG534978988338000630770541288,0149248068662
4722,4722,National Bank of Egypt,EG559745763394201596540910961,7864157180398
4723,4723,Commercial International Bank,EG155235488675895579831615193,4930290403211
4724,4724,Faisal Islamic Bank,EG623910075015614355880608866,3990907034270
4725,4725,Banque Misr,EG324315509979168831857486128,1292311061637
4726,4726,Banque du Caire,EG048975815378141917879837927,4989561235369
4727,4727,Commercial International Bank,EG745857188417273636974684723,2789652290754
4728,4728,HSBC Egypt,EG399894096930092312988051831,9226963080638
4729,4729,Bank of Alexandria,EG201787430012393992795419229,9523958659955
4730,4730,HSBC Egypt,EG738524817798746437553287139,5587319406810
4731,4731,Banque du Caire,EG880369976692999776272793883,2715986914048
4732,4732,Faisal Islamic Bank,EG432233062297210111760811356,6009787388742
4733,4733,HSBC Egypt,EG453845724559082773238555991,4261658177720
4734,4734,Commercial International Bank,EG310504771866305389244638891,1814076890200
4735,4735,Faisal Islamic Bank,EG374733756795647682992802908,6829645771895
4736,4736,QNB Alahli,EG540770369588614408825702332,4952860780584
4737,4737,Commercial International Bank,EG246005150403905580507497287,0346375142069
4738,4738,Banque Misr,EG781177739597509796446354055,9590221324058
4739,4739,HSBC Egypt,EG337067290756376164380335063,6702656105293
4740,4740,Commercial International Bank,EG734041775811677131502156438,5249419257809
4741,4741,Banque du Caire,EG771399541082487087846493499,9004923759194
4742,4742,QNB Alahli,EG909850898742675399117389339,5136632037615
4743,4743,HSBC Egypt,EG126715303808146049310417539,2766374008883
4744,4744,National Bank of Egypt,EG891441938061382081281025539,8919324002019
4745,4745,Banque Misr,EG382900571706846582785675613,4937633142735
4746,4746,HSBC Egypt,EG760644378814831377241931798,2921987772164
4747,4747,Bank of Alexandria,EG889657189606999816739461619,1303114296036
4748,4748,National Bank of Egypt,EG065423101921100787417351247,2004748961575
4749,4749,Bank of Alexandria,EG523677665833489677331139184,1959795425085
4750,4750,Commercial International Bank,EG983200546894560903894100056,9046796914646
4751,4751,Banque du Caire,EG933495360334272434968639330,9541412651609
4752,4752,Commercial International Bank,EG352947143519354813386197209,9275951346115
4753,4753,Faisal Islamic Bank,EG534984782692965854519331822,4164970862712
4754,4754,HSBC Egypt,EG574583638722340576411576550,8513637036902
4755,4755,Banque Misr,EG897653518698841137518155863,7378447996087
4756,4756,Banque du Caire,EG132788793054001512937069373,9977201787865
4757,4757,HSBC Egypt,EG125447631006413193564925333,1900534811969
4758,4758,National Bank of Egypt,EG451719102556463113577660409,7787207431687
4759,4759,Commercial International Bank,EG682563547386852313212406611,1098707800841
4760,4760,National Bank of Egypt,EG800920533068407305792702532,1270107552423
4761,4761,Faisal Islamic Bank,EG025013886478811165974085375,7548325503169
4762,4762,Commercial International Bank,EG661792208156050172391704157,2046617062981
4763,4763,QNB Alahli,EG978556862376231633436926906,8086062196838
4764,4764,QNB Alahli,EG574603698997045746654123821,9442188929199
4765,4765,Banque Misr,EG307701858746469094686418592,6035631608610
4766,4766,Faisal Islamic Bank,EG138190654811383748145676588,1259255589354
4767,4767,National Bank of Egypt,EG787705338642205020433362506,4270909143078
4768,4768,Banque Misr,EG155152455309018189863151685,6661764688752
4769,4769,National Bank of Egypt,EG494567532890813966627205581,6306627108141
4770,4770,Commercial International Bank,EG621534247155682291196347378,1001549649750
4771,4771,National Bank of Egypt,EG076216379796651741939672472,0978435547174
4772,4772,Banque Misr,EG777580034272634991977995390,0831864055119
4773,4773,National Bank of Egypt,EG236753801642967172157104165,8940496801105
4774,4774,Faisal Islamic Bank,EG317671902267330778704866569,8218891150824
4775,4775,Commercial International Bank,EG669163876709899612244525690,6038287386832
4776,4776,Banque Misr,EG499196828957729643045978287,5727555482516
4777,4777,QNB Alahli,EG430678175948337953614151361,3217899461043
4778,4778,Commercial International Bank,EG145110635471916369828028662,6829868586169
4779,4779,Bank of Alexandria,EG888508924801165667259148891,4042091007607
4780,4780,Bank of Alexandria,EG222674320893475542664911932,6580941217799
4781,4781,Bank of Alexandria,EG528186056214715988872766496,8195617937309
4782,4782,Banque du Caire,EG064938244952973236220353224,7931427744356
4783,4783,Commercial International Bank,EG669026951320608114902665475,7567085440160
4784,4784,QNB Alahli,EG188323006328217436596462234,2075017438029
4785,4785,Bank of Alexandria,EG959232108374278341490307152,2141895664684
4786,4786,Bank of Alexandria,EG521475658703820651785467200,5323100143526
4787,4787,QNB Alahli,EG417643361455610651941795298,2192125471702
4788,4788,Commercial International Bank,EG936944691808472899530858050,3147084157527
4789,4789,Bank of Alexandria,EG115242508451099523185643360,1553950901831
4790,4790,Commercial International Bank,EG735721903406277728267405484,7655939112851
4791,4791,Bank of Alexandria,EG503025154729665937575162416,2714503583952
4792,4792,Bank of Alexandria,EG493560761652383531907694552,6428649699745
4793,4793,Banque Misr,EG133843285126506400736372101,9383230028022
4794,4794,National Bank of Egypt,EG043450500387304075420960207,7330509792473
4795,4795,Banque du Caire,EG710435173338515645110008954,6613962053942
4796,4796,Banque du Caire,EG159525920256519096546870292,3510861835155
4797,4797,HSBC Egypt,EG831850880351837013074260829,8627906478916
4798,4798,HSBC Egypt,EG211743337502539495985374417,2538263187425
4799,4799,National Bank of Egypt,EG817928723845111090079191032,7138502658815
4800,4800,Commercial International Bank,EG988910471992679211416407493,1081035092440
4801,4801,QNB Alahli,EG126451900726300881470918402,6553311866576
4802,4802,Faisal Islamic Bank,EG042640761830520749138667344,0993509851120
4803,4803,HSBC Egypt,EG031411403078143325257424022,5984624177555
4804,4804,Banque Misr,EG085480569948740557460842987,4097263138377
4805,4805,National Bank of Egypt,EG030892089196643834071007491,6972634699870
4806,4806,National Bank of Egypt,EG365446229154872697330425311,2039183971740
4807,4807,Commercial International Bank,EG665282559164130693385415883,6096242807105
4808,4808,QNB Alahli,EG652100163701180748034074546,3324723470909
4809,4809,Faisal Islamic Bank,EG425588590652942520447712854,4853149198930
4810,4810,Banque du Caire,EG504550441635697459717000038,1400570440446
4811,4811,Faisal Islamic Bank,EG418544905430959538316848301,2366096573642
4812,4812,HSBC Egypt,EG776683310283258715927702329,9881682247312
4813,4813,National Bank of Egypt,EG207740957801475079042912266,5725867132755
4814,4814,Banque du Caire,EG497357210951731521380142069,4774157475100
4815,4815,National Bank of Egypt,EG844589907858307837864704528,9877461133925
4816,4816,Banque du Caire,EG178285905746787329719461928,6402268876250
4817,4817,HSBC Egypt,EG138166815168203825075848324,8699160880936
4818,4818,Banque du Caire,EG318798297849435186904550569,5589094784078
4819,4819,Faisal Islamic Bank,EG384213266041384754115975475,4123298051247
4820,4820,Faisal Islamic Bank,EG515853381619287453720649823,6578588555535
4821,4821,National Bank of Egypt,EG455237153668059324919166259,4766872273900
4822,4822,HSBC Egypt,EG030849115934137250739504613,6771400401712
4823,4823,Commercial International Bank,EG685029722644853158286631981,9685414092011
4824,4824,QNB Alahli,EG290911991050434526321415416,6258577213976
4825,4825,Banque Misr,EG978068799523463839373358091,2305340337150
4826,4826,Banque du Caire,EG489191730168652528716873720,9976684832255
4827,4827,Commercial International Bank,EG273470238092236444346448510,5493012826411
4828,4828,Faisal Islamic Bank,EG774800281966480138349082255,7000704926023
4829,4829,Commercial International Bank,EG875810749581732582313592942,3001161922201
4830,4830,QNB Alahli,EG442581725218456448311023738,5078552108292
4831,4831,Faisal Islamic Bank,EG181676059578037536759457633,9012633390397
4832,4832,Commercial International Bank,EG046738124993124152151107362,9278472724804
4833,4833,Faisal Islamic Bank,EG743315045511529585467570472,4374364787643
4834,4834,HSBC Egypt,EG703111468447968807594469604,9603745248297
4835,4835,Faisal Islamic Bank,EG377116471646388974720840890,2453107435246
4836,4836,Commercial International Bank,EG127127401942774896387296412,5059499380102
4837,4837,National Bank of Egypt,EG194821874288343270339308391,3823349745743
4838,4838,Banque du Caire,EG700205126377517813197703087,2556980488586
4839,4839,QNB Alahli,EG870114712339393441000213217,5396994347655
4840,4840,Banque du Caire,EG693425146129621987239734962,8683074295885
4841,4841,HSBC Egypt,EG784811297122683941062359741,0679357203034
4842,4842,HSBC Egypt,EG579665394158165114125817042,6837166446281
4843,4843,Bank of Alexandria,EG323930332053299036669839487,1355627211276
4844,4844,Bank of Alexandria,EG570333650712371230522562443,5416725386817
4845,4845,Banque Misr,EG716415959964702938621947716,6999624696137
4846,4846,HSBC Egypt,EG147151940106514319984453687,6337676682744
4847,4847,Bank of Alexandria,EG254276174262486853908616882,0576447886690
4848,4848,Faisal Islamic Bank,EG427500811558646612526726327,0703667501266
4849,4849,QNB Alahli,EG882619477815355690289957538,0155651716377
4850,4850,QNB Alahli,EG126773119945321577206385281,4782479434323
4851,4851,Bank of Alexandria,EG129931530757905952261856598,4079513390300
4852,4852,Banque du Caire,EG712247093667154581592775586,5687347462803
4853,4853,Banque du Caire,EG670802495813043620274963084,8048464163614
4854,4854,Banque Misr,EG485208667831371550148369283,2612746996230
4855,4855,Banque du Caire,EG715404639148180208529402797,1736029528260
4856,4856,Faisal Islamic Bank,EG502372808884577231014436377,5709615751047
4857,4857,Commercial International Bank,EG829879651512101519930343854,2630750517882
4858,4858,Bank of Alexandria,EG755700901900687528355314071,4915944014378
4859,4859,National Bank of Egypt,EG856780808558734826071973348,0102779293130
4860,4860,National Bank of Egypt,EG608935207127609496562767457,1352502611012
4861,4861,QNB Alahli,EG652604943697623772997752904,0560204164203
4862,4862,HSBC Egypt,EG175405768767089161813226480,9954639672984
4863,4863,Faisal Islamic Bank,EG365337110959345825606542196,0536308786407
4864,4864,Faisal Islamic Bank,EG452277712712620715222669181,5756437067303
4865,4865,Faisal Islamic Bank,EG954406568598691943179088230,2839793219512
4866,4866,National Bank of Egypt,EG273017073411192714030052709,1038218297809
4867,4867,Banque du Caire,EG937095879917047617618057409,4008916138711
4868,4868,QNB Alahli,EG367465305148543008239042446,1267615600476
4869,4869,QNB Alahli,EG076243649381584737892360968,4978213433469
4870,4870,Banque Misr,EG879611975522705613552401471,1770315380193
4871,4871,Banque du Caire,EG752224345770241779162264570,4906225741540
4872,4872,Bank of Alexandria,EG864452298462166503416265467,2421599317227
4873,4873,Faisal Islamic Bank,EG373845329081503929274577908,4591567175886
4874,4874,National Bank of Egypt,EG885047114715528723641751331,4833482272722
4875,4875,Banque du Caire,EG810095435561632781078621314,1205682464618
4876,4876,QNB Alahli,EG063867670994689334916906518,3646183032742
4877,4877,Commercial International Bank,EG713743414219930464871463062,2775850039868
4878,4878,National Bank of Egypt,EG091602979032174589625056233,7675673149822
4879,4879,Bank of Alexandria,EG904674178373971291946471278,1666068642734
4880,4880,HSBC Egypt,EG521423835647753601137717106,2608567422268
4881,4881,Banque Misr,EG686469341735241510448964132,7674611863447
4882,4882,HSBC Egypt,EG669684587405667744768424396,2599789246062
4883,4883,Bank of Alexandria,EG675533298213338103954389964,9659472873424
4884,4884,Bank of Alexandria,EG223482248845480112418255545,7412228379039
4885,4885,HSBC Egypt,EG356172156729054123022832835,4440645335886
4886,4886,Commercial International Bank,EG521557703630350515945992539,5379609774777
4887,4887,Banque du Caire,EG692617387192404785163800368,2301436154392
4888,4888,Banque du Caire,EG429834067362727424042153763,4575886995361
4889,4889,QNB Alahli,EG317231101325204594649615545,3532622236682
4890,4890,Banque du Caire,EG765871276645587335430760463,5643775019284
4891,4891,Banque du Caire,EG510084732900084315652687431,4363811984309
4892,4892,Banque Misr,EG982304945820760576791262970,9984011401350
4893,4893,Banque du Caire,EG978676802656603405480638620,4793231441241
4894,4894,Bank of Alexandria,EG299377650683409321793536897,2463207033289
4895,4895,Faisal Islamic Bank,EG403540462272818966481967771,5463785856809
4896,4896,Banque Misr,EG357185884574849867760703179,6120271265810
4897,4897,Banque Misr,EG157425116265581562153231424,5980176338318
4898,4898,Bank of Alexandria,EG813471940100051522657757852,2905637716962
4899,4899,Commercial International Bank,EG426957317637713757185536271,9604735889739
4900,4900,Commercial International Bank,EG873653768882523651320894478,8601159937350
4901,4901,Bank of Alexandria,EG562520341780223882286372297,7259499174323
4902,4902,Banque du Caire,EG980485553076180947251875665,2949542022196
4903,4903,HSBC Egypt,EG164571684856974195049910138,4755142849228
4904,4904,Bank of Alexandria,EG788360450139775043281219105,9938635389329
4905,4905,QNB Alahli,EG225651933946440157234879963,9044203129603
4906,4906,National Bank of Egypt,EG331428090955701154945704025,6742035770566
4907,4907,Commercial International Bank,EG693589053331678307139628378,5851770986067
4908,4908,National Bank of Egypt,EG351132479905546292346664914,1259021311482
4909,4909,Banque Misr,EG067642120461229019958369133,6775630043342
4910,4910,QNB Alahli,EG627064018044991907842582416,2386784668514
4911,4911,Commercial International Bank,EG750218252773475443164186799,6950129767384
4912,4912,Bank of Alexandria,EG974104793125398400731080190,0802197864619
4913,4913,National Bank of Egypt,EG559972923482544958915539058,6845202779871
4914,4914,HSBC Egypt,EG710753294329820196225688062,6133132318717
4915,4915,Bank of Alexandria,EG180633845078684370117290555,3795588034926
4916,4916,National Bank of Egypt,EG281627463225652099828640667,1516360205391
4917,4917,QNB Alahli,EG497987038628278878159371407,7946109760284
4918,4918,Banque du Caire,EG287518478074945630088599615,5875812037632
4919,4919,HSBC Egypt,EG257144996566859456202035391,3681165964490
4920,4920,Faisal Islamic Bank,EG168997247797758821132064499,2022595903543
4921,4921,Commercial International Bank,EG748882757845636270794231751,5890036826360
4922,4922,National Bank of Egypt,EG839217252380932568272058561,1299010089002
4923,4923,National Bank of Egypt,EG042255197927632311345559294,7509403914495
4924,4924,Faisal Islamic Bank,EG629489314792715569373856217,5437413322114
4925,4925,Faisal Islamic Bank,EG091266651018705136045126230,8750648477274
4926,4926,Bank of Alexandria,EG950909957888679048009585393,6557165939806
4927,4927,Bank of Alexandria,EG216506692234928015431712393,2823366809559
4928,4928,Faisal Islamic Bank,EG891392207288461304512061815,6006916351358
4929,4929,QNB Alahli,EG602444600588371352089723919,0554124600089
4930,4930,HSBC Egypt,EG527256867863233386765163934,7364175498359
4931,4931,Banque du Caire,EG783737045171462067275464224,5243344250078
4932,4932,Bank of Alexandria,EG779050620628352669183400540,1010180957729
4933,4933,Banque Misr,EG271611877567108750617911010,1503893384099
4934,4934,Commercial International Bank,EG130009078053604910438407921,3448128990557
4935,4935,Banque du Caire,EG310793073386729120630340951,3862110413749
4936,4936,QNB Alahli,EG414654372353035492950717541,1427485842834
4937,4937,QNB Alahli,EG136534229553623989604443048,0750763301015
4938,4938,National Bank of Egypt,EG185941209266298339520795070,5197149935969
4939,4939,HSBC Egypt,EG487901777120136109566321207,1050979064259
4940,4940,Faisal Islamic Bank,EG878177299816601664929295412,5695923241984
4941,4941,HSBC Egypt,EG152289914941295486069907225,1684812460896
4942,4942,HSBC Egypt,EG263095185142101734837187100,4000391547497
4943,4943,Faisal Islamic Bank,EG183590223287351338644758600,8033832280456
4944,4944,Banque Misr,EG509404492499388399984898761,7146542273802
4945,4945,HSBC Egypt,EG345865570266816336079185673,2108761301334
4946,4946,Banque Misr,EG674065490942991747861410822,8877004576195
4947,4947,Commercial International Bank,EG169356957125442099054198575,6901295322500
4948,4948,Banque Misr,EG707393334785964508565031719,0246198031084
4949,4949,Bank of Alexandria,EG073823655303874206967801912,8278001023348
4950,4950,Banque Misr,EG916732228517734202687333009,3711246848536
4951,4951,HSBC Egypt,EG424356598889070526028108105,3292747643819
4952,4952,Banque du Caire,EG027943879853615964515675491,4786630218091
4953,4953,Banque Misr,EG171262860277872092996760739,2977067016927
4954,4954,National Bank of Egypt,EG751716193233831116267060843,7659206768837
4955,4955,HSBC Egypt,EG435989998953459433324110745,7792834453470
4956,4956,Bank of Alexandria,EG252502857780942769861088932,7312585073185
4957,4957,Commercial International Bank,EG973094209497298977654058173,9847784324093
4958,4958,HSBC Egypt,EG290702489931886478525024392,7554834381574
4959,4959,Faisal Islamic Bank,EG338203655255514281333319076,5953365537331
4960,4960,Faisal Islamic Bank,EG703171453281251813637349687,3139238727679
4961,4961,QNB Alahli,EG734190829911274564134937299,6293181150866
4962,4962,QNB Alahli,EG927281996594309162433334423,4249198280068
4963,4963,HSBC Egypt,EG637298318977350006201842894,0485653232113
4964,4964,QNB Alahli,EG614035369698712159121835779,8362452444008
4965,4965,Commercial International Bank,EG061358843097505874982835297,8170141235320
4966,4966,National Bank of Egypt,EG345712835480427503722460767,5948283270127
4967,4967,Bank of Alexandria,EG228732468287585930503367308,4780747475096
4968,4968,QNB Alahli,EG383535172867875458961081494,1795601962425
4969,4969,QNB Alahli,EG544981514228438302617706475,5333669321942
4970,4970,Bank of Alexandria,EG783614953212781253341373872,6924958935339
4971,4971,National Bank of Egypt,EG349989956840996192684662675,5536019763707
4972,4972,Bank of Alexandria,EG439690098048108206437109559,7243310986089
4973,4973,Commercial International Bank,EG735683798900991391585063143,0516493184060
4974,4974,Bank of Alexandria,EG636720996020406016976835298,8191511843375
4975,4975,National Bank of Egypt,EG813550871894523021476244733,2655638847531
4976,4976,Bank of Alexandria,EG498222188429912394631123339,7682366218136
4977,4977,HSBC Egypt,EG353534858899374643890249787,6523872613037
4978,4978,QNB Alahli,EG692351142525238455838736107,1716537643499
4979,4979,Bank of Alexandria,EG211895391395553575128414038,5318422321299
4980,4980,National Bank of Egypt,EG886519284532623961796924325,2736978469296
4981,4981,Banque du Caire,EG626840417287769134114097995,3304956310274
4982,4982,National Bank of Egypt,EG818697943220752070967630170,5291595369133
4983,4983,Faisal Islamic Bank,EG857243643179032883117158243,1481174439518
4984,4984,Faisal Islamic Bank,EG924531287957840589957741509,9033451602927
4985,4985,Faisal Islamic Bank,EG392202977148289980411108150,2842724753705
4986,4986,HSBC Egypt,EG432309213642311866291426682,5021435744115
4987,4987,QNB Alahli,EG725170593607660842140165025,2248750874989
4988,4988,Commercial International Bank,EG760294045447746979375857042,5223990900029
4989,4989,Faisal Islamic Bank,EG585533576982816826467447445,7577779714183
4990,4990,HSBC Egypt,EG819935791060356630203144906,4653031324966
4991,4991,HSBC Egypt,EG252042929281168895295457497,5180839415755
4992,4992,Commercial International Bank,EG470325178605616443537524579,5141317548726
4993,4993,HSBC Egypt,EG230022449394073244789047000,0958674956465
4994,4994,Bank of Alexandria,EG589069444567700162158457635,7339379171014
4995,4995,Bank of Alexandria,EG088558624769858482992102162,1020366947665
4996,4996,Faisal Islamic Bank,EG877860164447178323070744172,4707616947013
4997,4997,Banque du Caire,EG309174328410013268116891896,5669182446446
4998,4998,Banque Misr,EG664852390548921633138445182,5264383775639
4999,4999,Faisal Islamic Bank,EG977086271080439317565361115,6839839059522
5000,5000,Banque du Caire,EG053517437157539881694395005,5241496512856
