employee_id,first_name,last_name,email,department_id,role_id,salary,commission_pct,hire_date,termination_date,is_active,work_mode,manager_id
1,Shaimaa,Abdelaziz,shaimaa.abdelaziz1@nileco.example,6,28,9994.30,0.00,2024-09-21,,1,onsite,3947
2,Adel,Farouk,adel.farouk2@nileco.example,2,8,26816.13,5.00,2019-04-29,,1,hybrid,889
3,Fatma,Fathy,fatma.fathy3@nileco.example,4,16,9189.82,0.00,2025-06-16,,1,hybrid,1769
4,Mona,Zaki,mona.zaki4@nileco.example,1,2,11469.23,0.00,2024-08-21,,1,hybrid,4081
5,Dalia,Kamal,dalia.kamal5@nileco.example,5,22,9435.77,0.00,2026-02-12,,1,onsite,3554
6,مصطفى,عبد العزيز,mostafa.abdelaziz6@nileco.example,2,10,50170.00,5.00,2021-06-22,,1,onsite,2367
7,Sameh,Kamal,sameh.kamal7@nileco.example,3,13,21083.88,0.00,2020-08-06,,1,onsite,1814
8,Hassan,Badawy,hassan.badawy8@nileco.example,9,42,19580.92,0.00,2024-04-16,,1,onsite,2182
9,سارة,رشوان,sara.rashwan9@nileco.example,1,3,15816.31,0.00,2023-03-24,,1,onsite,4631
10,محمد,كمال,mohamed.kamal10@nileco.example,6,28,9110.69,0.00,2026-04-30,,1,hybrid,4090
11,Amira,Sobhy,amira.sobhy11@nileco.example,3,13,23052.64,0.00,2023-05-01,,1,onsite,4779
12,Hossam,Sayed,hossam.sayed12@nileco.example,5,22,10313.42,0.00,2023-10-17,,1,hybrid,2413
13,Michael,Shawky,michael.shawky13@nileco.example,5,22,7934.24,0.00,2025-07-02,,1,onsite,3757
14,Farida,Mahmoud,farida.mahmoud14@nileco.example,3,12,11582.57,0.00,2021-06-22,,1,onsite,4322
15,Mostafa,Saeed,mostafa.saeed15@nileco.example,6,29,18593.12,0.00,2021-01-04,,1,onsite,4991
16,Adel,Elshamy,adel.elshamy16@nileco.example,2,7,12035.20,5.00,2023-08-15,,1,onsite,4602
17,Tarek,Ahmed,tarek.ahmed17@nileco.example,6,28,12245.07,0.00,2023-03-10,,1,onsite,1230
18,Salma,Mansour,salma.mansour18@nileco.example,1,4,23471.98,0.00,2023-04-15,,1,hybrid,2552
19,وليد,بدوي,walid.badawy19@nileco.example,1,5,51818.91,0.00,2018-01-02,,1,remote,
20,Hussein,Fathy,hussein.fathy20@nileco.example,6,30,31113.09,0.00,2024-12-05,,1,onsite,3896
21,سامح,خليل,sameh.khalil21@nileco.example,6,29,20146.65,0.00,2019-05-09,,1,onsite,1792
22,Wael,Fathy,wael.fathy22@nileco.example,6,28,12168.67,0.00,2024-06-26,,1,onsite,2262
23,سامح,متولي,sameh.metwally23@nileco.example,7,33,17077.13,0.00,2025-10-19,,1,onsite,2835
24,Tamer,Saeed,tamer.saeed24@nileco.example,9,41,12636.01,0.00,2025-01-06,,1,onsite,4294
25,Yasmin,Sayed,yasmin.sayed25@nileco.example,2,10,50660.42,5.00,2020-04-08,,1,hybrid,4331
26,Tarek,Youssef,tarek.youssef26@nileco.example,5,24,33051.56,0.00,2019-08-01,,1,onsite,4025
27,Dalia,Abdelaziz,dalia.abdelaziz27@nileco.example,9,42,20573.35,0.00,2020-04-24,,1,hybrid,1011
28,طارق,فاروق,tarek.farouk28@nileco.example,2,10,54772.56,5.00,2017-12-23,,1,onsite,1378
29,Basma,Shawky,basma.shawky29@nileco.example,8,38,20707.26,0.00,2021-09-17,2023-11-05,0,hybrid,3098
30,Aya,Tawfik,aya.tawfik30@nileco.example,9,41,11305.27,0.00,2025-04-29,,1,onsite,1605
31,عمرو,رشدي,amr.roushdy31@nileco.example,6,29,20177.55,0.00,2022-11-27,,1,hybrid,2337
32,داليا,سعيد,dalia.saeed32@nileco.example,6,29,21649.25,0.00,2021-08-31,,1,onsite,503
33,Amr,Gaber,amr.gaber33@nileco.example,1,2,7827.11,0.00,2023-04-25,,1,remote,1086
34,Laila,Mansour,laila.mansour34@nileco.example,2,7,14941.79,5.00,2023-11-13,,1,onsite,3655
35,Hossam,Abbas,hossam.abbas35@nileco.example,1,3,20993.55,0.00,2019-04-25,,1,onsite,434
36,محمود,علي,mahmoud.ali36@nileco.example,7,31,6330.09,0.00,2024-03-31,,1,onsite,1001
37,Adel,Hamdy,adel.hamdy37@nileco.example,9,42,26505.01,0.00,2019-07-19,,1,onsite,3724
38,خالد,نجيب,khaled.naguib38@nileco.example,6,29,21397.62,0.00,2023-09-20,,1,onsite,1352
39,Omar,Fouad,omar.fouad39@nileco.example,5,22,12389.92,0.00,2021-09-10,,1,hybrid,1999
40,Rania,Hamdy,rania.hamdy40@nileco.example,7,32,10541.84,0.00,2022-07-08,2025-06-02,0,hybrid,677
41,فاطمة,علي,fatma.ali41@nileco.example,1,2,9788.92,0.00,2024-04-09,,1,remote,2127
42,Mahmoud,Saeed,mahmoud.saeed42@nileco.example,1,3,23530.29,0.00,2019-11-25,,1,onsite,2789
43,Hossam,Badawy,hossam.badawy43@nileco.example,6,29,23139.73,0.00,2020-08-31,,1,onsite,2110
44,Ahmed,Metwally,ahmed.metwally44@nileco.example,6,29,20261.87,0.00,2022-08-25,,1,onsite,3743
45,Fatma,Hamdy,fatma.hamdy45@nileco.example,9,42,19135.79,0.00,2020-04-19,,1,remote,3221
46,Karim,Sayed,karim.sayed46@nileco.example,6,29,24558.92,0.00,2019-08-30,,1,hybrid,2333
47,سلمى,زكي,salma.zaki47@nileco.example,6,28,11305.61,0.00,2021-11-01,,1,onsite,4971
48,Amira,Hamdy,amira.hamdy48@nileco.example,8,38,17528.47,0.00,2023-04-13,,1,onsite,3836
49,Hany,Abbas,hany.abbas49@nileco.example,1,2,9892.87,0.00,2025-09-03,,1,onsite,437
50,عمر,رمضان,omar.ramadan50@nileco.example,9,42,23909.05,0.00,2021-01-28,,1,onsite,1235
51,Reem,Salem,reem.salem51@nileco.example,1,4,38926.69,0.00,2021-08-02,,1,hybrid,4275
52,Ziad,Abdelaziz,ziad.abdelaziz52@nileco.example,6,27,,0.00,2025-05-20,,1,onsite,2599
53,نهى,ناصر,noha.nasser53@nileco.example,6,28,13486.25,0.00,2024-04-23,,1,onsite,1788
54,طارق,شوقي,tarek.shawky54@nileco.example,6,30,29098.48,0.00,2021-06-12,,1,hybrid,2522
55,Aya,Tawfik,aya.tawfik55@nileco.example,1,4,35351.65,0.00,2019-02-28,,1,onsite,2921
56,Tarek,Fouad,tarek.fouad56@nileco.example,6,27,6741.99,0.00,2025-07-27,,1,hybrid,789
57,Sameh,Saeed,sameh.saeed57@nileco.example,7,33,17890.71,0.00,2023-12-01,,1,onsite,4307
58,مروان,حلمي,marwan.helmy58@nileco.example,3,13,15104.95,0.00,2025-01-30,,1,onsite,3260
59,ندى,كمال,nada.kamal59@nileco.example,1,5,50031.22,0.00,2016-10-17,,1,hybrid,3698
60,Ayman,Abdelaziz,ayman.abdelaziz60@nileco.example,5,24,41331.26,0.00,2018-08-19,,1,onsite,286
61,عمر,محمود,omar.mahmoud61@nileco.example,3,14,29522.86,0.00,2023-01-26,,1,hybrid,4532
62,Shaimaa,Abbas,shaimaa.abbas62@nileco.example,7,34,33626.78,0.00,2021-04-13,,1,hybrid,645
63,Walid,Abbas,walid.abbas63@nileco.example,7,31,6835.97,0.00,2026-04-18,,1,onsite,4432
64,أندرو,حلمي,andrew.helmy64@nileco.example,1,2,9604.19,0.00,2023-12-27,,1,hybrid,2790
65,Mostafa,Sayed,mostafa.sayed65@nileco.example,1,3,16060.60,0.00,2024-02-03,,1,hybrid,1812
66,عمرو,عبد العزيز,amr.abdelaziz66@nileco.example,9,41,10779.21,0.00,2022-05-17,,1,onsite,371
67,دينا,كمال,dina.kamal67@nileco.example,5,24,33595.70,0.00,2021-12-12,,1,onsite,341
68,يوسف,جابر,youssef.gaber68@nileco.example,6,28,9519.41,0.00,2024-11-10,,1,remote,4900
69,أندرو,فتحي,andrew.fathy69@nileco.example,1,3,21307.03,0.00,2019-02-10,2022-12-01,0,remote,2998
70,حسام,السيد,hossam.sayed70@nileco.example,5,22,10165.29,0.00,2023-10-27,,1,onsite,2365
71,ندى,صبحي,nada.sobhy71@nileco.example,8,36,4453.28,0.00,2025-11-05,,1,hybrid,4821
72,Sameh,Ahmed,sameh.ahmed72@nileco.example,2,7,7422.23,5.00,2026-03-18,,1,onsite,4311
73,أحمد,متولي,ahmed.metwally73@nileco.example,3,14,30894.94,0.00,2024-11-22,,1,hybrid,2522
74,Ali,Gaber,ali.gaber74@nileco.example,2,9,42101.32,5.00,2017-06-17,,1,onsite,1743
75,Shaimaa,Ezzat,shaimaa.ezzat75@nileco.example,1,2,13048.84,0.00,2024-02-05,,1,onsite,290
76,نور,صبحي,nour.sobhy76@nileco.example,5,25,53857.70,0.00,2019-11-16,,1,onsite,2114
77,Marwan,Roushdy,marwan.roushdy77@nileco.example,9,40,3690.00,0.00,2026-03-04,,1,hybrid,3783
78,Laila,Tawfik,laila.tawfik78@nileco.example,5,22,9829.86,0.00,2023-10-21,,1,onsite,341
79,Sherif,Helmy,sherif.helmy79@nileco.example,7,32,7739.36,0.00,2026-06-21,,1,remote,2964
80,Laila,Mahmoud,laila.mahmoud80@nileco.example,9,42,17617.79,0.00,2025-06-12,2026-06-28,0,onsite,3184
81,Nada,Sobhy,nada.sobhy81@nileco.example,9,42,16200.73,0.00,2024-03-11,,1,onsite,4708
82,حسن,سعيد,hassan.saeed82@nileco.example,1,2,12044.28,0.00,2026-05-10,,1,onsite,1734
83,Youssef,Zaki,youssef.zaki83@nileco.example,3,13,16659.14,0.00,2022-08-11,,1,onsite,2907
84,Ali,Youssef,ali.youssef84@nileco.example,5,23,18451.81,0.00,2023-12-11,,1,onsite,937
85,ياسمين,محمود,yasmin.mahmoud85@nileco.example,6,29,15701.33,0.00,2024-10-26,,1,onsite,1103
86,Yasmin,Youssef,yasmin.youssef86@nileco.example,3,13,20994.07,0.00,2019-02-25,,1,onsite,4800
87,حسين,رشوان,hussein.rashwan87@nileco.example,6,27,4543.11,0.00,2024-07-24,,1,hybrid,2141
88,Karim,Fouad,karim.fouad88@nileco.example,3,12,14106.67,0.00,2021-12-25,,1,onsite,342
89,Hoda,Selim,hoda.selim89@nileco.example,6,28,8159.30,0.00,2026-02-12,,1,onsite,4677
90,Farida,Elshamy,farida.elshamy90@nileco.example,7,33,18497.91,0.00,2020-11-20,2024-01-13,0,hybrid,3002
91,Andrew,Ali,andrew.ali91@nileco.example,8,38,20061.01,0.00,2025-11-23,,1,hybrid,4485
92,أميرة,زكي,amira.zaki92@nileco.example,6,30,36793.32,0.00,2017-06-16,,1,hybrid,3698
93,Michael,Helmy,michael.helmy93@nileco.example,1,4,30312.59,0.00,2020-12-07,,1,onsite,1550
94,أندرو,إسماعيل,andrew.ismail94@nileco.example,1,3,22250.10,0.00,2021-07-06,,1,onsite,2826
95,Basma,Ahmed,basma.ahmed95@nileco.example,8,37,11877.26,0.00,2023-12-03,,1,onsite,1858
96,ندى,متولي,nada.metwally96@nileco.example,6,28,11241.36,0.00,2025-03-28,,1,remote,2712
97,هاني,حلمي,hany.helmy97@nileco.example,2,6,3690.00,5.00,2026-01-13,,1,onsite,3683
98,Mostafa,Roushdy,mostafa.roushdy98@nileco.example,6,28,10789.32,0.00,2022-03-09,,1,onsite,1368
99,Amr,Selim,amr.selim99@nileco.example,6,29,20887.14,0.00,2023-09-06,,1,onsite,4756
100,مايكل,ناصر,michael.nasser100@nileco.example,3,13,20023.81,0.00,2024-04-16,,1,onsite,826
101,Hany,Selim,hany.selim101@nileco.example,7,32,11016.87,0.00,2024-01-01,,1,hybrid,4423
102,هاني,خليل,hany.khalil102@nileco.example,1,3,17248.35,0.00,2024-08-27,2026-04-24,0,onsite,1208
103,Ayman,Abbas,ayman.abbas103@nileco.example,9,40,3871.40,0.00,2025-12-25,2026-08-02,0,hybrid,2191
104,Farida,Ali,farida.ali104@nileco.example,1,5,54549.86,0.00,2018-08-14,,1,hybrid,2649
105,Nour,Khalil,nour.khalil105@nileco.example,2,7,10654.33,5.00,2025-01-09,,1,onsite,4694
106,Walid,Roushdy,walid.roushdy106@nileco.example,1,4,30444.12,0.00,2018-07-24,2021-05-12,0,onsite,1440
107,Ali,Farouk,ali.farouk107@nileco.example,1,2,7250.00,0.00,2026-04-04,,1,hybrid,1118
108,Hassan,Abdelaziz,hassan.abdelaziz108@nileco.example,7,35,38163.76,0.00,2018-09-07,2019-01-25,0,hybrid,3214
109,Wael,Tawfik,wael.tawfik109@nileco.example,6,30,27639.06,0.00,2022-08-16,,1,onsite,4331
110,Karim,Metwally,karim.metwally110@nileco.example,2,8,24369.56,5.00,2019-01-09,,1,onsite,1516
111,Hussein,Saeed,hussein.saeed111@nileco.example,7,33,18065.90,0.00,2022-06-22,,1,onsite,3687
112,شيماء,يوسف,shaimaa.youssef112@nileco.example,1,3,21184.12,0.00,2020-10-05,,1,onsite,3211
113,خالد,متولي,khaled.metwally113@nileco.example,2,8,26524.64,5.00,2019-05-13,,1,remote,1236
114,إبراهيم,صبحي,ibrahim.sobhy114@nileco.example,1,4,31186.90,0.00,2023-04-18,,1,onsite,4812
115,حسن,موسى,hassan.moussa115@nileco.example,1,2,8976.34,0.00,2026-04-12,,1,hybrid,307
116,Youssef,Zaki,youssef.zaki116@nileco.example,1,4,31209.11,0.00,2021-12-19,,1,onsite,1667
117,Wael,Metwally,wael.metwally117@nileco.example,9,42,21285.44,0.00,2023-06-03,,1,hybrid,3724
118,Sara,Hamdy,sara.hamdy118@nileco.example,6,27,8563.37,0.00,2024-10-29,,1,remote,2610
119,Sherif,Kamal,sherif.kamal119@nileco.example,1,1,3690.00,0.00,2024-12-17,,1,onsite,521
120,Karim,Tawfik,karim.tawfik120@nileco.example,1,4,40589.91,0.00,2017-09-09,,1,hybrid,247
121,Basma,Youssef,basma.youssef121@nileco.example,6,29,18236.72,0.00,2023-08-01,,1,onsite,4642
122,Hussein,Khalil,hussein.khalil122@nileco.example,9,43,29311.47,0.00,2020-11-16,,1,remote,4200
123,وليد,فاروق,walid.farouk123@nileco.example,9,41,10791.69,0.00,2024-10-31,,1,onsite,3360
124,Amr,Selim,amr.selim124@nileco.example,1,1,5091.95,0.00,2024-04-21,,1,remote,2675
125,سامح,صبحي,sameh.sobhy125@nileco.example,3,14,32051.60,0.00,2024-11-24,,1,onsite,
126,طارق,عبد العزيز,tarek.abdelaziz126@nileco.example,7,33,18414.02,0.00,2022-12-08,,1,onsite,619
127,Ibrahim,Selim,ibrahim.selim127@nileco.example,2,8,20786.92,5.00,2019-05-16,,1,onsite,4878
128,Dina,Hamdy,dina.hamdy128@nileco.example,6,27,6207.58,0.00,2025-08-29,,1,onsite,2564
129,Reem,Ezzat,reem.ezzat129@nileco.example,7,32,11087.31,0.00,2023-06-27,2024-02-28,0,onsite,2415
130,Marwan,Helmy,marwan.helmy130@nileco.example,1,1,7618.74,0.00,2024-07-10,,1,remote,4127
131,عمرو,حلمي,amr.helmy131@nileco.example,2,10,53282.66,5.00,2018-03-27,,1,hybrid,
132,Yasmin,Sobhy,yasmin.sobhy132@nileco.example,6,29,15753.32,0.00,2025-09-30,,1,hybrid,271
133,Tamer,Khalil,tamer.khalil133@nileco.example,1,1,5213.15,0.00,2025-08-29,,1,onsite,1334
134,Yasmin,Helmy,yasmin.helmy134@nileco.example,7,34,30615.00,0.00,2021-02-14,,1,onsite,4578
135,Ali,Khalil,ali.khalil135@nileco.example,3,13,20077.44,0.00,2022-09-21,,1,onsite,2845
136,Tarek,Badawy,tarek.badawy136@nileco.example,5,23,16512.72,0.00,2020-03-27,2023-11-16,0,hybrid,1167
137,Youssef,Selim,youssef.selim137@nileco.example,6,29,16924.57,0.00,2025-05-03,,1,hybrid,2141
138,Mostafa,Badawy,mostafa.badawy138@nileco.example,1,5,52376.37,0.00,2017-07-21,,1,onsite,3896
139,Andrew,Gaber,andrew.gaber139@nileco.example,3,13,17905.11,0.00,2023-03-22,,1,onsite,4722
140,Nada,Shawky,nada.shawky140@nileco.example,6,29,20897.36,0.00,2022-01-02,,1,remote,4483
141,طارق,صبحي,tarek.sobhy141@nileco.example,1,5,48693.18,0.00,2018-10-21,2022-10-13,0,remote,2229
142,Khaled,Metwally,khaled.metwally142@nileco.example,9,40,3690.00,0.00,2026-03-09,,1,hybrid,3340
143,أميرة,منصور,amira.mansour143@nileco.example,5,22,10296.36,0.00,2025-07-16,,1,onsite,1987
144,Mariam,Mansour,mariam.mansour144@nileco.example,1,2,11830.69,0.00,2021-11-23,,1,onsite,1323
145,Ziad,Ramadan,ziad.ramadan145@nileco.example,6,28,12353.37,0.00,2021-10-05,,1,remote,4901
146,Andrew,Salem,andrew.salem146@nileco.example,2,8,21638.75,5.00,2020-02-03,,1,onsite,3715
147,Youssef,Ali,youssef.ali147@nileco.example,3,13,23470.02,0.00,2020-12-31,,1,onsite,4110
148,ريم,سالم,reem.salem148@nileco.example,4,15,6822.26,0.00,2024-03-28,,1,onsite,2108
149,Walid,Mahmoud,walid.mahmoud149@nileco.example,2,8,19207.08,5.00,2024-05-24,,1,onsite,367
150,Nada,Mahmoud,nada.mahmoud150@nileco.example,9,41,13229.06,0.00,2021-05-10,,1,onsite,4329
151,عمر,متولي,omar.metwally151@nileco.example,4,17,20554.43,0.00,2023-11-24,,1,remote,4331
152,Sara,Zaki,sara.zaki152@nileco.example,5,24,29474.95,0.00,2023-01-25,,1,onsite,4200
153,Farida,Gaber,farida.gaber153@nileco.example,8,37,9073.38,0.00,2026-06-03,,1,onsite,2733
154,Tamer,Badawy,tamer.badawy154@nileco.example,6,29,24524.10,0.00,2019-03-20,,1,hybrid,2904
155,Hossam,Ahmed,hossam.ahmed155@nileco.example,5,21,4598.32,0.00,2026-01-29,2026-06-30,0,remote,4157
156,Hoda,Ramadan,hoda.ramadan156@nileco.example,1,4,36663.98,0.00,2017-06-29,,1,onsite,4275
157,Michael,Abbas,michael.abbas157@nileco.example,1,4,32621.05,0.00,2021-12-21,,1,onsite,1550
158,هبة,فؤاد,heba.fouad158@nileco.example,6,28,12335.77,0.00,2026-03-21,,1,onsite,2009
159,Fatma,Ali,fatma.ali159@nileco.example,3,11,3690.00,0.00,2025-09-13,2026-05-25,0,onsite,1388
160,سارة,عباس,sara.abbas160@nileco.example,1,5,52909.63,0.00,2019-09-18,,1,hybrid,2229
161,Mostafa,Selim,mostafa.selim161@nileco.example,5,21,6538.82,0.00,2024-04-04,,1,onsite,39
162,Wael,Badawy,wael.badawy162@nileco.example,5,24,28842.77,0.00,2024-11-15,,1,onsite,1423
163,هاني,منصور,hany.mansour163@nileco.example,9,41,9927.39,0.00,2025-05-07,,1,onsite,1273
164,يوسف,سليم,youssef.selim164@nileco.example,2,8,17004.81,5.00,2022-05-07,,1,onsite,4011
165,يوسف,عزت,youssef.ezzat165@nileco.example,6,27,6587.03,0.00,2026-04-27,,1,onsite,53
166,حسن,الشامي,hassan.elshamy166@nileco.example,6,30,37420.26,0.00,2017-07-14,,1,onsite,2449
167,Ziad,Gaber,ziad.gaber167@nileco.example,2,8,20587.94,5.00,2019-01-08,,1,hybrid,3084
168,Shaimaa,Ali,shaimaa.ali168@nileco.example,1,3,18769.95,0.00,2019-08-19,2020-12-31,0,onsite,4631
169,Hassan,Moussa,hassan.moussa169@nileco.example,1,3,26919.17,0.00,2019-06-30,,1,hybrid,4403
170,Omar,Elshamy,omar.elshamy170@nileco.example,2,7,10305.97,5.00,2025-08-08,2026-06-28,0,onsite,4033
171,Amira,Mansour,amira.mansour171@nileco.example,9,42,18954.16,0.00,2025-05-12,,1,onsite,3712
172,Nour,Youssef,nour.youssef172@nileco.example,7,33,23632.58,0.00,2019-03-24,,1,remote,4307
173,Hany,Ezzat,hany.ezzat173@nileco.example,9,41,10466.72,0.00,2025-11-02,,1,remote,3240
174,Reem,Ali,reem.ali174@nileco.example,6,29,23682.81,0.00,2020-08-13,,1,hybrid,2141
175,Tarek,Hassan,tarek.hassan175@nileco.example,2,9,39166.34,5.00,2017-11-14,,1,onsite,4061
176,Mariam,Tawfik,mariam.tawfik176@nileco.example,5,23,22298.60,0.00,2019-02-09,,1,onsite,2870
177,ياسمين,زكي,yasmin.zaki177@nileco.example,2,6,4196.19,5.00,2026-01-30,,1,onsite,2098
178,Andrew,Gaber,andrew.gaber178@nileco.example,1,3,18988.21,0.00,2021-08-28,,1,hybrid,18
179,Reem,Youssef,reem.youssef179@nileco.example,7,31,4618.35,0.00,2026-06-12,,1,onsite,3574
180,ياسمين,سعيد,yasmin.saeed180@nileco.example,3,12,8768.38,0.00,2025-03-08,,1,remote,4130
181,Basma,Ali,basma.ali181@nileco.example,4,18,30580.15,0.00,2020-11-01,,1,onsite,2246
182,بسمة,متولي,basma.metwally182@nileco.example,6,29,18856.07,0.00,2024-08-25,,1,hybrid,923
183,مايكل,سعيد,michael.saeed183@nileco.example,2,8,17224.86,5.00,2024-03-13,,1,onsite,1053
184,Hassan,Salem,hassan.salem184@nileco.example,6,30,28881.67,0.00,2023-03-16,,1,hybrid,4532
185,Heba,Shawky,heba.shawky185@nileco.example,2,8,16910.23,5.00,2021-05-31,,1,hybrid,471
186,Michael,Sayed,michael.sayed186@nileco.example,3,13,16758.26,0.00,2021-03-29,,1,onsite,1541
187,فاطمة,منصور,fatma.mansour187@nileco.example,5,22,7250.00,0.00,2026-07-22,,1,hybrid,341
188,Noha,Ahmed,noha.ahmed188@nileco.example,5,24,36977.99,0.00,2019-02-26,,1,onsite,1779
189,Marwan,Tawfik,marwan.tawfik189@nileco.example,2,7,9951.50,5.00,2024-10-27,,1,onsite,191
190,أندرو,زكي,andrew.zaki190@nileco.example,6,27,5691.46,0.00,2024-05-10,,1,remote,2793
191,Marwan,Helmy,marwan.helmy191@nileco.example,2,8,20815.25,5.00,2025-09-15,,1,remote,4384
192,Nour,Metwally,nour.metwally192@nileco.example,2,8,18892.46,5.00,2025-09-20,,1,onsite,1755
193,Sameh,Salem,sameh.salem193@nileco.example,4,19,47735.78,0.00,2021-08-23,,1,onsite,3583
194,Tamer,Gaber,tamer.gaber194@nileco.example,1,1,7898.80,0.00,2024-06-08,,1,onsite,2072
195,طارق,سعيد,tarek.saeed195@nileco.example,6,28,11823.19,0.00,2023-07-04,,1,onsite,1986
196,Wael,Saeed,wael.saeed196@nileco.example,6,29,26083.72,0.00,2019-04-03,,1,remote,1913
197,Dalia,Sayed,dalia.sayed197@nileco.example,3,12,14101.14,0.00,2022-04-10,,1,onsite,1962
198,Youssef,Badawy,youssef.badawy198@nileco.example,3,12,12871.17,0.00,2026-01-01,,1,hybrid,3503
199,نهى,سعيد,noha.saeed199@nileco.example,4,16,11212.47,0.00,2025-12-13,2026-05-05,0,onsite,2184
200,Michael,Hamdy,michael.hamdy200@nileco.example,1,2,11468.02,0.00,2024-07-28,,1,remote,2181
201,Hany,Fathy,hany.fathy201@nileco.example,7,34,32488.07,0.00,2021-10-05,,1,remote,2137
202,Farida,Salem,farida.salem202@nileco.example,5,22,11937.38,0.00,2022-02-24,2025-12-30,0,onsite,3842
203,هاني,رمضان,hany.ramadan203@nileco.example,6,28,8695.49,0.00,2026-03-13,,1,onsite,4678
204,Mostafa,Hassan,mostafa.hassan204@nileco.example,6,27,6511.56,0.00,2024-03-16,2025-10-30,0,remote,85
205,Tarek,Nasser,tarek.nasser205@nileco.example,3,12,11081.85,0.00,2023-11-07,,1,hybrid,342
206,شيماء,عباس,shaimaa.abbas206@nileco.example,1,2,9281.24,0.00,2023-10-11,2025-05-27,0,onsite,1323
207,Aya,Metwally,aya.metwally207@nileco.example,3,13,20090.42,0.00,2021-05-05,,1,onsite,464
208,Aya,Shawky,aya.shawky208@nileco.example,1,2,11436.53,0.00,2023-05-27,,1,onsite,3466
209,Fatma,Elshamy,fatma.elshamy209@nileco.example,7,33,16483.83,0.00,2023-06-16,,1,onsite,3004
210,Aya,Ismail,aya.ismail210@nileco.example,9,41,11633.90,0.00,2022-05-31,,1,hybrid,3606
211,Farida,Badawy,farida.badawy211@nileco.example,5,24,31310.50,0.00,2024-05-27,,1,hybrid,1378
212,Amr,Abdelaziz,amr.abdelaziz212@nileco.example,4,17,19699.57,0.00,2021-10-17,2023-10-03,0,onsite,1313
213,Shaimaa,Sobhy,shaimaa.sobhy213@nileco.example,6,29,17381.19,0.00,2025-08-04,,1,hybrid,4740
214,Walid,Fathy,walid.fathy214@nileco.example,9,42,18942.13,0.00,2021-11-07,2024-08-05,0,onsite,4080
215,ريم,فؤاد,reem.fouad215@nileco.example,9,43,26512.65,0.00,2022-06-08,2023-09-03,0,onsite,
216,Farida,Shawky,farida.shawky216@nileco.example,5,25,55388.64,0.00,2016-06-13,,1,onsite,4477
217,أندرو,سعيد,andrew.saeed217@nileco.example,2,7,8539.33,5.00,2025-02-01,,1,remote,243
218,Hussein,Rashwan,hussein.rashwan218@nileco.example,7,34,32225.68,0.00,2022-06-13,,1,remote,677
219,Ziad,Selim,ziad.selim219@nileco.example,1,2,13433.05,0.00,2021-09-08,,1,onsite,4119
220,Dalia,Abdelaziz,dalia.abdelaziz220@nileco.example,1,2,11792.77,0.00,2021-08-06,,1,onsite,823
221,Mariam,Abbas,mariam.abbas221@nileco.example,6,29,19880.03,0.00,2021-06-13,,1,hybrid,1451
222,Laila,Selim,laila.selim222@nileco.example,1,3,21741.52,0.00,2021-01-28,,1,onsite,404
223,نهى,سليم,noha.selim223@nileco.example,7,34,37807.53,0.00,2019-11-11,,1,onsite,2739
224,Omar,Mahmoud,omar.mahmoud224@nileco.example,3,13,16624.68,0.00,2023-03-03,,1,hybrid,2212
225,Walid,Kamal,walid.kamal225@nileco.example,7,33,19035.90,0.00,2024-11-24,,1,hybrid,3249
226,زياد,حمدي,ziad.hamdy226@nileco.example,8,36,4013.29,0.00,2026-01-08,,1,hybrid,4885
227,Ziad,Hamdy,ziad.hamdy227@nileco.example,1,4,34587.25,0.00,2021-05-14,,1,onsite,1485
228,Dalia,Fathy,dalia.fathy228@nileco.example,9,42,22475.90,0.00,2019-09-28,,1,onsite,2283
229,Ibrahim,Abdelaziz,ibrahim.abdelaziz229@nileco.example,2,8,21525.02,5.00,2023-07-11,,1,onsite,4011
230,مريم,فاروق,mariam.farouk230@nileco.example,9,42,24637.64,0.00,2020-04-11,,1,remote,3526
231,ليلى,موسى,laila.moussa231@nileco.example,7,32,12247.33,0.00,2024-12-10,,1,onsite,2237
232,Hassan,Ramadan,hassan.ramadan232@nileco.example,1,4,38508.93,0.00,2022-05-13,,1,onsite,566
233,كريم,جابر,karim.gaber233@nileco.example,6,29,18455.28,0.00,2025-09-21,,1,onsite,1451
234,فاطمة,علي,fatma.ali234@nileco.example,1,1,3690.00,0.00,2026-07-14,,1,hybrid,3131
235,أندرو,أحمد,andrew.ahmed235@nileco.example,6,29,17499.28,0.00,2022-12-27,,1,onsite,348
236,Shaimaa,Zaki,shaimaa.zaki236@nileco.example,6,28,10706.64,0.00,2023-10-31,,1,onsite,1063
237,Farida,Sobhy,farida.sobhy237@nileco.example,3,12,10051.15,0.00,2025-03-30,,1,onsite,1997
238,Ahmed,Fouad,ahmed.fouad238@nileco.example,8,37,14382.60,0.00,2021-10-05,,1,hybrid,4982
239,Walid,Mahmoud,walid.mahmoud239@nileco.example,8,37,13533.17,0.00,2021-02-15,,1,onsite,2769
240,Fatma,Fouad,fatma.fouad240@nileco.example,6,30,37849.98,0.00,2018-12-08,,1,onsite,4396
241,Nour,Helmy,nour.helmy241@nileco.example,2,7,9719.79,5.00,2022-09-19,,1,remote,266
242,Sara,Sobhy,sara.sobhy242@nileco.example,8,38,20191.32,0.00,2021-07-06,,1,onsite,1696
243,Hossam,Saeed,hossam.saeed243@nileco.example,2,9,24681.74,5.00,2023-01-02,,1,onsite,2113
244,Ziad,Sobhy,ziad.sobhy244@nileco.example,5,24,38772.91,0.00,2018-06-08,,1,hybrid,1423
245,Sara,Sobhy,sara.sobhy245@nileco.example,6,30,22989.96,0.00,2023-04-06,,1,onsite,2367
246,Wael,Helmy,wael.helmy246@nileco.example,6,30,32765.96,0.00,2021-08-29,,1,hybrid,2638
247,وائل,عباس,wael.abbas247@nileco.example,1,5,48352.63,0.00,2021-03-03,,1,remote,4477
248,Adel,Moussa,adel.moussa248@nileco.example,2,9,36563.08,5.00,2024-04-09,,1,hybrid,3625
249,Hoda,Khalil,hoda.khalil249@nileco.example,6,29,20091.30,0.00,2023-01-31,,1,onsite,4642
250,شريف,سالم,sherif.salem250@nileco.example,6,28,8512.73,0.00,2026-03-20,,1,onsite,3446
251,Sara,Ahmed,sara.ahmed251@nileco.example,1,2,12903.50,0.00,2021-04-21,,1,remote,4364
252,Dalia,Mansour,dalia.mansour252@nileco.example,1,1,4334.36,0.00,2024-11-10,,1,onsite,4535
253,Salma,Saeed,salma.saeed253@nileco.example,2,9,36093.00,5.00,2017-03-17,,1,hybrid,3952
254,كريم,توفيق,karim.tawfik254@nileco.example,6,28,7862.54,0.00,2025-08-28,,1,onsite,2626
255,Dalia,Abbas,dalia.abbas255@nileco.example,4,16,11767.84,0.00,2024-12-15,,1,onsite,906
256,Hany,Moussa,hany.moussa256@nileco.example,9,41,12655.20,0.00,2022-11-11,,1,hybrid,3184
257,Sameh,Roushdy,sameh.roushdy257@nileco.example,6,29,21461.82,0.00,2019-02-17,,1,onsite,2110
258,مصطفى,سعيد,mostafa.saeed258@nileco.example,1,2,11260.42,0.00,2022-11-27,,1,onsite,1924
259,Sherif,Gaber,sherif.gaber259@nileco.example,5,23,21333.00,0.00,2022-07-01,,1,remote,1295
260,Hany,Salem,hany.salem260@nileco.example,6,29,18659.94,0.00,2024-05-18,,1,onsite,624
261,هدى,عباس,hoda.abbas261@nileco.example,2,6,7088.75,5.00,2024-06-14,,1,remote,2856
262,Ayman,Salem,ayman.salem262@nileco.example,3,14,31439.34,0.00,2021-06-30,,1,onsite,
263,فريدة,أحمد,farida.ahmed263@nileco.example,7,34,31927.60,0.00,2021-12-14,,1,onsite,1353
264,عادل,متولي,adel.metwally264@nileco.example,1,3,16749.98,0.00,2025-06-16,,1,onsite,1375
265,Shaimaa,Selim,shaimaa.selim265@nileco.example,6,29,18103.35,0.00,2021-12-24,,1,onsite,1792
266,مايكل,رمضان,michael.ramadan266@nileco.example,2,8,22528.82,5.00,2023-07-06,,1,hybrid,3848
267,Ahmed,Moussa,ahmed.moussa267@nileco.example,9,40,5299.00,0.00,2024-07-18,,1,onsite,4963
268,Tamer,Ramadan,tamer.ramadan268@nileco.example,7,33,17584.26,0.00,2025-04-03,,1,hybrid,3092
269,Heba,Moussa,heba.moussa269@nileco.example,1,1,4543.57,0.00,2025-09-14,,1,hybrid,2549
270,سلمى,توفيق,salma.tawfik270@nileco.example,9,42,21241.45,0.00,2019-02-18,,1,onsite,122
271,Ahmed,Ramadan,ahmed.ramadan271@nileco.example,6,30,35292.27,0.00,2019-09-28,,1,onsite,4477
272,Reem,Khalil,reem.khalil272@nileco.example,6,28,8645.93,0.00,2025-05-16,,1,onsite,3244
273,Mohamed,Shawky,mohamed.shawky273@nileco.example,1,3,17260.47,0.00,2025-09-16,,1,onsite,4658
274,Tamer,Rashwan,tamer.rashwan274@nileco.example,2,9,37090.56,5.00,2017-10-14,,1,hybrid,4629
275,Marwan,Roushdy,marwan.roushdy275@nileco.example,2,7,7382.52,5.00,2026-04-10,,1,remote,1725
276,Yasmin,Elshamy,yasmin.elshamy276@nileco.example,2,8,20666.82,5.00,2020-08-19,,1,onsite,391
277,Dina,Hassan,dina.hassan277@nileco.example,1,2,10655.13,0.00,2023-11-27,,1,remote,4962
278,أيمن,علي,ayman.ali278@nileco.example,1,3,18990.48,0.00,2023-07-17,,1,onsite,2418
279,Tarek,Tawfik,tarek.tawfik279@nileco.example,6,29,19205.16,0.00,2021-03-24,,1,remote,2803
280,Mostafa,Shawky,mostafa.shawky280@nileco.example,9,43,33734.56,0.00,2019-12-08,,1,remote,
281,Ali,Zaki,ali.zaki281@nileco.example,9,43,35047.81,0.00,2018-07-24,,1,remote,2114
282,Yasmin,Naguib,yasmin.naguib282@nileco.example,4,16,10027.42,0.00,2025-11-05,,1,hybrid,1364
283,Hossam,Salem,hossam.salem283@nileco.example,2,7,9206.35,5.00,2025-08-29,,1,onsite,3686
284,علي,حسن,ali.hassan284@nileco.example,6,27,4704.47,0.00,2026-04-03,,1,onsite,2598
285,مايكل,فتحي,michael.fathy285@nileco.example,3,12,12362.58,0.00,2024-04-19,,1,remote,2845
286,مصطفى,سالم,mostafa.salem286@nileco.example,5,25,49962.23,0.00,2019-02-04,,1,hybrid,3757
287,Mona,Hamdy,mona.hamdy287@nileco.example,5,23,17166.52,0.00,2024-06-26,,1,onsite,2360
288,Mona,Salem,mona.salem288@nileco.example,6,27,4749.32,0.00,2026-01-27,2026-06-11,0,onsite,1777
289,Ahmed,Hassan,ahmed.hassan289@nileco.example,6,29,16283.77,0.00,2025-11-18,,1,onsite,1312
290,Adel,Moussa,adel.moussa290@nileco.example,1,3,20089.48,0.00,2023-09-07,,1,onsite,1522
291,Adel,Gaber,adel.gaber291@nileco.example,6,29,20072.36,0.00,2020-04-15,,1,onsite,2581
292,إبراهيم,كمال,ibrahim.kamal292@nileco.example,6,30,33173.00,0.00,2020-06-02,,1,onsite,4477
293,كريم,موسى,karim.moussa293@nileco.example,1,3,22038.61,0.00,2022-09-15,,1,onsite,4129
294,Hassan,Fathy,hassan.fathy294@nileco.example,2,10,48195.24,5.00,2018-03-27,,1,hybrid,2719
295,بسمة,سعيد,basma.saeed295@nileco.example,6,29,18407.62,0.00,2022-12-28,,1,onsite,1488
296,Laila,Abbas,laila.abbas296@nileco.example,1,1,5936.29,0.00,2026-01-19,,1,hybrid,115
297,Dalia,Moussa,dalia.moussa297@nileco.example,2,10,46608.55,5.00,2019-06-03,2020-07-25,0,onsite,2638
298,ليلى,فؤاد,laila.fouad298@nileco.example,1,4,32181.13,0.00,2021-02-19,,1,onsite,930
299,Hussein,Roushdy,hussein.roushdy299@nileco.example,1,2,8743.52,0.00,2025-12-31,,1,hybrid,2231
300,Adel,Salem,adel.salem300@nileco.example,8,39,32668.60,0.00,2019-02-02,,1,onsite,2229
301,أيمن,خليل,ayman.khalil301@nileco.example,6,29,20912.24,0.00,2020-12-22,,1,onsite,1913
302,تامر,السيد,tamer.sayed302@nileco.example,9,42,20187.04,0.00,2022-08-01,,1,remote,4837
303,Omar,Sobhy,omar.sobhy303@nileco.example,2,10,55177.50,5.00,2016-07-29,,1,onsite,3214
304,أيمن,زكي,ayman.zaki304@nileco.example,6,28,8128.77,0.00,2025-08-10,,1,hybrid,4263
305,حسين,حلمي,hussein.helmy305@nileco.example,6,30,37536.44,0.00,2020-10-30,,1,hybrid,3583
306,أيمن,الشامي,ayman.elshamy306@nileco.example,3,12,8137.53,0.00,2021-11-22,,1,remote,3764
307,Tamer,Fouad,tamer.fouad307@nileco.example,1,3,24157.46,0.00,2019-11-17,,1,hybrid,4824
308,Dalia,Ezzat,dalia.ezzat308@nileco.example,1,2,9944.13,0.00,2024-10-06,,1,remote,19
309,Walid,Badawy,walid.badawy309@nileco.example,9,41,12495.98,0.00,2021-02-03,,1,onsite,4287
310,Hossam,Saeed,hossam.saeed310@nileco.example,6,27,5773.53,0.00,2026-05-18,,1,hybrid,2523
311,Amira,Kamal,amira.kamal311@nileco.example,3,14,28050.65,0.00,2021-02-01,,1,remote,4200
312,كريم,فؤاد,karim.fouad312@nileco.example,6,29,21830.80,0.00,2022-05-24,,1,hybrid,4991
313,Salma,Fathy,salma.fathy313@nileco.example,9,41,11628.83,0.00,2024-12-22,,1,onsite,371
314,Walid,Khalil,walid.khalil314@nileco.example,7,33,14402.05,0.00,2025-09-25,2026-06-25,0,hybrid,2908
315,خالد,حمدي,khaled.hamdy315@nileco.example,7,35,49260.94,0.00,2017-06-11,,1,remote,3583
316,سلمى,خليل,salma.khalil316@nileco.example,9,42,15097.14,0.00,2025-04-02,,1,remote,1783
317,Ayman,Abbas,ayman.abbas317@nileco.example,7,31,4670.82,0.00,2026-07-27,,1,onsite,1049
318,Aya,Badawy,aya.badawy318@nileco.example,1,2,10648.26,0.00,2026-04-14,,1,onsite,4372
319,Heba,Saeed,heba.saeed319@nileco.example,7,33,17921.21,0.00,2024-07-19,,1,onsite,4649
320,أندرو,يوسف,andrew.youssef320@nileco.example,5,22,12888.92,0.00,2021-06-26,,1,onsite,4032
321,شيماء,جابر,shaimaa.gaber321@nileco.example,7,34,34190.84,0.00,2020-11-26,,1,onsite,645
322,Shaimaa,Metwally,shaimaa.metwally322@nileco.example,7,34,26844.77,0.00,2024-03-04,,1,hybrid,2137
323,Ibrahim,Roushdy,ibrahim.roushdy323@nileco.example,2,8,22166.23,5.00,2024-02-04,,1,onsite,4944
324,Sara,Selim,sara.selim324@nileco.example,3,12,10903.51,0.00,2024-03-22,,1,onsite,2838
325,Tarek,Elshamy,tarek.elshamy325@nileco.example,5,23,22213.26,0.00,2019-12-15,,1,onsite,2887
326,نور,فؤاد,nour.fouad326@nileco.example,6,28,10533.83,0.00,2026-03-25,,1,hybrid,4816
327,Mostafa,Salem,mostafa.salem327@nileco.example,5,23,16543.26,0.00,2025-10-04,,1,onsite,3230
328,Tarek,Abdelaziz,tarek.abdelaziz328@nileco.example,5,23,21409.08,0.00,2021-06-27,,1,onsite,2345
329,أحمد,سالم,ahmed.salem329@nileco.example,1,2,10728.95,0.00,2023-07-12,,1,remote,331
330,ليلى,بدوي,laila.badawy330@nileco.example,9,40,4631.51,0.00,2025-11-28,,1,hybrid,4933
331,Sara,Ramadan,sara.ramadan331@nileco.example,1,3,21780.75,0.00,2022-09-16,,1,hybrid,489
332,Amira,Selim,amira.selim332@nileco.example,1,2,10785.58,0.00,2024-10-17,,1,onsite,2639
333,Farida,Rashwan,farida.rashwan333@nileco.example,6,27,6997.57,0.00,2024-11-27,,1,hybrid,2322
334,Ibrahim,Ramadan,ibrahim.ramadan334@nileco.example,6,30,32552.51,0.00,2018-01-29,,1,onsite,2229
335,Amira,Ezzat,amira.ezzat335@nileco.example,9,43,37717.44,0.00,2021-10-03,,1,onsite,2114
336,Sameh,Helmy,sameh.helmy336@nileco.example,7,31,6082.40,0.00,2025-10-14,,1,onsite,2027
337,Ahmed,Shawky,ahmed.shawky337@nileco.example,5,21,5997.57,0.00,2026-04-26,,1,onsite,3435
338,Rania,Khalil,rania.khalil338@nileco.example,7,32,10421.68,0.00,2024-07-24,,1,hybrid,2683
339,Ayman,Gaber,ayman.gaber339@nileco.example,7,33,17757.97,0.00,2025-07-11,,1,remote,3273
340,Amira,Zaki,amira.zaki340@nileco.example,9,42,23426.44,0.00,2024-09-27,,1,onsite,870
341,Salma,Abdelaziz,salma.abdelaziz341@nileco.example,5,26,80441.58,0.00,2015-03-13,,1,onsite,
342,Noha,Moussa,noha.moussa342@nileco.example,3,13,18974.04,0.00,2023-01-29,,1,onsite,1099
343,Dina,Helmy,dina.helmy343@nileco.example,2,8,24952.56,5.00,2019-07-10,,1,hybrid,471
344,Hoda,Metwally,hoda.metwally344@nileco.example,2,9,28014.55,5.00,2021-06-16,2025-06-12,0,onsite,2142
345,Hossam,Kamal,hossam.kamal345@nileco.example,9,42,19309.16,0.00,2022-03-02,,1,hybrid,3526
346,Farida,Fathy,farida.fathy346@nileco.example,1,3,18736.28,0.00,2024-10-07,,1,hybrid,3248
347,أندرو,فاروق,andrew.farouk347@nileco.example,7,35,49865.37,0.00,2022-02-13,,1,hybrid,2638
348,Mariam,Ezzat,mariam.ezzat348@nileco.example,6,30,35638.66,0.00,2023-11-24,,1,hybrid,2719
349,Tamer,Ezzat,tamer.ezzat349@nileco.example,6,29,25525.02,0.00,2021-08-21,,1,hybrid,552
350,Salma,Saeed,salma.saeed350@nileco.example,7,35,49927.22,0.00,2019-11-13,,1,onsite,4331
351,أيمن,ناصر,ayman.nasser351@nileco.example,1,2,9405.59,0.00,2026-03-10,,1,remote,4729
352,حسن,فاروق,hassan.farouk352@nileco.example,2,9,25291.15,5.00,2022-06-05,,1,onsite,554
353,Mahmoud,Helmy,mahmoud.helmy353@nileco.example,1,3,16563.79,0.00,2025-03-16,,1,onsite,1666
354,Amr,Metwally,amr.metwally354@nileco.example,2,10,44334.38,5.00,2022-05-11,,1,hybrid,2086
355,Hassan,Youssef,hassan.youssef355@nileco.example,6,29,15549.73,0.00,2024-03-13,,1,onsite,1285
356,طارق,أحمد,tarek.ahmed356@nileco.example,1,1,5118.25,0.00,2025-12-13,,1,remote,4391
357,Reem,Tawfik,reem.tawfik357@nileco.example,1,1,6240.44,0.00,2026-07-16,,1,onsite,332
358,Basma,Khalil,basma.khalil358@nileco.example,6,27,6254.28,0.00,2026-04-14,,1,onsite,766
359,Ibrahim,Mahmoud,ibrahim.mahmoud359@nileco.example,7,34,38564.86,0.00,2017-05-30,,1,onsite,3235
360,Rania,Rashwan,rania.rashwan360@nileco.example,1,5,46766.13,0.00,2019-10-11,,1,remote,
361,ندى,سليم,nada.selim361@nileco.example,3,14,39313.28,0.00,2018-04-09,,1,onsite,3757
362,ليلى,الشامي,laila.elshamy362@nileco.example,1,4,30516.95,0.00,2022-02-15,,1,onsite,1324
363,دينا,توفيق,dina.tawfik363@nileco.example,1,4,34209.53,0.00,2021-07-25,,1,hybrid,1040
364,Hassan,Khalil,hassan.khalil364@nileco.example,7,33,23400.73,0.00,2019-01-13,,1,remote,4650
365,Sara,Fouad,sara.fouad365@nileco.example,5,23,21344.61,0.00,2022-02-16,,1,onsite,3142
366,Mostafa,Sayed,mostafa.sayed366@nileco.example,5,23,19581.50,0.00,2025-06-01,,1,onsite,3717
367,Nour,Youssef,nour.youssef367@nileco.example,2,9,24866.47,5.00,2023-06-22,,1,onsite,916
368,بسمة,رمضان,basma.ramadan368@nileco.example,9,41,11243.49,0.00,2021-12-02,,1,onsite,4266
369,نهى,عباس,noha.abbas369@nileco.example,1,2,11170.07,0.00,2026-02-11,,1,onsite,859
370,عمر,سليم,omar.selim370@nileco.example,3,13,14595.29,0.00,2024-05-14,,1,onsite,4310
371,Hany,Ezzat,hany.ezzat371@nileco.example,9,42,23078.50,0.00,2019-01-06,,1,onsite,4696
372,Nada,Mahmoud,nada.mahmoud372@nileco.example,1,2,10062.53,0.00,2024-10-22,,1,remote,956
373,إبراهيم,رمضان,ibrahim.ramadan373@nileco.example,6,29,23885.27,0.00,2019-11-01,,1,remote,2774
374,أميرة,خليل,amira.khalil374@nileco.example,4,16,11612.51,0.00,2023-10-20,2026-09-14,0,onsite,906
375,Mohamed,Hamdy,mohamed.hamdy375@nileco.example,4,16,14475.39,0.00,2024-09-25,,1,hybrid,1736
376,Ahmed,Shawky,ahmed.shawky376@nileco.example,1,1,5091.76,0.00,2025-02-03,,1,hybrid,4180
377,Laila,Fathy,laila.fathy377@nileco.example,1,4,25971.60,0.00,2022-05-14,,1,onsite,2677
378,Rania,Abdelaziz,rania.abdelaziz378@nileco.example,1,3,18774.74,0.00,2023-03-01,,1,hybrid,4282
379,أندرو,متولي,andrew.metwally379@nileco.example,7,34,32869.44,0.00,2022-04-25,,1,hybrid,677
380,أميرة,محمود,amira.mahmoud380@nileco.example,9,42,22509.23,0.00,2022-08-13,,1,onsite,4080
381,دينا,شوقي,dina.shawky381@nileco.example,6,29,19055.26,0.00,2022-09-29,,1,onsite,3894
382,Ali,Kamal,ali.kamal382@nileco.example,5,23,20387.93,0.00,2024-04-26,,1,onsite,2462
383,Hassan,Rashwan,hassan.rashwan383@nileco.example,4,15,6092.41,0.00,2026-06-05,,1,onsite,4331
384,Dalia,Youssef,dalia.youssef384@nileco.example,3,13,15787.74,0.00,2025-09-02,,1,onsite,1741
385,Hany,Sayed,hany.sayed385@nileco.example,1,1,5639.95,0.00,2026-05-22,,1,onsite,876
386,بسمة,متولي,basma.metwally386@nileco.example,2,6,5574.98,5.00,2025-02-23,2026-04-19,0,onsite,1910
387,Omar,Rashwan,omar.rashwan387@nileco.example,6,29,17135.35,0.00,2025-12-27,,1,onsite,1285
388,Aya,Abbas,aya.abbas388@nileco.example,5,22,10354.16,0.00,2023-07-20,,1,hybrid,287
389,Khaled,Khalil,khaled.khalil389@nileco.example,3,12,13025.06,0.00,2021-07-24,,1,onsite,601
390,Shaimaa,Shawky,shaimaa.shawky390@nileco.example,1,4,25726.73,0.00,2019-06-27,2020-10-16,0,onsite,3037
391,فريدة,سالم,farida.salem391@nileco.example,2,9,32336.63,5.00,2023-07-12,,1,hybrid,3505
392,دينا,منصور,dina.mansour392@nileco.example,9,41,13861.30,0.00,2021-11-07,,1,hybrid,988
393,Amira,Farouk,amira.farouk393@nileco.example,1,3,21323.22,0.00,2019-08-29,,1,hybrid,4233
394,أيمن,شوقي,ayman.shawky394@nileco.example,3,14,32072.61,0.00,2022-06-13,,1,onsite,4331
395,علي,منصور,ali.mansour395@nileco.example,5,22,8390.34,0.00,2025-06-15,,1,onsite,1046
396,Mahmoud,Rashwan,mahmoud.rashwan396@nileco.example,7,33,16915.27,0.00,2023-04-08,,1,remote,218
397,فريدة,متولي,farida.metwally397@nileco.example,1,2,9761.31,0.00,2022-09-30,,1,onsite,3666
398,Ibrahim,Ramadan,ibrahim.ramadan398@nileco.example,4,17,22659.35,0.00,2022-11-26,,1,onsite,4626
399,Ali,Metwally,ali.metwally399@nileco.example,5,25,41880.61,0.00,2019-01-27,2021-02-16,0,hybrid,2449
400,Mostafa,Fouad,mostafa.fouad400@nileco.example,3,12,11537.46,0.00,2022-03-24,,1,remote,3898
401,هاني,جابر,hany.gaber401@nileco.example,6,28,8763.34,0.00,2026-04-30,,1,onsite,590
402,Yasmin,Kamal,yasmin.kamal402@nileco.example,4,18,43228.04,0.00,2018-04-18,,1,onsite,1736
403,Mariam,Metwally,mariam.metwally403@nileco.example,3,13,22929.48,0.00,2022-08-09,,1,onsite,1741
404,Noha,Ali,noha.ali404@nileco.example,1,4,31998.87,0.00,2022-01-27,,1,hybrid,360
405,Hany,Elshamy,hany.elshamy405@nileco.example,1,1,6183.07,0.00,2025-01-06,,1,onsite,3610
406,Yasmin,Khalil,yasmin.khalil406@nileco.example,9,41,7993.22,0.00,2023-10-18,,1,onsite,1412
407,Hassan,Roushdy,hassan.roushdy407@nileco.example,3,13,17776.87,0.00,2025-12-03,,1,onsite,2907
408,Sameh,Zaki,sameh.zaki408@nileco.example,6,29,16088.09,0.00,2025-09-14,,1,onsite,3702
409,مصطفى,رشوان,mostafa.rashwan409@nileco.example,1,2,9626.66,0.00,2025-09-10,,1,hybrid,1276
410,Ali,Shawky,ali.shawky410@nileco.example,8,36,4807.95,0.00,2024-02-01,2026-09-08,0,remote,3578
411,Ahmed,Selim,ahmed.selim411@nileco.example,2,6,3690.00,5.00,2026-05-16,,1,hybrid,4541
412,ندى,حسن,nada.hassan412@nileco.example,1,1,6423.26,0.00,2024-07-20,,1,onsite,2578
413,Laila,Elshamy,laila.elshamy413@nileco.example,7,33,17985.70,0.00,2025-10-26,2026-08-17,0,hybrid,1115
414,نور,صبحي,nour.sobhy414@nileco.example,6,28,15930.31,0.00,2022-10-03,,1,onsite,2260
415,Tarek,Shawky,tarek.shawky415@nileco.example,1,2,10858.93,0.00,2026-06-10,,1,hybrid,945
416,Ibrahim,Selim,ibrahim.selim416@nileco.example,1,3,15265.76,0.00,2022-03-23,2022-12-20,0,onsite,362
417,Ibrahim,Farouk,ibrahim.farouk417@nileco.example,2,8,22789.80,5.00,2020-11-26,,1,remote,4384
418,Youssef,Rashwan,youssef.rashwan418@nileco.example,1,1,6337.53,0.00,2026-03-25,,1,remote,3797
419,Noha,Youssef,noha.youssef419@nileco.example,1,2,12394.25,0.00,2021-10-07,,1,onsite,2022
420,ليلى,شوقي,laila.shawky420@nileco.example,7,32,11079.73,0.00,2026-07-04,,1,onsite,1756
421,Hassan,Badawy,hassan.badawy421@nileco.example,7,31,6662.12,0.00,2026-03-03,,1,hybrid,1365
422,Heba,Hamdy,heba.hamdy422@nileco.example,1,2,9768.60,0.00,2024-04-02,,1,onsite,2748
423,Dalia,Mahmoud,dalia.mahmoud423@nileco.example,2,7,13245.40,5.00,2022-12-10,,1,onsite,1061
424,Tarek,Hamdy,tarek.hamdy424@nileco.example,3,11,7197.07,0.00,2024-12-28,,1,onsite,2046
425,أندرو,إسماعيل,andrew.ismail425@nileco.example,1,3,20802.13,0.00,2024-11-30,,1,onsite,4984
426,Sherif,Rashwan,sherif.rashwan426@nileco.example,2,8,18088.01,5.00,2025-08-19,,1,onsite,1516
427,Salma,Naguib,salma.naguib427@nileco.example,7,32,10107.50,0.00,2025-04-13,,1,onsite,2708
428,Andrew,Fathy,andrew.fathy428@nileco.example,6,29,23501.15,0.00,2020-05-17,,1,hybrid,1095
429,Hany,Farouk,hany.farouk429@nileco.example,1,3,19313.24,0.00,2022-10-23,2025-03-16,0,onsite,1261
430,Heba,Gaber,heba.gaber430@nileco.example,2,8,22534.57,5.00,2021-04-04,,1,onsite,1249
431,Adel,Sobhy,adel.sobhy431@nileco.example,6,29,21855.91,0.00,2020-02-21,,1,hybrid,1728
432,Youssef,Ismail,youssef.ismail432@nileco.example,7,33,20917.52,0.00,2020-07-29,,1,remote,2835
433,زياد,فؤاد,ziad.fouad433@nileco.example,5,23,20647.87,0.00,2023-03-31,,1,hybrid,1999
434,تامر,توفيق,tamer.tawfik434@nileco.example,1,4,32605.68,0.00,2024-01-06,,1,hybrid,1398
435,Hossam,Khalil,hossam.khalil435@nileco.example,7,34,38654.40,0.00,2021-04-19,,1,onsite,3941
436,Mahmoud,Moussa,mahmoud.moussa436@nileco.example,1,3,22061.87,0.00,2022-09-15,,1,hybrid,608
437,Sameh,Metwally,sameh.metwally437@nileco.example,1,3,21028.33,0.00,2024-02-03,,1,hybrid,4871
438,وائل,خليل,wael.khalil438@nileco.example,2,6,5641.42,5.00,2024-10-21,,1,hybrid,4541
439,Ahmed,Shawky,ahmed.shawky439@nileco.example,1,5,52950.14,0.00,2017-08-28,,1,onsite,
440,Tarek,Fathy,tarek.fathy440@nileco.example,2,10,52763.79,5.00,2020-08-06,,1,onsite,3757
441,مريم,سالم,mariam.salem441@nileco.example,8,38,18131.02,0.00,2024-08-17,,1,onsite,4950
442,حسام,سليم,hossam.selim442@nileco.example,1,3,25578.16,0.00,2020-03-27,,1,onsite,840
443,شيماء,سليم,shaimaa.selim443@nileco.example,6,30,30796.93,0.00,2019-10-16,,1,onsite,4532
444,Ahmed,Ezzat,ahmed.ezzat444@nileco.example,2,7,12170.51,5.00,2023-05-04,,1,onsite,984
445,أيمن,محمود,ayman.mahmoud445@nileco.example,5,23,15706.04,0.00,2025-04-16,,1,onsite,152
446,حسين,فتحي,hussein.fathy446@nileco.example,1,2,12662.14,0.00,2022-06-26,,1,remote,3540
447,Mariam,Ahmed,mariam.ahmed447@nileco.example,3,12,10183.15,0.00,2024-11-09,,1,onsite,2516
448,فريدة,كمال,farida.kamal448@nileco.example,6,29,22669.01,0.00,2019-09-03,,1,onsite,2803
449,Wael,Helmy,wael.helmy449@nileco.example,1,3,18768.89,0.00,2022-12-13,,1,hybrid,4958
450,Sherif,Ezzat,sherif.ezzat450@nileco.example,2,8,15364.66,5.00,2025-07-05,,1,onsite,2288
451,Ibrahim,Rashwan,ibrahim.rashwan451@nileco.example,7,34,27968.04,0.00,2024-06-20,,1,remote,1062
452,Ziad,Salem,ziad.salem452@nileco.example,2,7,11664.95,5.00,2023-07-02,,1,onsite,1153
453,Aya,Hassan,aya.hassan453@nileco.example,7,31,5830.19,0.00,2025-03-29,,1,onsite,4879
454,Dalia,Salem,dalia.salem454@nileco.example,1,1,5339.92,0.00,2024-05-14,,1,onsite,4866
455,Youssef,Kamal,youssef.kamal455@nileco.example,4,18,35318.59,0.00,2019-01-21,,1,onsite,1794
456,Youssef,Ahmed,youssef.ahmed456@nileco.example,6,28,13876.88,0.00,2021-03-31,,1,onsite,3720
457,Hussein,Farouk,hussein.farouk457@nileco.example,5,23,20100.53,0.00,2019-12-19,,1,onsite,3757
458,أندرو,عباس,andrew.abbas458@nileco.example,1,4,33250.62,0.00,2020-11-26,,1,onsite,439
459,وليد,متولي,walid.metwally459@nileco.example,7,34,30695.09,0.00,2018-08-15,,1,onsite,1520
460,أندرو,زكي,andrew.zaki460@nileco.example,6,27,4073.24,0.00,2024-07-06,,1,hybrid,3130
461,Laila,Zaki,laila.zaki461@nileco.example,2,9,34315.32,5.00,2020-07-18,,1,onsite,1790
462,Ziad,Khalil,ziad.khalil462@nileco.example,3,13,17821.63,0.00,2024-11-04,,1,onsite,1373
463,Shaimaa,Naguib,shaimaa.naguib463@nileco.example,1,4,30891.03,0.00,2018-04-01,,1,onsite,1468
464,شريف,بدوي,sherif.badawy464@nileco.example,3,14,29006.73,0.00,2018-12-30,,1,onsite,1892
465,Mostafa,Sobhy,mostafa.sobhy465@nileco.example,6,27,6836.16,0.00,2024-08-05,,1,onsite,796
466,تامر,بدوي,tamer.badawy466@nileco.example,1,3,21557.78,0.00,2021-05-03,,1,onsite,4129
467,Shaimaa,Shawky,shaimaa.shawky467@nileco.example,7,34,31301.14,0.00,2024-08-27,,1,onsite,347
468,Tamer,Elshamy,tamer.elshamy468@nileco.example,2,6,8072.97,5.00,2024-05-07,,1,onsite,3454
469,Youssef,Mansour,youssef.mansour469@nileco.example,8,38,19411.98,0.00,2023-08-07,,1,onsite,513
470,ندى,محمود,nada.mahmoud470@nileco.example,2,9,37159.94,5.00,2017-06-08,,1,remote,3050
471,مريم,رشوان,mariam.rashwan471@nileco.example,2,9,38818.75,5.00,2017-07-13,,1,remote,2037
472,Nada,Ramadan,nada.ramadan472@nileco.example,9,42,18676.93,0.00,2024-02-26,,1,onsite,1907
473,Dalia,Elshamy,dalia.elshamy473@nileco.example,6,28,8695.76,0.00,2024-01-29,,1,onsite,740
474,أميرة,متولي,amira.metwally474@nileco.example,1,2,10471.72,0.00,2026-06-22,,1,onsite,704
475,Heba,Salem,heba.salem475@nileco.example,1,2,11665.22,0.00,2025-10-31,,1,onsite,524
476,محمد,حلمي,mohamed.helmy476@nileco.example,1,1,7137.57,0.00,2026-06-15,,1,remote,4871
477,Hussein,Farouk,hussein.farouk477@nileco.example,8,39,28117.93,0.00,2021-07-28,2025-02-11,0,onsite,4396
478,وائل,منصور,wael.mansour478@nileco.example,9,42,25120.58,0.00,2020-02-24,,1,onsite,2251
479,ندى,سالم,nada.salem479@nileco.example,2,9,36971.89,5.00,2017-05-25,,1,onsite,3625
480,Marwan,Mahmoud,marwan.mahmoud480@nileco.example,9,42,18945.07,0.00,2024-11-08,,1,remote,2182
481,Sara,Saeed,sara.saeed481@nileco.example,9,41,11894.75,0.00,2021-06-21,,1,onsite,3376
482,Sara,Ezzat,sara.ezzat482@nileco.example,7,32,12160.54,0.00,2023-03-13,,1,remote,172
483,Marwan,Selim,marwan.selim483@nileco.example,9,41,10335.45,0.00,2026-05-23,,1,remote,4893
484,Omar,Sayed,omar.sayed484@nileco.example,7,35,52569.29,0.00,2017-10-05,,1,onsite,3698
485,أحمد,توفيق,ahmed.tawfik485@nileco.example,2,10,38164.17,5.00,2022-02-03,2026-02-26,0,hybrid,341
486,Amira,Metwally,amira.metwally486@nileco.example,1,2,9642.83,0.00,2022-03-20,2023-12-17,0,onsite,4572
487,يوسف,رشدي,youssef.roushdy487@nileco.example,4,18,32778.94,0.00,2022-06-07,,1,onsite,1786
488,Marwan,Abbas,marwan.abbas488@nileco.example,7,33,19621.97,0.00,2022-07-16,,1,remote,2941
489,حسين,شوقي,hussein.shawky489@nileco.example,1,4,27732.26,0.00,2021-12-11,,1,remote,4889
490,Andrew,Abdelaziz,andrew.abdelaziz490@nileco.example,1,3,19009.97,0.00,2023-12-04,,1,remote,2092
491,Dalia,Sobhy,dalia.sobhy491@nileco.example,1,2,14051.32,0.00,2021-11-28,,1,onsite,3325
492,Wael,Abdelaziz,wael.abdelaziz492@nileco.example,6,28,8216.70,0.00,2023-03-27,,1,onsite,3603
493,Dalia,Farouk,dalia.farouk493@nileco.example,6,27,5861.47,0.00,2026-06-18,,1,onsite,2735
494,عادل,فتحي,adel.fathy494@nileco.example,1,4,29034.20,0.00,2019-01-06,2020-06-06,0,onsite,983
495,Ali,Zaki,ali.zaki495@nileco.example,5,22,10131.42,0.00,2021-10-30,,1,remote,3685
496,Hussein,Farouk,hussein.farouk496@nileco.example,9,42,20657.93,0.00,2021-03-27,,1,hybrid,4007
497,محمد,حمدي,mohamed.hamdy497@nileco.example,7,34,35643.93,0.00,2018-10-02,,1,hybrid,3677
498,وائل,السيد,wael.sayed498@nileco.example,1,3,18178.15,0.00,2025-05-08,,1,hybrid,1804
499,Ahmed,Tawfik,ahmed.tawfik499@nileco.example,9,41,7250.00,0.00,2025-10-16,,1,remote,4227
500,Dina,Helmy,dina.helmy500@nileco.example,7,32,10842.03,0.00,2023-10-18,,1,hybrid,172
501,Ali,Moussa,ali.moussa501@nileco.example,5,23,26883.92,0.00,2020-03-01,,1,hybrid,3142
502,سارة,سليم,sara.selim502@nileco.example,7,34,33128.07,0.00,2020-10-04,,1,onsite,2256
503,Hassan,Metwally,hassan.metwally503@nileco.example,6,30,30848.56,0.00,2023-08-03,,1,onsite,3214
504,بسمة,جابر,basma.gaber504@nileco.example,1,4,41036.52,0.00,2017-06-17,,1,onsite,2174
505,عمرو,الشامي,amr.elshamy505@nileco.example,8,39,34549.41,0.00,2021-11-06,,1,hybrid,2229
506,Ali,Mansour,ali.mansour506@nileco.example,1,3,20636.20,0.00,2021-08-02,,1,onsite,4394
507,ريم,سليم,reem.selim507@nileco.example,2,8,20095.97,5.00,2023-04-14,2024-05-05,0,hybrid,1566
508,شيماء,حسن,shaimaa.hassan508@nileco.example,3,13,22934.79,0.00,2019-03-29,,1,onsite,2239
509,ياسمين,زكي,yasmin.zaki509@nileco.example,9,43,33348.13,0.00,2024-07-16,2025-06-06,0,onsite,2229
510,Youssef,Mahmoud,youssef.mahmoud510@nileco.example,1,2,9383.36,0.00,2023-12-21,,1,onsite,1734
511,سارة,الشامي,sara.elshamy511@nileco.example,3,11,6371.69,0.00,2024-09-26,,1,onsite,2276
512,Mariam,Mansour,mariam.mansour512@nileco.example,2,9,36563.90,5.00,2017-06-05,,1,remote,3804
513,زياد,رشوان,ziad.rashwan513@nileco.example,8,39,37948.60,0.00,2017-06-22,,1,hybrid,4331
514,Dina,Ahmed,dina.ahmed514@nileco.example,6,27,6801.87,0.00,2024-12-31,,1,onsite,17
515,Shaimaa,Mahmoud,shaimaa.mahmoud515@nileco.example,5,22,11593.69,0.00,2024-12-31,,1,hybrid,2074
516,Adel,Farouk,adel.farouk516@nileco.example,1,3,18267.29,0.00,2023-11-08,,1,onsite,2749
517,Sameh,Abdelaziz,sameh.abdelaziz517@nileco.example,2,8,23304.68,5.00,2022-05-13,,1,remote,4011
518,Nour,Gaber,nour.gaber518@nileco.example,2,6,6704.59,5.00,2026-01-12,,1,hybrid,3592
519,Nada,Farouk,nada.farouk519@nileco.example,9,43,34843.59,0.00,2020-10-24,,1,remote,2086
520,Ibrahim,Youssef,ibrahim.youssef520@nileco.example,7,35,47260.26,0.00,2019-12-07,,1,onsite,2522
521,Reem,Hassan,reem.hassan521@nileco.example,1,5,55370.63,0.00,2016-06-15,,1,hybrid,3757
522,Michael,Moussa,michael.moussa522@nileco.example,4,17,17628.44,0.00,2023-12-22,,1,onsite,4265
523,Mona,Salem,mona.salem523@nileco.example,1,2,11812.38,0.00,2025-01-10,,1,onsite,4523
524,عادل,حمدي,adel.hamdy524@nileco.example,1,4,27940.26,0.00,2023-12-28,,1,onsite,1229
525,Tarek,Ali,tarek.ali525@nileco.example,9,43,30543.04,0.00,2024-02-08,,1,remote,1378
526,Reem,Mansour,reem.mansour526@nileco.example,2,9,31892.32,5.00,2023-04-26,,1,onsite,3246
527,Nour,Ezzat,nour.ezzat527@nileco.example,2,10,55496.51,5.00,2019-05-21,,1,onsite,3717
528,عمر,فتحي,omar.fathy528@nileco.example,9,43,31148.71,0.00,2024-06-20,2026-05-24,0,hybrid,4477
529,Wael,Ismail,wael.ismail529@nileco.example,1,3,16765.32,0.00,2022-04-01,,1,onsite,104
530,Reem,Ahmed,reem.ahmed530@nileco.example,2,7,11896.73,5.00,2022-10-12,,1,onsite,1000
531,Aya,Farouk,aya.farouk531@nileco.example,6,28,10212.28,0.00,2023-04-22,,1,hybrid,2330
532,Ali,Elshamy,ali.elshamy532@nileco.example,7,35,61704.37,0.00,2016-05-23,,1,onsite,
533,خالد,بدوي,khaled.badawy533@nileco.example,5,23,18431.79,0.00,2025-02-27,,1,onsite,2229
534,أميرة,سعيد,amira.saeed534@nileco.example,3,13,17088.49,0.00,2023-04-04,2024-04-19,0,onsite,1784
535,أميرة,أحمد,amira.ahmed535@nileco.example,7,33,19253.58,0.00,2022-07-18,,1,hybrid,1489
536,مروان,أحمد,marwan.ahmed536@nileco.example,6,29,20517.33,0.00,2021-06-05,,1,hybrid,1501
537,Mahmoud,Fathy,mahmoud.fathy537@nileco.example,1,2,11104.69,0.00,2023-10-30,,1,onsite,4350
538,Mona,Ali,mona.ali538@nileco.example,8,38,21971.52,0.00,2023-09-08,,1,hybrid,4064
539,أميرة,أحمد,amira.ahmed539@nileco.example,2,7,13040.87,5.00,2024-04-07,,1,onsite,4603
540,Hussein,Ali,hussein.ali540@nileco.example,1,3,22985.77,0.00,2020-09-09,,1,hybrid,4757
541,نور,فتحي,nour.fathy541@nileco.example,2,8,27289.23,5.00,2019-01-07,,1,onsite,2388
542,Ziad,Kamal,ziad.kamal542@nileco.example,7,35,54917.81,0.00,2016-09-10,,1,onsite,3698
543,Khaled,Tawfik,khaled.tawfik543@nileco.example,6,29,17934.95,0.00,2024-10-22,,1,onsite,1230
544,ريم,خليل,reem.khalil544@nileco.example,3,12,8574.63,0.00,2023-02-03,,1,onsite,186
545,Dalia,Mansour,dalia.mansour545@nileco.example,1,3,17428.17,0.00,2023-11-28,,1,onsite,3215
546,Mostafa,Shawky,mostafa.shawky546@nileco.example,1,3,19077.36,0.00,2025-05-25,,1,hybrid,4729
547,Ibrahim,Helmy,ibrahim.helmy547@nileco.example,6,30,23014.29,0.00,2023-07-19,,1,onsite,
548,Tamer,Selim,tamer.selim548@nileco.example,1,2,9694.15,0.00,2026-04-28,,1,onsite,2975
549,Salma,Ahmed,salma.ahmed549@nileco.example,2,8,22108.89,5.00,2024-02-18,,1,onsite,4778
550,أيمن,صبحي,ayman.sobhy550@nileco.example,5,24,43764.79,0.00,2017-09-09,,1,onsite,1167
551,Reem,Roushdy,reem.roushdy551@nileco.example,5,22,10009.99,0.00,2021-09-04,,1,onsite,1372
552,Dina,Gaber,dina.gaber552@nileco.example,6,30,31758.97,0.00,2017-12-05,,1,hybrid,4532
553,Marwan,Gaber,marwan.gaber553@nileco.example,2,7,9224.75,5.00,2022-04-27,,1,onsite,2863
554,Basma,Gaber,basma.gaber554@nileco.example,2,10,48794.06,5.00,2022-10-09,,1,onsite,4331
555,Nada,Ahmed,nada.ahmed555@nileco.example,5,22,10678.81,0.00,2026-03-26,,1,onsite,4498
556,يوسف,سعيد,youssef.saeed556@nileco.example,2,6,5624.14,5.00,2026-04-11,,1,hybrid,423
557,Hoda,Mansour,hoda.mansour557@nileco.example,2,10,57401.42,5.00,2016-10-04,,1,onsite,2522
558,Tarek,Gaber,tarek.gaber558@nileco.example,6,30,35443.61,0.00,2020-04-27,,1,remote,1892
559,وليد,فتحي,walid.fathy559@nileco.example,1,3,25995.88,0.00,2019-12-07,,1,remote,1522
560,Reem,Ezzat,reem.ezzat560@nileco.example,2,7,7973.57,5.00,2026-05-08,,1,onsite,1513
561,Omar,Kamal,omar.kamal561@nileco.example,2,9,32952.56,5.00,2017-01-25,,1,hybrid,4695
562,آية,حسن,aya.hassan562@nileco.example,6,30,26941.27,0.00,2017-09-25,2019-12-09,0,onsite,341
563,Aya,Abdelaziz,aya.abdelaziz563@nileco.example,2,7,11736.38,5.00,2024-04-09,,1,onsite,1996
564,Sameh,Shawky,sameh.shawky564@nileco.example,7,33,20893.41,0.00,2021-08-19,,1,onsite,653
565,Amr,Elshamy,amr.elshamy565@nileco.example,6,29,17603.02,0.00,2022-08-10,2024-01-27,0,hybrid,4589
566,Mona,Badawy,mona.badawy566@nileco.example,1,5,49640.94,0.00,2022-02-08,,1,onsite,
567,شريف,شوقي,sherif.shawky567@nileco.example,2,7,12782.58,5.00,2022-03-23,,1,onsite,2931
568,Yasmin,Sayed,yasmin.sayed568@nileco.example,4,16,10711.02,0.00,2022-09-11,,1,onsite,2541
569,Sherif,Roushdy,sherif.roushdy569@nileco.example,1,2,11446.16,0.00,2023-08-03,,1,hybrid,2677
570,كريم,رمضان,karim.ramadan570@nileco.example,6,29,18336.86,0.00,2023-06-07,,1,hybrid,914
571,Hany,Nasser,hany.nasser571@nileco.example,1,2,9934.08,0.00,2022-11-14,,1,remote,4717
572,Laila,Fathy,laila.fathy572@nileco.example,6,29,21887.14,0.00,2021-09-09,,1,onsite,4062
573,Yasmin,Nasser,yasmin.nasser573@nileco.example,1,3,18577.38,0.00,2025-06-14,,1,remote,3412
574,Shaimaa,Badawy,shaimaa.badawy574@nileco.example,2,8,16663.57,5.00,2024-06-01,,1,remote,479
575,Heba,Fathy,heba.fathy575@nileco.example,7,33,19913.64,0.00,2021-10-12,,1,hybrid,350
576,Michael,Zaki,michael.zaki576@nileco.example,3,12,10195.94,0.00,2022-07-22,,1,onsite,2363
577,Hany,Roushdy,hany.roushdy577@nileco.example,6,29,21175.01,0.00,2021-06-01,2024-12-18,0,onsite,688
578,Adel,Ismail,adel.ismail578@nileco.example,7,34,31647.37,0.00,2024-03-31,,1,remote,4839
579,Hany,Metwally,hany.metwally579@nileco.example,6,28,10515.84,0.00,2023-03-07,,1,hybrid,1547
580,Heba,Sobhy,heba.sobhy580@nileco.example,5,22,11725.90,0.00,2025-09-19,,1,remote,3896
581,Omar,Kamal,omar.kamal581@nileco.example,1,2,8733.44,0.00,2025-04-08,2026-05-10,0,onsite,805
582,وائل,رمضان,wael.ramadan582@nileco.example,2,6,7043.06,5.00,2024-01-26,,1,onsite,1727
583,Youssef,Gaber,youssef.gaber583@nileco.example,9,42,22412.21,0.00,2024-03-09,,1,hybrid,1684
584,عمرو,توفيق,amr.tawfik584@nileco.example,7,32,9725.04,0.00,2024-07-25,,1,onsite,2433
585,Andrew,Fouad,andrew.fouad585@nileco.example,4,17,20463.40,0.00,2021-07-04,,1,hybrid,1794
586,Sherif,Hamdy,sherif.hamdy586@nileco.example,6,30,30325.33,0.00,2019-05-18,2021-01-01,0,onsite,3757
587,Laila,Selim,laila.selim587@nileco.example,3,13,17514.50,0.00,2023-09-15,,1,onsite,2055
588,Ayman,Nasser,ayman.nasser588@nileco.example,5,22,10623.60,0.00,2026-01-15,,1,onsite,1046
589,وليد,منصور,walid.mansour589@nileco.example,7,34,36029.54,0.00,2020-04-10,,1,hybrid,4649
590,Dalia,Saeed,dalia.saeed590@nileco.example,6,29,19017.96,0.00,2022-02-11,,1,onsite,4724
591,Rania,Metwally,rania.metwally591@nileco.example,6,28,10875.36,0.00,2022-07-04,,1,onsite,1476
592,Hany,Fouad,hany.fouad592@nileco.example,1,2,10524.33,0.00,2025-09-13,,1,onsite,623
593,Michael,Salem,michael.salem593@nileco.example,7,34,36285.36,0.00,2017-04-09,,1,remote,3941
594,Khaled,Elshamy,khaled.elshamy594@nileco.example,9,41,10359.06,0.00,2024-07-29,,1,remote,1393
595,Youssef,Roushdy,youssef.roushdy595@nileco.example,7,34,34098.88,0.00,2021-08-26,,1,hybrid,1574
596,مروان,حمدي,marwan.hamdy596@nileco.example,6,28,14683.97,0.00,2023-12-15,,1,onsite,2028
597,أيمن,ناصر,ayman.nasser597@nileco.example,6,28,13992.62,0.00,2022-02-26,,1,hybrid,295
598,Basma,Farouk,basma.farouk598@nileco.example,1,3,13819.42,0.00,2025-12-05,,1,onsite,4122
599,Noha,Khalil,noha.khalil599@nileco.example,4,19,50045.01,0.00,2017-10-31,,1,onsite,4532
600,فاطمة,سالم,fatma.salem600@nileco.example,1,4,34371.04,0.00,2017-01-08,,1,onsite,2550
601,سارة,توفيق,sara.tawfik601@nileco.example,3,13,15446.98,0.00,2024-09-12,,1,onsite,2055
602,Mona,Selim,mona.selim602@nileco.example,9,41,10423.44,0.00,2026-06-21,,1,onsite,3746
603,سلمى,عزت,salma.ezzat603@nileco.example,7,33,19509.80,0.00,2025-09-02,,1,remote,3796
604,حسام,الشامي,hossam.elshamy604@nileco.example,1,3,20667.31,0.00,2020-01-30,,1,onsite,2574
605,Nour,Roushdy,nour.roushdy605@nileco.example,6,28,9072.17,0.00,2025-01-06,,1,hybrid,2630
606,Omar,Farouk,omar.farouk606@nileco.example,6,30,36408.48,0.00,2021-01-11,,1,onsite,1378
607,Hossam,Ramadan,hossam.ramadan607@nileco.example,6,27,4499.61,0.00,2026-05-13,,1,hybrid,4643
608,Adel,Kamal,adel.kamal608@nileco.example,1,5,53952.84,0.00,2017-08-12,,1,hybrid,2086
609,Ali,Metwally,ali.metwally609@nileco.example,3,14,38713.20,0.00,2017-02-01,,1,onsite,2114
610,Tamer,Sobhy,tamer.sobhy610@nileco.example,5,22,14245.90,0.00,2021-04-24,,1,onsite,1064
611,طارق,كمال,tarek.kamal611@nileco.example,5,21,3690.00,0.00,2026-02-07,,1,onsite,4791
612,Sara,Roushdy,sara.roushdy612@nileco.example,1,3,21808.87,0.00,2022-06-06,,1,onsite,3331
613,طارق,جابر,tarek.gaber613@nileco.example,7,34,,0.00,2019-08-08,,1,remote,645
614,فريدة,السيد,farida.sayed614@nileco.example,2,7,11561.44,5.00,2026-01-19,,1,onsite,2048
615,Andrew,Gaber,andrew.gaber615@nileco.example,3,13,25253.65,0.00,2019-04-25,,1,hybrid,2650
616,Heba,Gaber,heba.gaber616@nileco.example,2,7,10107.72,5.00,2026-03-05,,1,onsite,3473
617,Khaled,Fathy,khaled.fathy617@nileco.example,8,37,10126.70,0.00,2024-07-24,,1,onsite,4420
618,Michael,Khalil,michael.khalil618@nileco.example,2,8,18614.52,5.00,2025-02-10,2026-04-12,0,onsite,3855
619,Hussein,Youssef,hussein.youssef619@nileco.example,7,34,30024.91,0.00,2024-01-31,,1,hybrid,1348
620,هبة,سليم,heba.selim620@nileco.example,3,11,9476.98,0.00,2024-05-29,,1,onsite,2241
621,Karim,Roushdy,karim.roushdy621@nileco.example,9,41,9297.94,0.00,2024-09-16,,1,onsite,2629
622,ندى,رمضان,nada.ramadan622@nileco.example,6,27,7232.34,0.00,2025-08-22,,1,onsite,98
623,Dina,Khalil,dina.khalil623@nileco.example,1,3,15734.84,0.00,2023-08-08,,1,hybrid,1087
624,Hoda,Abbas,hoda.abbas624@nileco.example,6,30,32412.53,0.00,2019-10-29,,1,remote,3896
625,Hossam,Badawy,hossam.badawy625@nileco.example,1,4,38494.39,0.00,2018-04-27,,1,hybrid,3069
626,Amira,Ismail,amira.ismail626@nileco.example,3,13,16812.91,0.00,2025-06-09,,1,remote,4251
627,Amr,Farouk,amr.farouk627@nileco.example,2,8,25435.23,5.00,2019-02-13,,1,onsite,2061
628,Adel,Youssef,adel.youssef628@nileco.example,5,21,5220.94,0.00,2025-09-13,,1,hybrid,2353
629,Hany,Mansour,hany.mansour629@nileco.example,7,33,23813.19,0.00,2019-10-07,,1,hybrid,932
630,Nada,Ahmed,nada.ahmed630@nileco.example,1,2,11845.28,0.00,2023-04-18,,1,onsite,2526
631,Khaled,Fouad,khaled.fouad631@nileco.example,7,32,11346.74,0.00,2025-02-16,,1,hybrid,4707
632,Wael,Saeed,wael.saeed632@nileco.example,9,42,21896.95,0.00,2024-10-25,,1,hybrid,4371
633,Sara,Kamal,sara.kamal633@nileco.example,6,27,5502.89,0.00,2026-04-24,,1,onsite,145
634,وائل,سليم,wael.selim634@nileco.example,5,21,6951.03,0.00,2025-06-11,,1,hybrid,2353
635,Omar,Ezzat,omar.ezzat635@nileco.example,5,23,22431.40,0.00,2023-02-05,2026-06-03,0,hybrid,2747
636,Hany,Badawy,hany.badawy636@nileco.example,6,30,29953.66,0.00,2022-04-09,,1,hybrid,
637,Michael,Hassan,michael.hassan637@nileco.example,2,7,10544.49,5.00,2022-04-25,,1,hybrid,2862
638,Hossam,Roushdy,hossam.roushdy638@nileco.example,6,30,36762.92,0.00,2020-07-26,,1,hybrid,2086
639,Shaimaa,Nasser,shaimaa.nasser639@nileco.example,5,25,54654.87,0.00,2016-09-30,,1,onsite,4200
640,Salma,Hamdy,salma.hamdy640@nileco.example,9,41,13552.41,0.00,2023-05-13,2026-06-05,0,onsite,1251
641,Laila,Naguib,laila.naguib641@nileco.example,6,28,11002.03,0.00,2022-07-30,,1,onsite,1131
642,شيماء,أحمد,shaimaa.ahmed642@nileco.example,3,13,19124.58,0.00,2020-04-09,,1,hybrid,2239
643,Mariam,Elshamy,mariam.elshamy643@nileco.example,7,33,18185.04,0.00,2021-12-14,,1,remote,3191
644,Ayman,Ezzat,ayman.ezzat644@nileco.example,6,27,5513.24,0.00,2025-04-03,,1,onsite,3549
645,هبة,فؤاد,heba.fouad645@nileco.example,7,35,51000.72,0.00,2020-05-18,,1,onsite,
646,محمود,حمدي,mahmoud.hamdy646@nileco.example,7,33,24878.08,0.00,2021-03-15,,1,onsite,3024
647,Marwan,Saeed,marwan.saeed647@nileco.example,6,30,28866.67,0.00,2022-01-17,,1,onsite,341
648,رانيا,عبد العزيز,rania.abdelaziz648@nileco.example,6,28,13639.76,0.00,2022-11-11,,1,onsite,3857
649,Noha,Youssef,noha.youssef649@nileco.example,7,33,16742.63,0.00,2023-10-31,,1,onsite,2165
650,Nada,Farouk,nada.farouk650@nileco.example,5,23,17509.94,0.00,2025-07-27,2026-04-22,0,remote,1950
651,Khaled,Shawky,khaled.shawky651@nileco.example,6,29,22520.46,0.00,2021-06-24,,1,remote,2041
652,Hany,Tawfik,hany.tawfik652@nileco.example,4,17,20410.51,0.00,2024-11-25,,1,onsite,599
653,Wael,Fouad,wael.fouad653@nileco.example,7,35,56965.70,0.00,2017-07-21,,1,remote,2638
654,Mona,Sayed,mona.sayed654@nileco.example,1,5,51637.50,0.00,2016-05-02,,1,onsite,3717
655,Basma,Ezzat,basma.ezzat655@nileco.example,1,1,4104.01,0.00,2026-03-25,,1,hybrid,4824
656,Mona,Zaki,mona.zaki656@nileco.example,1,5,52226.22,0.00,2021-09-08,,1,hybrid,1949
657,Dalia,Helmy,dalia.helmy657@nileco.example,3,11,6073.69,0.00,2026-01-13,,1,onsite,1863
658,Amira,Naguib,amira.naguib658@nileco.example,3,13,15633.03,0.00,2023-08-15,,1,onsite,311
659,كريم,رشدي,karim.roushdy659@nileco.example,1,4,35629.47,0.00,2019-03-12,,1,hybrid,3199
660,Noha,Ahmed,noha.ahmed660@nileco.example,6,30,31070.52,0.00,2023-10-28,,1,hybrid,2449
661,Hossam,Ismail,hossam.ismail661@nileco.example,7,34,30550.08,0.00,2023-07-15,2025-05-20,0,hybrid,2256
662,محمود,بدوي,mahmoud.badawy662@nileco.example,8,36,6143.35,0.00,2024-06-08,,1,onsite,4950
663,Aya,Abdelaziz,aya.abdelaziz663@nileco.example,5,23,20381.02,0.00,2021-12-16,2023-12-15,0,remote,286
664,Michael,Mahmoud,michael.mahmoud664@nileco.example,4,16,9951.49,0.00,2026-03-05,,1,hybrid,2383
665,Adel,Ezzat,adel.ezzat665@nileco.example,1,2,11913.76,0.00,2021-05-23,,1,onsite,4985
666,أحمد,كمال,ahmed.kamal666@nileco.example,1,2,11173.34,0.00,2024-08-06,,1,onsite,3608
667,Hany,Ismail,hany.ismail667@nileco.example,6,30,38519.94,0.00,2017-06-30,,1,onsite,2114
668,منى,زكي,mona.zaki668@nileco.example,1,2,14660.67,0.00,2022-03-13,,1,hybrid,721
669,دينا,حسن,dina.hassan669@nileco.example,1,3,19674.36,0.00,2021-09-18,,1,onsite,1154
670,Dalia,Moussa,dalia.moussa670@nileco.example,1,2,13446.96,0.00,2021-08-22,,1,onsite,1705
671,Adel,Saeed,adel.saeed671@nileco.example,7,33,18819.90,0.00,2025-02-09,,1,onsite,263
672,Mona,Helmy,mona.helmy672@nileco.example,9,42,19868.87,0.00,2022-09-10,,1,onsite,2328
673,Noha,Moussa,noha.moussa673@nileco.example,6,27,7084.02,0.00,2025-06-28,,1,onsite,145
674,Tarek,Youssef,tarek.youssef674@nileco.example,2,8,21939.05,5.00,2021-02-19,,1,hybrid,2134
675,Noha,Youssef,noha.youssef675@nileco.example,9,40,4607.61,0.00,2026-03-28,,1,hybrid,4208
676,Dalia,Selim,dalia.selim676@nileco.example,3,13,21995.96,0.00,2019-12-17,,1,onsite,3912
677,Youssef,Youssef,youssef.youssef677@nileco.example,7,35,49448.20,0.00,2021-08-27,,1,onsite,
678,كريم,السيد,karim.sayed678@nileco.example,4,15,5518.11,0.00,2024-08-14,,1,onsite,2179
679,فريدة,كمال,farida.kamal679@nileco.example,5,24,32369.43,0.00,2018-01-25,,1,remote,3073
680,Tarek,Zaki,tarek.zaki680@nileco.example,1,5,51967.41,0.00,2018-07-25,,1,remote,1892
681,Yasmin,Hassan,yasmin.hassan681@nileco.example,3,14,33275.62,0.00,2022-08-25,,1,onsite,2638
682,ندى,رشوان,nada.rashwan682@nileco.example,3,14,30403.08,0.00,2024-07-10,,1,onsite,3214
683,حسين,صبحي,hussein.sobhy683@nileco.example,6,29,22505.55,0.00,2020-03-27,,1,remote,4297
684,Sameh,Saeed,sameh.saeed684@nileco.example,1,4,37533.42,0.00,2019-11-20,,1,onsite,1267
685,Mona,Elshamy,mona.elshamy685@nileco.example,1,4,32165.74,0.00,2020-02-11,,1,hybrid,2566
686,Reem,Gaber,reem.gaber686@nileco.example,1,3,20404.12,0.00,2019-10-03,,1,hybrid,4270
687,سارة,أحمد,sara.ahmed687@nileco.example,6,28,9364.70,0.00,2023-09-17,,1,onsite,4905
688,نور,متولي,nour.metwally688@nileco.example,6,30,33747.19,0.00,2017-06-07,,1,onsite,1378
689,Nour,Hassan,nour.hassan689@nileco.example,2,7,10637.52,5.00,2022-06-15,2025-01-11,0,onsite,1060
690,Aya,Moussa,aya.moussa690@nileco.example,2,7,7794.28,5.00,2023-08-01,2024-09-13,0,remote,167
691,Michael,Roushdy,michael.roushdy691@nileco.example,1,4,36603.46,0.00,2018-06-23,,1,hybrid,3286
692,Fatma,Helmy,fatma.helmy692@nileco.example,1,4,32896.12,0.00,2021-09-11,,1,onsite,3286
693,Salma,Abbas,salma.abbas693@nileco.example,1,3,22115.52,0.00,2022-09-25,,1,onsite,3319
694,رانيا,خليل,rania.khalil694@nileco.example,3,13,20337.76,0.00,2025-06-28,,1,onsite,2055
695,Hoda,Salem,hoda.salem695@nileco.example,3,12,9305.76,0.00,2025-04-03,,1,onsite,1019
696,بسمة,فؤاد,basma.fouad696@nileco.example,1,2,11903.69,0.00,2022-05-02,,1,onsite,3540
697,Reem,Saeed,reem.saeed697@nileco.example,1,4,29825.55,0.00,2021-01-25,,1,onsite,803
698,Sara,Youssef,sara.youssef698@nileco.example,5,25,41656.01,0.00,2016-01-13,2017-07-11,0,onsite,2086
699,Nada,Selim,nada.selim699@nileco.example,1,3,18769.61,0.00,2022-02-03,,1,hybrid,1633
700,فريدة,رمضان,farida.ramadan700@nileco.example,1,3,29101.17,0.00,2019-01-25,,1,hybrid,2072
701,هاني,عباس,hany.abbas701@nileco.example,1,3,19415.80,0.00,2020-04-30,,1,hybrid,625
702,وليد,نجيب,walid.naguib702@nileco.example,3,12,8881.84,0.00,2026-03-21,,1,hybrid,4435
703,Walid,Roushdy,walid.roushdy703@nileco.example,6,27,6518.16,0.00,2026-02-25,,1,hybrid,812
704,دينا,جابر,dina.gaber704@nileco.example,1,3,22577.58,0.00,2020-08-24,,1,hybrid,3224
705,Youssef,Metwally,youssef.metwally705@nileco.example,7,33,22621.86,0.00,2019-11-08,,1,remote,3443
706,Amira,Saeed,amira.saeed706@nileco.example,9,43,40024.78,0.00,2019-12-15,,1,hybrid,3717
707,ليلى,الشامي,laila.elshamy707@nileco.example,7,32,11519.32,0.00,2026-01-28,,1,hybrid,2510
708,Karim,Ezzat,karim.ezzat708@nileco.example,1,3,20440.95,0.00,2021-10-02,,1,onsite,363
709,Salma,Mansour,salma.mansour709@nileco.example,6,27,7838.08,0.00,2024-01-13,,1,onsite,2818
710,Adel,Mansour,adel.mansour710@nileco.example,1,1,6757.43,0.00,2026-04-12,,1,onsite,1426
711,عمرو,علي,amr.ali711@nileco.example,4,18,31093.58,0.00,2024-06-07,,1,onsite,735
712,Walid,Kamal,walid.kamal712@nileco.example,6,29,22691.92,0.00,2020-01-24,,1,onsite,2205
713,وائل,فؤاد,wael.fouad713@nileco.example,2,8,23290.73,5.00,2019-12-24,,1,hybrid,479
714,Salma,Hassan,salma.hassan714@nileco.example,1,2,9232.57,0.00,2023-12-05,,1,remote,2199
715,Ibrahim,Mansour,ibrahim.mansour715@nileco.example,7,33,21834.03,0.00,2021-04-29,,1,onsite,4471
716,Walid,Hassan,walid.hassan716@nileco.example,7,32,8309.49,0.00,2026-07-22,,1,onsite,1275
717,Sameh,Ali,sameh.ali717@nileco.example,6,28,14134.83,0.00,2023-01-03,,1,onsite,2771
718,Marwan,Sobhy,marwan.sobhy718@nileco.example,9,43,28161.51,0.00,2022-07-12,,1,hybrid,
719,Mariam,Salem,mariam.salem719@nileco.example,3,12,10073.96,0.00,2025-02-12,,1,onsite,1706
720,Walid,Sobhy,walid.sobhy720@nileco.example,6,29,18077.09,0.00,2019-04-22,2023-03-16,0,hybrid,3864
721,Karim,Tawfik,karim.tawfik721@nileco.example,1,4,26435.37,0.00,2023-03-04,,1,onsite,1074
722,Dina,Ali,dina.ali722@nileco.example,1,5,49153.72,0.00,2019-03-23,,1,onsite,3757
723,Wael,Sayed,wael.sayed723@nileco.example,7,33,19590.78,0.00,2024-01-25,,1,onsite,1115
724,Dalia,Moussa,dalia.moussa724@nileco.example,1,1,4757.34,0.00,2025-02-22,,1,onsite,415
725,Laila,Helmy,laila.helmy725@nileco.example,9,42,26223.68,0.00,2021-12-08,,1,remote,3221
726,Karim,Saeed,karim.saeed726@nileco.example,1,3,20377.03,0.00,2024-11-22,,1,onsite,2886
727,Mariam,Helmy,mariam.helmy727@nileco.example,8,38,21262.81,0.00,2022-02-05,,1,onsite,1696
728,فاطمة,بدوي,fatma.badawy728@nileco.example,1,3,20597.58,0.00,2022-06-10,,1,hybrid,4079
729,Sara,Helmy,sara.helmy729@nileco.example,9,42,23605.47,0.00,2023-03-28,,1,hybrid,1011
730,Omar,Naguib,omar.naguib730@nileco.example,6,28,11122.58,0.00,2022-10-02,2025-10-12,0,onsite,636
731,Rania,Farouk,rania.farouk731@nileco.example,1,2,12662.06,0.00,2023-10-08,,1,remote,1074
732,Heba,Selim,heba.selim732@nileco.example,2,8,15337.06,5.00,2025-11-02,2026-06-18,0,onsite,4182
733,Noha,Mansour,noha.mansour733@nileco.example,7,33,19839.07,0.00,2019-03-04,,1,onsite,763
734,Sara,Elshamy,sara.elshamy734@nileco.example,6,28,9771.23,0.00,2022-08-05,,1,remote,1103
735,Shaimaa,Zaki,shaimaa.zaki735@nileco.example,4,19,51338.13,0.00,2020-03-29,,1,onsite,2638
736,Hossam,Zaki,hossam.zaki736@nileco.example,2,6,5329.12,5.00,2026-02-22,,1,hybrid,4911
737,إبراهيم,رشدي,ibrahim.roushdy737@nileco.example,9,42,23365.80,0.00,2019-09-11,,1,onsite,2283
738,Hossam,Zaki,hossam.zaki738@nileco.example,6,29,19543.94,0.00,2020-09-06,,1,onsite,4264
739,مروان,سعيد,marwan.saeed739@nileco.example,1,3,19176.29,0.00,2020-06-02,,1,onsite,820
740,علي,كمال,ali.kamal740@nileco.example,6,29,20360.22,0.00,2024-09-18,,1,onsite,4236
741,سامح,زكي,sameh.zaki741@nileco.example,1,3,20920.08,0.00,2022-07-24,,1,remote,160
742,Hassan,Ramadan,hassan.ramadan742@nileco.example,9,42,16660.89,0.00,2025-08-30,,1,onsite,2251
743,Noha,Mansour,noha.mansour743@nileco.example,5,24,33338.18,0.00,2017-09-23,,1,hybrid,4176
744,Omar,Elshamy,omar.elshamy744@nileco.example,6,28,9862.31,0.00,2026-02-28,,1,onsite,4618
745,علي,فتحي,ali.fathy745@nileco.example,2,7,14189.96,5.00,2022-04-05,,1,hybrid,1243
746,Mostafa,Kamal,mostafa.kamal746@nileco.example,2,9,32117.04,5.00,2024-09-03,2026-01-21,0,hybrid,1755
747,Tarek,Sayed,tarek.sayed747@nileco.example,6,30,33273.30,0.00,2022-01-01,,1,hybrid,4396
748,Aya,Roushdy,aya.roushdy748@nileco.example,6,29,20039.08,0.00,2020-09-07,,1,onsite,1230
749,وليد,موسى,walid.moussa749@nileco.example,6,28,11554.93,0.00,2022-10-25,,1,onsite,1297
750,زياد,فتحي,ziad.fathy750@nileco.example,1,2,12278.04,0.00,2026-04-07,,1,hybrid,704
751,Sara,Shawky,sara.shawky751@nileco.example,2,7,12836.72,5.00,2021-09-30,,1,onsite,1830
752,Mona,Salem,mona.salem752@nileco.example,1,2,7500.41,0.00,2026-03-08,,1,onsite,1663
753,Heba,Naguib,heba.naguib753@nileco.example,6,30,35408.03,0.00,2020-07-14,,1,hybrid,3698
754,Salma,Helmy,salma.helmy754@nileco.example,6,29,18384.95,0.00,2020-03-02,,1,hybrid,1394
755,Fatma,Tawfik,fatma.tawfik755@nileco.example,1,1,7011.26,0.00,2025-04-01,,1,onsite,3129
756,Hany,Ahmed,hany.ahmed756@nileco.example,6,29,21501.79,0.00,2021-01-22,2023-09-24,0,onsite,4450
757,Shaimaa,Tawfik,shaimaa.tawfik757@nileco.example,1,2,11066.05,0.00,2022-07-05,,1,hybrid,1237
758,Hassan,Badawy,hassan.badawy758@nileco.example,3,13,19544.20,0.00,2022-01-06,,1,hybrid,2907
759,Omar,Hassan,omar.hassan759@nileco.example,1,4,36437.57,0.00,2018-01-31,,1,onsite,1542
760,Heba,Farouk,heba.farouk760@nileco.example,6,29,18979.08,0.00,2019-03-22,,1,hybrid,2009
761,نهى,عباس,noha.abbas761@nileco.example,2,7,11796.60,5.00,2023-06-18,,1,onsite,765
762,Sara,Ali,sara.ali762@nileco.example,2,7,10131.74,5.00,2025-12-07,,1,onsite,3382
763,Sara,Saeed,sara.saeed763@nileco.example,7,34,28876.93,0.00,2023-02-22,,1,onsite,1062
764,Mona,Moussa,mona.moussa764@nileco.example,6,29,19683.23,0.00,2023-02-28,,1,onsite,606
765,Karim,Salem,karim.salem765@nileco.example,2,8,23104.58,5.00,2019-11-14,,1,onsite,175
766,Hussein,Sobhy,hussein.sobhy766@nileco.example,6,29,20949.11,0.00,2022-12-31,,1,remote,2589
767,نور,فتحي,nour.fathy767@nileco.example,2,6,8289.49,5.00,2025-03-07,,1,onsite,4565
768,Salma,Naguib,salma.naguib768@nileco.example,7,32,11717.79,0.00,2022-01-04,,1,hybrid,3941
769,هدى,يوسف,hoda.youssef769@nileco.example,5,25,54778.32,0.00,2018-01-12,,1,hybrid,3757
770,Ibrahim,Badawy,ibrahim.badawy770@nileco.example,9,42,14888.37,0.00,2024-08-12,,1,onsite,1575
771,Hoda,Moussa,hoda.moussa771@nileco.example,3,13,19072.59,0.00,2022-08-04,,1,onsite,1741
772,أحمد,جابر,ahmed.gaber772@nileco.example,1,3,22411.27,0.00,2020-07-23,,1,hybrid,1375
773,Hassan,Hamdy,hassan.hamdy773@nileco.example,2,6,4221.92,5.00,2025-02-07,,1,hybrid,274
774,Reem,Sobhy,reem.sobhy774@nileco.example,7,35,46987.61,0.00,2021-08-31,,1,remote,4200
775,Hossam,Abdelaziz,hossam.abdelaziz775@nileco.example,2,8,20360.45,5.00,2019-02-17,,1,onsite,1141
776,نور,كمال,nour.kamal776@nileco.example,9,43,38497.22,0.00,2017-04-22,,1,onsite,4396
777,Sara,Ahmed,sara.ahmed777@nileco.example,8,39,36202.30,0.00,2021-11-22,,1,remote,2114
778,Dalia,Rashwan,dalia.rashwan778@nileco.example,6,29,23088.69,0.00,2020-06-23,,1,hybrid,1230
779,Tamer,Naguib,tamer.naguib779@nileco.example,8,37,10437.49,0.00,2025-04-16,,1,onsite,48
780,Ali,Gaber,ali.gaber780@nileco.example,6,28,11079.23,0.00,2024-06-26,,1,onsite,4415
781,Mariam,Roushdy,mariam.roushdy781@nileco.example,6,29,22772.27,0.00,2020-05-16,,1,hybrid,2759
782,هاني,خليل,hany.khalil782@nileco.example,6,29,19157.90,0.00,2022-11-25,,1,hybrid,4951
783,Amira,Mahmoud,amira.mahmoud783@nileco.example,1,5,47356.22,0.00,2021-03-13,,1,onsite,2638
784,Shaimaa,Ismail,shaimaa.ismail784@nileco.example,6,29,18103.28,0.00,2025-07-08,,1,remote,1230
785,Walid,Kamal,walid.kamal785@nileco.example,2,7,9488.50,5.00,2026-04-11,,1,hybrid,149
786,سامح,عبد العزيز,sameh.abdelaziz786@nileco.example,3,13,18912.00,0.00,2022-01-06,,1,onsite,4722
787,مايكل,حلمي,michael.helmy787@nileco.example,1,2,9923.51,0.00,2022-04-14,,1,remote,1119
788,أيمن,نجيب,ayman.naguib788@nileco.example,6,29,15057.52,0.00,2023-10-06,,1,onsite,4155
789,Andrew,Ali,andrew.ali789@nileco.example,6,28,10658.29,0.00,2023-08-14,,1,hybrid,1563
790,شريف,رشدي,sherif.roushdy790@nileco.example,7,31,3690.00,0.00,2026-04-11,,1,onsite,79
791,Sherif,Ahmed,sherif.ahmed791@nileco.example,6,27,7681.64,0.00,2024-01-16,,1,onsite,1733
792,Mostafa,Ramadan,mostafa.ramadan792@nileco.example,2,8,21161.46,5.00,2023-12-28,,1,onsite,1905
793,Ibrahim,Ezzat,ibrahim.ezzat793@nileco.example,2,8,21673.15,5.00,2019-11-20,,1,hybrid,2270
794,علي,نجيب,ali.naguib794@nileco.example,5,22,10540.78,0.00,2022-06-08,,1,hybrid,2766
795,فاطمة,أحمد,fatma.ahmed795@nileco.example,6,27,5411.67,0.00,2026-07-03,,1,onsite,4138
796,رانيا,عزت,rania.ezzat796@nileco.example,6,28,13477.09,0.00,2022-02-10,,1,onsite,4618
797,Adel,Farouk,adel.farouk797@nileco.example,9,41,10558.56,0.00,2021-10-21,,1,onsite,3993
798,Ziad,Zaki,ziad.zaki798@nileco.example,1,2,12400.25,0.00,2023-03-19,,1,hybrid,3956
799,Hoda,Helmy,hoda.helmy799@nileco.example,3,14,38176.84,0.00,2018-03-05,,1,hybrid,3583
800,Michael,Ismail,michael.ismail800@nileco.example,9,42,13360.00,0.00,2025-10-18,,1,hybrid,519
801,Mostafa,Abdelaziz,mostafa.abdelaziz801@nileco.example,7,32,10657.97,0.00,2024-09-17,,1,hybrid,1194
802,Ayman,Fathy,ayman.fathy802@nileco.example,2,8,24511.85,5.00,2019-08-18,,1,hybrid,2867
803,Heba,Tawfik,heba.tawfik803@nileco.example,1,5,44410.67,0.00,2021-02-23,,1,onsite,3583
804,أيمن,أحمد,ayman.ahmed804@nileco.example,7,33,19749.93,0.00,2022-10-13,,1,onsite,2257
805,Tamer,Tawfik,tamer.tawfik805@nileco.example,1,4,33543.10,0.00,2019-02-10,,1,onsite,439
806,Basma,Abbas,basma.abbas806@nileco.example,1,4,,0.00,2018-02-28,,1,onsite,1485
807,Sameh,Mansour,sameh.mansour807@nileco.example,2,8,19476.61,5.00,2021-02-17,2024-10-14,0,onsite,1516
808,Ibrahim,Abdelaziz,ibrahim.abdelaziz808@nileco.example,6,29,20380.48,0.00,2020-12-29,,1,onsite,2110
809,Wael,Mahmoud,wael.mahmoud809@nileco.example,7,34,28032.31,0.00,2022-09-15,,1,onsite,3474
810,Rania,Ahmed,rania.ahmed810@nileco.example,1,3,20519.01,0.00,2024-12-11,,1,onsite,1804
811,Ahmed,Roushdy,ahmed.roushdy811@nileco.example,1,4,34493.44,0.00,2019-06-01,,1,onsite,4529
812,Aya,Badawy,aya.badawy812@nileco.example,6,30,32279.76,0.00,2022-06-19,,1,onsite,2086
813,Hussein,Ezzat,hussein.ezzat813@nileco.example,1,3,18559.06,0.00,2023-09-29,,1,onsite,2427
814,Marwan,Ali,marwan.ali814@nileco.example,9,42,17978.88,0.00,2023-05-23,2025-03-13,0,hybrid,1533
815,محمد,موسى,mohamed.moussa815@nileco.example,1,3,17333.43,0.00,2024-02-22,,1,remote,1667
816,Sameh,Ezzat,sameh.ezzat816@nileco.example,1,2,10239.50,0.00,2025-03-14,,1,onsite,3215
817,Reem,Hamdy,reem.hamdy817@nileco.example,1,5,43159.35,0.00,2022-12-09,2025-08-08,0,onsite,1892
818,Adel,Nasser,adel.nasser818@nileco.example,3,13,18243.91,0.00,2024-10-08,,1,remote,681
819,Sherif,Khalil,sherif.khalil819@nileco.example,1,3,19739.22,0.00,2022-05-24,,1,hybrid,3319
820,Ziad,Mansour,ziad.mansour820@nileco.example,1,4,29583.30,0.00,2022-10-10,,1,hybrid,3069
821,Noha,Zaki,noha.zaki821@nileco.example,6,28,9579.28,0.00,2022-11-24,2025-12-29,0,remote,3494
822,أحمد,شوقي,ahmed.shawky822@nileco.example,8,38,17362.07,0.00,2020-09-15,,1,onsite,2422
823,Hoda,Nasser,hoda.nasser823@nileco.example,1,3,13360.00,0.00,2024-09-19,,1,onsite,4191
824,شريف,حسن,sherif.hassan824@nileco.example,1,3,16355.04,0.00,2025-08-17,,1,hybrid,2804
825,Dina,Fouad,dina.fouad825@nileco.example,3,13,20995.32,0.00,2024-10-27,,1,hybrid,2819
826,Karim,Salem,karim.salem826@nileco.example,3,14,32433.77,0.00,2020-07-09,,1,onsite,3717
827,Rania,Khalil,rania.khalil827@nileco.example,7,32,8715.52,0.00,2025-04-12,,1,onsite,893
828,Andrew,Roushdy,andrew.roushdy828@nileco.example,5,25,50148.99,0.00,2018-09-02,,1,remote,4200
829,Yasmin,Ahmed,yasmin.ahmed829@nileco.example,2,7,10273.25,5.00,2024-04-16,,1,hybrid,1459
830,Karim,Abbas,karim.abbas830@nileco.example,3,14,28134.19,0.00,2024-09-21,,1,onsite,3698
831,Basma,Ismail,basma.ismail831@nileco.example,2,9,28408.78,5.00,2020-01-06,2020-09-11,0,hybrid,527
832,ندى,رشوان,nada.rashwan832@nileco.example,1,3,24332.01,0.00,2019-07-04,,1,remote,363
833,Noha,Abbas,noha.abbas833@nileco.example,5,24,37388.56,0.00,2018-11-03,,1,onsite,1820
834,طارق,ناصر,tarek.nasser834@nileco.example,1,4,30755.12,0.00,2024-01-12,,1,onsite,1375
835,Marwan,Metwally,marwan.metwally835@nileco.example,7,33,20491.78,0.00,2023-12-20,,1,onsite,1579
836,Reem,Zaki,reem.zaki836@nileco.example,9,41,9831.60,0.00,2023-07-31,,1,hybrid,4917
837,Adel,Mahmoud,adel.mahmoud837@nileco.example,6,29,23386.21,0.00,2022-05-31,,1,onsite,1355
838,Ahmed,Roushdy,ahmed.roushdy838@nileco.example,2,8,26136.03,5.00,2020-04-19,,1,onsite,4832
839,Andrew,Hamdy,andrew.hamdy839@nileco.example,1,1,5808.89,0.00,2025-08-10,,1,onsite,2370
840,Amr,Tawfik,amr.tawfik840@nileco.example,1,4,37626.21,0.00,2018-11-18,,1,onsite,4892
841,Nour,Saeed,nour.saeed841@nileco.example,5,21,7285.14,0.00,2024-04-11,,1,onsite,2367
842,Sara,Helmy,sara.helmy842@nileco.example,1,2,7879.79,0.00,2022-10-21,2023-05-08,0,hybrid,1213
843,Omar,Elshamy,omar.elshamy843@nileco.example,3,12,13160.32,0.00,2022-01-26,,1,onsite,464
844,شريف,الشامي,sherif.elshamy844@nileco.example,7,32,10205.81,0.00,2024-09-26,,1,onsite,4882
845,Walid,Youssef,walid.youssef845@nileco.example,1,2,9605.17,0.00,2021-03-24,2021-09-21,0,remote,2945
846,Basma,Gaber,basma.gaber846@nileco.example,8,37,9290.67,0.00,2025-06-09,,1,hybrid,2109
847,Hoda,Gaber,hoda.gaber847@nileco.example,2,9,34636.05,5.00,2019-12-31,,1,onsite,6
848,Mariam,Moussa,mariam.moussa848@nileco.example,1,3,17224.77,0.00,2025-04-10,,1,onsite,1291
849,Hussein,Salem,hussein.salem849@nileco.example,7,34,27063.41,0.00,2024-12-11,,1,hybrid,2872
850,Noha,Youssef,noha.youssef850@nileco.example,2,8,14441.74,5.00,2020-12-07,2021-04-08,0,hybrid,2411
851,Hoda,Fouad,hoda.fouad851@nileco.example,4,17,16693.43,0.00,2025-11-26,,1,onsite,2284
852,Aya,Elshamy,aya.elshamy852@nileco.example,3,13,17163.74,0.00,2024-05-17,,1,onsite,3031
853,Amr,Metwally,amr.metwally853@nileco.example,1,4,31576.25,0.00,2018-09-30,,1,onsite,4895
854,أحمد,عباس,ahmed.abbas854@nileco.example,2,8,16831.60,5.00,2024-11-27,,1,onsite,1905
855,Aya,Elshamy,aya.elshamy855@nileco.example,7,35,49655.07,0.00,2021-01-13,,1,onsite,3717
856,Michael,Nasser,michael.nasser856@nileco.example,1,5,46628.01,0.00,2018-07-05,,1,onsite,2229
857,Ali,Hamdy,ali.hamdy857@nileco.example,9,42,14180.13,0.00,2025-03-07,,1,onsite,2958
858,منى,رشدي,mona.roushdy858@nileco.example,3,11,5398.49,0.00,2025-07-06,,1,onsite,4996
859,Andrew,Gaber,andrew.gaber859@nileco.example,1,3,18626.89,0.00,2024-05-06,,1,onsite,2281
860,Mostafa,Khalil,mostafa.khalil860@nileco.example,1,4,35573.87,0.00,2019-01-29,,1,hybrid,2951
861,Adel,Salem,adel.salem861@nileco.example,2,7,8206.04,5.00,2025-02-11,,1,hybrid,4051
862,Karim,Mansour,karim.mansour862@nileco.example,1,2,7250.00,0.00,2024-12-16,,1,hybrid,4394
863,Reem,Sayed,reem.sayed863@nileco.example,7,32,9458.39,0.00,2024-02-15,,1,onsite,4584
864,Youssef,Fathy,youssef.fathy864@nileco.example,6,29,20604.64,0.00,2023-01-21,,1,onsite,4401
865,Karim,Ezzat,karim.ezzat865@nileco.example,2,9,29669.06,5.00,2024-01-12,,1,onsite,6
866,Shaimaa,Abdelaziz,shaimaa.abdelaziz866@nileco.example,6,28,9001.66,0.00,2024-03-24,2024-08-14,0,onsite,2630
867,آية,منصور,aya.mansour867@nileco.example,1,3,30640.00,0.00,2019-10-22,,1,onsite,1392
868,ياسمين,رمضان,yasmin.ramadan868@nileco.example,7,33,18542.72,0.00,2023-10-18,,1,onsite,4849
869,هبة,حسن,heba.hassan869@nileco.example,2,7,9691.96,5.00,2024-08-24,,1,remote,4742
870,Noha,Hassan,noha.hassan870@nileco.example,9,43,26209.22,0.00,2024-12-11,,1,onsite,2638
871,Amr,Abbas,amr.abbas871@nileco.example,1,2,9824.47,0.00,2025-12-29,,1,hybrid,4041
872,Dalia,Helmy,dalia.helmy872@nileco.example,1,2,11525.04,0.00,2022-10-25,,1,hybrid,2714
873,كريم,كمال,karim.kamal873@nileco.example,5,22,13062.81,0.00,2023-04-20,,1,remote,1378
874,Heba,Ismail,heba.ismail874@nileco.example,6,28,10706.48,0.00,2021-07-20,2023-11-03,0,onsite,4123
875,Tamer,Ismail,tamer.ismail875@nileco.example,6,29,21617.80,0.00,2021-05-04,,1,onsite,1187
876,Mostafa,Salem,mostafa.salem876@nileco.example,1,3,17446.03,0.00,2025-03-01,,1,onsite,983
877,مايكل,خليل,michael.khalil877@nileco.example,5,22,13895.43,0.00,2022-04-20,,1,remote,433
878,Noha,Ismail,noha.ismail878@nileco.example,4,18,31248.02,0.00,2022-12-28,,1,onsite,1786
879,Mohamed,Sayed,mohamed.sayed879@nileco.example,6,28,9529.51,0.00,2023-01-28,2024-03-12,0,hybrid,4706
880,عادل,فاروق,adel.farouk880@nileco.example,1,4,31174.22,0.00,2021-05-30,,1,hybrid,4817
881,Hoda,Youssef,hoda.youssef881@nileco.example,6,27,5150.05,0.00,2025-09-17,,1,onsite,2076
882,Mostafa,Abbas,mostafa.abbas882@nileco.example,5,22,11667.78,0.00,2024-05-29,,1,onsite,2933
883,فريدة,إسماعيل,farida.ismail883@nileco.example,7,35,49145.09,0.00,2022-05-20,,1,hybrid,2114
884,Wael,Abdelaziz,wael.abdelaziz884@nileco.example,2,6,4403.71,5.00,2025-11-30,,1,hybrid,3589
885,Noha,Ismail,noha.ismail885@nileco.example,5,21,6589.55,0.00,2025-06-21,,1,hybrid,3157
886,Basma,Metwally,basma.metwally886@nileco.example,1,2,9156.41,0.00,2024-12-16,,1,onsite,1947
887,Laila,Nasser,laila.nasser887@nileco.example,9,42,13360.00,0.00,2023-11-19,,1,onsite,2466
888,Nada,Mansour,nada.mansour888@nileco.example,6,30,26955.41,0.00,2022-11-16,,1,onsite,4331
889,بسمة,إسماعيل,basma.ismail889@nileco.example,2,9,37984.44,5.00,2017-06-09,,1,hybrid,2914
890,Hassan,Elshamy,hassan.elshamy890@nileco.example,6,27,5062.27,0.00,2026-03-07,,1,hybrid,3974
891,Yasmin,Youssef,yasmin.youssef891@nileco.example,1,3,25211.17,0.00,2020-05-19,,1,remote,3936
892,أحمد,نجيب,ahmed.naguib892@nileco.example,9,41,12579.13,0.00,2022-01-07,,1,hybrid,3766
893,Adel,Farouk,adel.farouk893@nileco.example,7,33,24235.03,0.00,2019-11-09,,1,onsite,4560
894,Hoda,Saeed,hoda.saeed894@nileco.example,7,33,22542.04,0.00,2023-11-26,,1,onsite,3763
895,Karim,Mahmoud,karim.mahmoud895@nileco.example,6,30,38505.94,0.00,2019-08-22,,1,onsite,
896,Marwan,Ramadan,marwan.ramadan896@nileco.example,6,27,4499.93,0.00,2024-11-05,2025-03-21,0,onsite,3580
897,طارق,رشوان,tarek.rashwan897@nileco.example,5,23,18278.84,0.00,2025-12-15,,1,hybrid,2186
898,Mahmoud,Tawfik,mahmoud.tawfik898@nileco.example,5,23,21761.22,0.00,2021-01-03,,1,hybrid,286
899,أحمد,كمال,ahmed.kamal899@nileco.example,6,29,17835.06,0.00,2021-10-14,,1,hybrid,305
900,Basma,Saeed,basma.saeed900@nileco.example,2,8,20208.50,5.00,2024-09-11,,1,onsite,2152
901,Dalia,Ezzat,dalia.ezzat901@nileco.example,3,12,10232.64,0.00,2025-06-24,2026-02-15,0,onsite,2651
902,Salma,Rashwan,salma.rashwan902@nileco.example,9,42,17737.24,0.00,2024-07-06,,1,onsite,4156
903,Hany,Ismail,hany.ismail903@nileco.example,9,41,8318.98,0.00,2023-09-19,,1,onsite,3993
904,Tamer,Gaber,tamer.gaber904@nileco.example,7,33,17666.47,0.00,2022-05-29,,1,onsite,3527
905,حسين,عزت,hussein.ezzat905@nileco.example,7,32,9830.68,0.00,2026-07-18,,1,onsite,1348
906,Ayman,Fouad,ayman.fouad906@nileco.example,4,17,16394.39,0.00,2023-09-01,,1,onsite,4352
907,Mona,Tawfik,mona.tawfik907@nileco.example,1,1,3690.00,0.00,2026-06-20,,1,onsite,1493
908,Basma,Zaki,basma.zaki908@nileco.example,1,3,17593.47,0.00,2025-01-19,,1,onsite,1154
909,بسمة,السيد,basma.sayed909@nileco.example,9,41,7250.00,0.00,2026-07-19,,1,onsite,1980
910,Karim,Moussa,karim.moussa910@nileco.example,1,3,25357.82,0.00,2019-01-19,,1,onsite,157
911,Ziad,Mansour,ziad.mansour911@nileco.example,3,12,14354.50,0.00,2024-09-09,,1,remote,2844
912,Youssef,Nasser,youssef.nasser912@nileco.example,1,1,6172.76,0.00,2026-02-16,,1,onsite,3365
913,Marwan,Zaki,marwan.zaki913@nileco.example,6,29,21174.88,0.00,2021-04-01,,1,onsite,1501
914,Dalia,Naguib,dalia.naguib914@nileco.example,6,30,29579.58,0.00,2024-07-04,,1,onsite,2638
915,داليا,رشدي,dalia.roushdy915@nileco.example,4,16,12522.27,0.00,2022-04-17,,1,hybrid,2103
916,مصطفى,خليل,mostafa.khalil916@nileco.example,2,10,48910.50,5.00,2022-08-20,,1,onsite,4200
917,Marwan,Selim,marwan.selim917@nileco.example,6,27,7425.84,0.00,2024-07-16,,1,onsite,1668
918,إبراهيم,الشامي,ibrahim.elshamy918@nileco.example,6,28,9981.11,0.00,2023-12-15,,1,onsite,373
919,مصطفى,متولي,mostafa.metwally919@nileco.example,6,28,13747.97,0.00,2022-05-17,,1,hybrid,1871
920,Mariam,Elshamy,mariam.elshamy920@nileco.example,1,1,5466.48,0.00,2026-02-25,,1,hybrid,372
921,Ibrahim,Khalil,ibrahim.khalil921@nileco.example,4,18,28309.23,0.00,2024-09-02,2026-04-08,0,hybrid,193
922,Fatma,Hassan,fatma.hassan922@nileco.example,9,41,8222.63,0.00,2023-06-13,,1,hybrid,1471
923,Sara,Saeed,sara.saeed923@nileco.example,6,30,26371.01,0.00,2020-07-28,,1,hybrid,1892
924,تامر,شوقي,tamer.shawky924@nileco.example,6,27,5524.39,0.00,2024-12-10,,1,onsite,4586
925,Hassan,Sobhy,hassan.sobhy925@nileco.example,2,8,21686.99,5.00,2020-03-06,,1,onsite,461
926,كريم,فتحي,karim.fathy926@nileco.example,1,3,23921.29,0.00,2019-10-09,,1,remote,3199
927,Heba,Ahmed,heba.ahmed927@nileco.example,6,28,9582.05,0.00,2023-09-08,,1,onsite,4942
928,Walid,Hamdy,walid.hamdy928@nileco.example,6,29,19296.22,0.00,2021-02-12,,1,onsite,1875
929,Ahmed,Moussa,ahmed.moussa929@nileco.example,7,33,18443.61,0.00,2025-02-21,,1,hybrid,223
930,عمرو,نجيب,amr.naguib930@nileco.example,1,5,50305.11,0.00,2019-05-10,,1,onsite,3214
931,Michael,Ali,michael.ali931@nileco.example,5,21,5099.38,0.00,2026-02-20,,1,onsite,2062
932,Marwan,Ali,marwan.ali932@nileco.example,7,34,25332.09,0.00,2023-04-14,,1,onsite,855
933,علي,رمضان,ali.ramadan933@nileco.example,1,3,22755.57,0.00,2019-07-27,,1,onsite,1291
934,Michael,Badawy,michael.badawy934@nileco.example,1,3,22703.37,0.00,2019-02-24,,1,onsite,3215
935,تامر,حلمي,tamer.helmy935@nileco.example,1,4,37122.48,0.00,2019-07-20,,1,hybrid,2511
936,Karim,Mansour,karim.mansour936@nileco.example,6,28,9321.34,0.00,2026-07-18,,1,onsite,1698
937,Khaled,Youssef,khaled.youssef937@nileco.example,5,24,29172.35,0.00,2023-11-02,,1,hybrid,1690
938,Wael,Saeed,wael.saeed938@nileco.example,2,7,9696.76,5.00,2024-05-31,,1,onsite,3865
939,Hany,Farouk,hany.farouk939@nileco.example,3,12,10198.70,0.00,2022-02-20,,1,hybrid,1621
940,Ali,Mahmoud,ali.mahmoud940@nileco.example,6,29,21208.08,0.00,2022-06-19,,1,onsite,3539
941,Ziad,Kamal,ziad.kamal941@nileco.example,7,32,8627.87,0.00,2025-10-07,,1,onsite,3227
942,Ahmed,Ezzat,ahmed.ezzat942@nileco.example,6,28,13523.38,0.00,2021-05-11,,1,onsite,4618
943,Noha,Ramadan,noha.ramadan943@nileco.example,2,7,14288.76,5.00,2023-06-29,,1,onsite,838
944,Youssef,Naguib,youssef.naguib944@nileco.example,7,35,57372.99,0.00,2016-04-20,,1,onsite,1892
945,Salma,Moussa,salma.moussa945@nileco.example,1,4,34455.55,0.00,2020-07-31,,1,hybrid,1702
946,شيماء,جابر,shaimaa.gaber946@nileco.example,3,12,9340.35,0.00,2026-02-14,2026-07-08,0,onsite,1371
947,Sherif,Rashwan,sherif.rashwan947@nileco.example,1,3,18730.81,0.00,2025-01-07,,1,onsite,3286
948,Wael,Fathy,wael.fathy948@nileco.example,1,3,21784.39,0.00,2024-09-28,,1,onsite,160
949,Aya,Moussa,aya.moussa949@nileco.example,3,11,6229.31,0.00,2024-08-04,,1,remote,1065
950,Omar,Khalil,omar.khalil950@nileco.example,6,27,5492.72,0.00,2025-07-31,,1,remote,1422
951,وائل,فتحي,wael.fathy951@nileco.example,1,1,4442.95,0.00,2026-04-11,,1,onsite,2036
952,Noha,Sayed,noha.sayed952@nileco.example,3,12,13230.85,0.00,2022-04-02,,1,onsite,1789
953,مريم,فتحي,mariam.fathy953@nileco.example,6,29,21383.22,0.00,2019-05-08,,1,onsite,3847
954,Sherif,Sayed,sherif.sayed954@nileco.example,3,12,7455.63,0.00,2025-04-26,,1,remote,1286
955,وليد,منصور,walid.mansour955@nileco.example,6,29,23131.02,0.00,2019-05-31,,1,onsite,1728
956,Yasmin,Nasser,yasmin.nasser956@nileco.example,1,3,23518.69,0.00,2022-02-19,,1,hybrid,4195
957,علي,نجيب,ali.naguib957@nileco.example,1,3,19823.66,0.00,2021-01-17,,1,remote,2370
958,Aya,Gaber,aya.gaber958@nileco.example,9,43,33772.44,0.00,2018-11-19,,1,hybrid,
959,Nour,Khalil,nour.khalil959@nileco.example,1,3,19739.25,0.00,2023-03-07,,1,onsite,2752
960,أميرة,شوقي,amira.shawky960@nileco.example,6,28,11577.86,0.00,2023-03-27,,1,onsite,4887
961,Sherif,Kamal,sherif.kamal961@nileco.example,8,37,12848.00,0.00,2025-06-09,,1,remote,1293
962,Tamer,Saeed,tamer.saeed962@nileco.example,9,40,7254.02,0.00,2025-10-19,,1,remote,3581
963,Omar,Salem,omar.salem963@nileco.example,6,28,11748.22,0.00,2023-10-12,,1,hybrid,4582
964,أحمد,بدوي,ahmed.badawy964@nileco.example,9,42,20897.90,0.00,2023-11-23,,1,remote,1410
965,Tarek,Tawfik,tarek.tawfik965@nileco.example,2,9,38205.74,5.00,2018-10-31,,1,hybrid,4024
966,ياسمين,الشامي,yasmin.elshamy966@nileco.example,3,14,34097.07,0.00,2020-08-16,,1,onsite,2114
967,Heba,Farouk,heba.farouk967@nileco.example,9,43,41454.47,0.00,2017-10-07,,1,hybrid,4331
968,Adel,Kamal,adel.kamal968@nileco.example,1,4,36548.96,0.00,2018-07-23,,1,onsite,4514
969,Mariam,Ramadan,mariam.ramadan969@nileco.example,1,1,6365.05,0.00,2025-05-31,,1,onsite,2233
970,Sara,Gaber,sara.gaber970@nileco.example,9,43,25551.54,0.00,2024-11-03,,1,onsite,1892
971,Ali,Farouk,ali.farouk971@nileco.example,8,37,9254.06,0.00,2025-09-17,2026-07-03,0,onsite,1526
972,Shaimaa,Khalil,shaimaa.khalil972@nileco.example,1,3,22238.64,0.00,2022-03-27,,1,remote,600
973,Amira,Ramadan,amira.ramadan973@nileco.example,1,5,45278.95,0.00,2022-03-29,2024-08-23,0,onsite,1949
974,داليا,توفيق,dalia.tawfik974@nileco.example,6,28,14181.68,0.00,2021-06-29,,1,onsite,991
975,شيماء,محمود,shaimaa.mahmoud975@nileco.example,1,4,32413.05,0.00,2018-05-17,,1,onsite,3037
976,Karim,Gaber,karim.gaber976@nileco.example,6,29,19730.49,0.00,2025-02-03,,1,onsite,3702
977,Fatma,Farouk,fatma.farouk977@nileco.example,5,22,8342.38,0.00,2024-11-07,,1,onsite,3554
978,Dina,Farouk,dina.farouk978@nileco.example,1,3,21325.86,0.00,2023-01-16,,1,onsite,18
979,Mohamed,Tawfik,mohamed.tawfik979@nileco.example,1,2,10836.98,0.00,2024-03-10,2025-12-04,0,onsite,3669
980,Mariam,Ramadan,mariam.ramadan980@nileco.example,7,33,19766.63,0.00,2025-01-19,,1,onsite,218
981,Mohamed,Ezzat,mohamed.ezzat981@nileco.example,1,4,34148.83,0.00,2020-11-02,,1,onsite,4654
982,Salma,Roushdy,salma.roushdy982@nileco.example,1,3,14293.99,0.00,2024-10-10,,1,onsite,1147
983,عمر,يوسف,omar.youssef983@nileco.example,1,5,42166.18,0.00,2022-07-24,,1,onsite,
984,هبة,خليل,heba.khalil984@nileco.example,2,8,20547.05,5.00,2022-06-18,,1,onsite,1915
985,Mohamed,Nasser,mohamed.nasser985@nileco.example,2,8,26537.76,5.00,2019-06-08,,1,onsite,3382
986,Wael,Ahmed,wael.ahmed986@nileco.example,6,27,6408.28,0.00,2024-02-15,,1,onsite,2866
987,Shaimaa,Elshamy,shaimaa.elshamy987@nileco.example,1,4,31293.70,0.00,2021-07-23,,1,onsite,2951
988,Andrew,Mahmoud,andrew.mahmoud988@nileco.example,9,42,21281.87,0.00,2021-08-31,,1,onsite,519
989,Salma,Gaber,salma.gaber989@nileco.example,1,2,12192.42,0.00,2023-07-27,,1,hybrid,2671
990,Andrew,Ramadan,andrew.ramadan990@nileco.example,6,28,7250.00,0.00,2026-07-12,,1,onsite,3242
991,Basma,Abbas,basma.abbas991@nileco.example,6,29,14828.72,0.00,2025-01-31,,1,hybrid,895
992,Nada,Kamal,nada.kamal992@nileco.example,1,3,17176.69,0.00,2023-04-29,,1,onsite,4729
993,Ali,Kamal,ali.kamal993@nileco.example,6,29,16831.97,0.00,2024-01-27,,1,hybrid,660
994,Youssef,Sayed,youssef.sayed994@nileco.example,3,14,30109.05,0.00,2022-07-17,,1,onsite,2086
995,يوسف,حسن,youssef.hassan995@nileco.example,1,4,33562.26,0.00,2022-04-10,,1,remote,3286
996,مريم,أحمد,mariam.ahmed996@nileco.example,6,28,9482.98,0.00,2025-03-25,,1,hybrid,3749
997,Walid,Nasser,walid.nasser997@nileco.example,5,23,14919.26,0.00,2023-10-09,,1,onsite,2535
998,Laila,Rashwan,laila.rashwan998@nileco.example,1,2,14132.38,0.00,2025-03-03,,1,onsite,3846
999,أحمد,حلمي,ahmed.helmy999@nileco.example,4,18,35078.34,0.00,2018-08-08,,1,onsite,1624
1000,Mostafa,Ali,mostafa.ali1000@nileco.example,2,8,22506.38,5.00,2020-08-13,,1,onsite,4568
1001,Nada,Ahmed,nada.ahmed1001@nileco.example,7,33,19665.60,0.00,2019-09-09,,1,hybrid,4307
1002,حسن,سعيد,hassan.saeed1002@nileco.example,2,8,18026.00,5.00,2023-11-20,,1,remote,512
1003,فاطمة,إسماعيل,fatma.ismail1003@nileco.example,2,7,11043.49,5.00,2026-01-17,,1,remote,2917
1004,رانيا,علي,rania.ali1004@nileco.example,1,2,15579.39,0.00,2021-01-11,,1,hybrid,2776
1005,طارق,عبد العزيز,tarek.abdelaziz1005@nileco.example,2,7,14039.63,5.00,2023-11-25,,1,hybrid,1222
1006,فاطمة,ناصر,fatma.nasser1006@nileco.example,9,41,10829.69,0.00,2025-10-09,,1,onsite,3184
1007,Wael,Ramadan,wael.ramadan1007@nileco.example,9,41,13022.35,0.00,2022-07-10,,1,onsite,2625
1008,Ali,Khalil,ali.khalil1008@nileco.example,4,18,33210.41,0.00,2017-06-07,,1,onsite,3424
1009,كريم,عبد العزيز,karim.abdelaziz1009@nileco.example,3,12,14351.63,0.00,2021-06-16,,1,remote,2239
1010,Mohamed,Hamdy,mohamed.hamdy1010@nileco.example,7,33,22675.39,0.00,2021-02-16,,1,onsite,4309
1011,Sara,Youssef,sara.youssef1011@nileco.example,9,43,31899.98,0.00,2021-09-28,,1,hybrid,2367
1012,علي,إسماعيل,ali.ismail1012@nileco.example,3,13,20169.03,0.00,2024-09-23,,1,onsite,609
1013,Nour,Kamal,nour.kamal1013@nileco.example,1,1,5100.48,0.00,2024-06-28,,1,onsite,4466
1014,Karim,Mahmoud,karim.mahmoud1014@nileco.example,6,28,15800.60,0.00,2021-07-30,,1,remote,1823
1015,Amr,Hassan,amr.hassan1015@nileco.example,3,13,20079.31,0.00,2021-05-06,2023-11-25,0,remote,2212
1016,Nour,Helmy,nour.helmy1016@nileco.example,2,7,12160.55,5.00,2023-01-27,,1,hybrid,1790
1017,Dalia,Shawky,dalia.shawky1017@nileco.example,3,13,20720.67,0.00,2020-01-24,,1,onsite,125
1018,Mariam,Metwally,mariam.metwally1018@nileco.example,5,24,30594.69,0.00,2019-10-20,,1,onsite,4136
1019,Hassan,Abdelaziz,hassan.abdelaziz1019@nileco.example,3,13,18991.15,0.00,2023-10-06,,1,onsite,830
1020,فاطمة,أحمد,fatma.ahmed1020@nileco.example,1,2,15122.98,0.00,2022-04-21,,1,onsite,2852
1021,إبراهيم,شوقي,ibrahim.shawky1021@nileco.example,3,12,12269.11,0.00,2023-04-15,,1,remote,2844
1022,نور,سعيد,nour.saeed1022@nileco.example,1,3,17999.59,0.00,2022-07-17,,1,remote,2278
1023,Mariam,Salem,mariam.salem1023@nileco.example,6,30,33025.40,0.00,2020-03-26,,1,onsite,2638
1024,أحمد,رشدي,ahmed.roushdy1024@nileco.example,3,13,21351.83,0.00,2019-09-15,,1,onsite,1186
1025,خالد,فاروق,khaled.farouk1025@nileco.example,2,9,33119.46,5.00,2020-04-04,,1,onsite,1236
1026,Salma,Roushdy,salma.roushdy1026@nileco.example,7,31,5357.06,0.00,2024-11-10,,1,hybrid,2005
1027,Yasmin,Zaki,yasmin.zaki1027@nileco.example,1,1,6081.08,0.00,2026-06-23,,1,onsite,220
1028,سلمى,يوسف,salma.youssef1028@nileco.example,1,3,21984.84,0.00,2019-02-07,,1,onsite,114
1029,Fatma,Hamdy,fatma.hamdy1029@nileco.example,6,29,19415.83,0.00,2022-07-29,,1,onsite,3721
1030,Nada,Saeed,nada.saeed1030@nileco.example,1,2,9333.65,0.00,2024-02-06,,1,onsite,2423
1031,وائل,خليل,wael.khalil1031@nileco.example,6,30,34054.50,0.00,2020-10-07,,1,onsite,3214
1032,محمد,زكي,mohamed.zaki1032@nileco.example,2,9,29126.98,5.00,2022-10-08,2024-05-31,0,onsite,2293
1033,تامر,موسى,tamer.moussa1033@nileco.example,6,29,22917.73,0.00,2024-05-12,,1,onsite,305
1034,Dina,Helmy,dina.helmy1034@nileco.example,2,8,21343.07,5.00,2023-01-17,,1,remote,4931
1035,سامح,الشامي,sameh.elshamy1035@nileco.example,9,40,5389.03,0.00,2024-04-01,,1,onsite,66
1036,Sara,Metwally,sara.metwally1036@nileco.example,1,1,3690.00,0.00,2026-06-28,,1,remote,18
1037,Basma,Ramadan,basma.ramadan1037@nileco.example,1,3,16740.98,0.00,2025-03-21,,1,hybrid,3385
1038,Farida,Rashwan,farida.rashwan1038@nileco.example,6,28,14386.73,0.00,2021-01-03,,1,onsite,2630
1039,أندرو,محمود,andrew.mahmoud1039@nileco.example,7,32,10744.45,0.00,2023-04-27,,1,onsite,3990
1040,حسين,سالم,hussein.salem1040@nileco.example,1,5,49018.05,0.00,2019-03-18,,1,onsite,
1041,مروان,جابر,marwan.gaber1041@nileco.example,7,34,37822.72,0.00,2019-09-04,,1,hybrid,2424
1042,حسن,حلمي,hassan.helmy1042@nileco.example,6,29,19080.20,0.00,2020-10-03,,1,remote,3410
1043,Yasmin,Ramadan,yasmin.ramadan1043@nileco.example,1,2,11590.04,0.00,2021-03-09,,1,hybrid,1740
1044,Marwan,Badawy,marwan.badawy1044@nileco.example,7,32,9538.02,0.00,2024-07-23,,1,onsite,2738
1045,Mohamed,Sayed,mohamed.sayed1045@nileco.example,3,13,14151.56,0.00,2023-12-03,,1,onsite,361
1046,عادل,بدوي,adel.badawy1046@nileco.example,5,23,19593.58,0.00,2021-01-10,,1,onsite,1266
1047,Wael,Metwally,wael.metwally1047@nileco.example,9,42,21968.04,0.00,2021-10-07,,1,hybrid,1235
1048,هاني,عزت,hany.ezzat1048@nileco.example,1,4,34572.99,0.00,2019-07-31,,1,onsite,3037
1049,Ayman,Salem,ayman.salem1049@nileco.example,7,32,11799.33,0.00,2022-12-24,,1,hybrid,2524
1050,آية,علي,aya.ali1050@nileco.example,5,22,11430.10,0.00,2026-04-05,,1,onsite,3157
1051,فاطمة,حسن,fatma.hassan1051@nileco.example,1,1,4479.47,0.00,2024-11-20,,1,onsite,3139
1052,Aya,Hassan,aya.hassan1052@nileco.example,8,36,7284.16,0.00,2025-06-29,,1,hybrid,513
1053,Tarek,Nasser,tarek.nasser1053@nileco.example,2,10,49234.60,5.00,2017-12-20,,1,remote,341
1054,Ayman,Ramadan,ayman.ramadan1054@nileco.example,2,6,6804.95,5.00,2026-06-09,,1,onsite,2680
1055,Fatma,Rashwan,fatma.rashwan1055@nileco.example,1,2,7250.00,0.00,2026-06-24,,1,remote,65
1056,Karim,Shawky,karim.shawky1056@nileco.example,5,22,12492.72,0.00,2025-05-31,,1,hybrid,937
1057,Hany,Tawfik,hany.tawfik1057@nileco.example,6,29,17419.04,0.00,2021-12-23,,1,hybrid,334
1058,مصطفى,منصور,mostafa.mansour1058@nileco.example,6,30,31271.60,0.00,2021-05-13,,1,onsite,2449
1059,Reem,Moussa,reem.moussa1059@nileco.example,4,16,7250.00,0.00,2026-06-13,,1,onsite,2150
1060,Sherif,Zaki,sherif.zaki1060@nileco.example,2,8,23249.11,5.00,2019-04-24,,1,onsite,2152
1061,Fatma,Mansour,fatma.mansour1061@nileco.example,2,10,51569.93,5.00,2017-06-20,,1,onsite,2649
1062,Mahmoud,Sayed,mahmoud.sayed1062@nileco.example,7,35,41606.95,0.00,2021-05-11,,1,remote,3698
1063,فاطمة,فاروق,fatma.farouk1063@nileco.example,6,29,22316.17,0.00,2022-02-16,,1,remote,2071
1064,Sameh,Selim,sameh.selim1064@nileco.example,5,23,22911.46,0.00,2020-07-26,,1,onsite,2868
1065,Yasmin,Ezzat,yasmin.ezzat1065@nileco.example,3,12,11802.71,0.00,2025-06-17,,1,onsite,676
1066,يوسف,محمود,youssef.mahmoud1066@nileco.example,6,28,12284.17,0.00,2023-01-18,,1,onsite,2663
1067,أميرة,محمود,amira.mahmoud1067@nileco.example,2,8,23380.14,5.00,2020-10-12,,1,onsite,2927
1068,Mahmoud,Mansour,mahmoud.mansour1068@nileco.example,2,8,17212.10,5.00,2024-07-17,,1,remote,4192
1069,Heba,Saeed,heba.saeed1069@nileco.example,6,30,31557.51,0.00,2018-09-12,,1,onsite,3717
1070,حسن,شوقي,hassan.shawky1070@nileco.example,1,3,19414.35,0.00,2025-06-19,,1,onsite,2222
1071,Hoda,Khalil,hoda.khalil1071@nileco.example,6,30,34151.02,0.00,2022-09-17,,1,onsite,3698
1072,عمر,علي,omar.ali1072@nileco.example,6,28,9281.63,0.00,2026-01-14,,1,onsite,3991
1073,Omar,Helmy,omar.helmy1073@nileco.example,1,2,9119.79,0.00,2026-03-01,,1,hybrid,4472
1074,تامر,سعيد,tamer.saeed1074@nileco.example,1,5,46161.89,0.00,2019-09-23,,1,remote,3757
1075,Wael,Fathy,wael.fathy1075@nileco.example,1,2,11711.69,0.00,2026-03-17,,1,onsite,2022
1076,تامر,موسى,tamer.moussa1076@nileco.example,6,28,11323.56,0.00,2022-02-10,,1,onsite,4006
1077,أيمن,خليل,ayman.khalil1077@nileco.example,7,32,7494.28,0.00,2024-11-02,,1,onsite,4065
1078,Shaimaa,Naguib,shaimaa.naguib1078@nileco.example,7,31,8345.30,0.00,2025-09-07,,1,remote,3333
1079,Tarek,Farouk,tarek.farouk1079@nileco.example,2,8,21135.11,5.00,2020-03-13,,1,onsite,3493
1080,Yasmin,Hamdy,yasmin.hamdy1080@nileco.example,2,6,6554.44,5.00,2025-04-27,,1,remote,2296
1081,Hassan,Mansour,hassan.mansour1081@nileco.example,9,41,12795.36,0.00,2021-01-06,,1,remote,45
1082,Shaimaa,Fouad,shaimaa.fouad1082@nileco.example,9,41,8511.68,0.00,2024-10-10,,1,hybrid,3980
1083,علي,حسن,ali.hassan1083@nileco.example,1,1,7114.25,0.00,2024-08-08,2025-10-20,0,remote,3926
1084,Reem,Salem,reem.salem1084@nileco.example,6,29,23169.58,0.00,2021-01-29,,1,remote,1474
1085,Adel,Tawfik,adel.tawfik1085@nileco.example,2,8,24787.52,5.00,2019-10-03,,1,onsite,865
1086,منى,سالم,mona.salem1086@nileco.example,1,3,21102.28,0.00,2023-05-12,,1,remote,3211
1087,أحمد,توفيق,ahmed.tawfik1087@nileco.example,1,4,32459.06,0.00,2017-08-05,,1,onsite,1448
1088,Mariam,Helmy,mariam.helmy1088@nileco.example,5,24,39343.79,0.00,2018-04-23,,1,hybrid,1257
1089,ليلى,كمال,laila.kamal1089@nileco.example,5,23,24014.49,0.00,2019-10-29,,1,hybrid,211
1090,Mostafa,Abbas,mostafa.abbas1090@nileco.example,5,23,18058.23,0.00,2020-04-17,,1,remote,4221
1091,Dalia,Fathy,dalia.fathy1091@nileco.example,7,35,53273.47,0.00,2016-03-15,,1,remote,341
1092,Youssef,Selim,youssef.selim1092@nileco.example,7,33,22817.88,0.00,2021-02-02,,1,onsite,2166
1093,Mostafa,Roushdy,mostafa.roushdy1093@nileco.example,7,32,13034.85,0.00,2022-06-11,,1,hybrid,4725
1094,نهى,الشامي,noha.elshamy1094@nileco.example,6,29,20292.40,0.00,2023-06-29,,1,onsite,3016
1095,حسن,رشوان,hassan.rashwan1095@nileco.example,6,30,35223.07,0.00,2018-11-23,,1,hybrid,
1096,مروان,بدوي,marwan.badawy1096@nileco.example,6,30,33245.54,0.00,2023-09-17,,1,onsite,2086
1097,كريم,زكي,karim.zaki1097@nileco.example,6,29,18409.81,0.00,2025-01-13,,1,onsite,3743
1098,Nour,Rashwan,nour.rashwan1098@nileco.example,6,29,22568.39,0.00,2021-02-17,,1,onsite,1543
1099,Laila,Tawfik,laila.tawfik1099@nileco.example,3,14,24797.04,0.00,2024-12-20,,1,onsite,1378
1100,Amira,Badawy,amira.badawy1100@nileco.example,8,38,21109.40,0.00,2023-10-19,,1,onsite,2361
1101,Ali,Nasser,ali.nasser1101@nileco.example,3,14,37405.23,0.00,2019-09-11,,1,remote,2522
1102,حسين,فؤاد,hussein.fouad1102@nileco.example,1,3,21088.76,0.00,2021-02-12,,1,onsite,3467
1103,Ahmed,Salem,ahmed.salem1103@nileco.example,6,30,29743.37,0.00,2019-04-28,,1,remote,3583
1104,Amira,Ali,amira.ali1104@nileco.example,1,2,9701.66,0.00,2023-01-05,,1,remote,2574
1105,Wael,Rashwan,wael.rashwan1105@nileco.example,7,33,14139.73,0.00,2020-10-26,2022-12-20,0,hybrid,3396
1106,شيماء,جابر,shaimaa.gaber1106@nileco.example,1,3,20414.68,0.00,2022-08-06,,1,hybrid,3675
1107,آية,رشدي,aya.roushdy1107@nileco.example,6,29,16694.73,0.00,2024-12-06,,1,hybrid,2139
1108,Sherif,Selim,sherif.selim1108@nileco.example,1,5,51693.32,0.00,2019-06-08,,1,hybrid,2086
1109,Farida,Ali,farida.ali1109@nileco.example,4,17,14502.28,0.00,2023-05-06,,1,onsite,3979
1110,Karim,Kamal,karim.kamal1110@nileco.example,4,17,18986.19,0.00,2021-12-11,2023-10-17,0,onsite,3014
1111,Reem,Tawfik,reem.tawfik1111@nileco.example,4,18,38293.11,0.00,2020-02-02,,1,onsite,193
1112,Basma,Abdelaziz,basma.abdelaziz1112@nileco.example,1,3,17188.84,0.00,2023-04-19,,1,hybrid,3394
1113,Ali,Ezzat,ali.ezzat1113@nileco.example,2,9,29968.76,5.00,2021-06-09,,1,onsite,4591
1114,Mostafa,Metwally,mostafa.metwally1114@nileco.example,9,41,11004.00,0.00,2025-01-11,,1,hybrid,302
1115,Heba,Metwally,heba.metwally1115@nileco.example,7,35,49638.58,0.00,2017-05-31,,1,onsite,3717
1116,Salma,Sayed,salma.sayed1116@nileco.example,7,33,22189.19,0.00,2022-04-04,2024-04-04,0,onsite,4578
1117,Ziad,Ahmed,ziad.ahmed1117@nileco.example,4,17,18410.13,0.00,2023-01-14,,1,hybrid,4216
1118,Ibrahim,Moussa,ibrahim.moussa1118@nileco.example,1,3,25561.01,0.00,2019-08-02,,1,remote,4750
1119,Youssef,Ismail,youssef.ismail1119@nileco.example,1,3,16329.72,0.00,2024-09-15,,1,remote,4402
1120,Ziad,Sobhy,ziad.sobhy1120@nileco.example,6,30,39790.52,0.00,2022-12-14,,1,onsite,3698
1121,Farida,Hamdy,farida.hamdy1121@nileco.example,9,43,32082.09,0.00,2023-04-03,,1,onsite,2719
1122,Mona,Nasser,mona.nasser1122@nileco.example,3,12,11171.81,0.00,2024-10-02,,1,hybrid,462
1123,Hossam,Sayed,hossam.sayed1123@nileco.example,6,29,13360.00,0.00,2024-07-06,,1,hybrid,3016
1124,Mariam,Gaber,mariam.gaber1124@nileco.example,2,9,34693.58,5.00,2020-01-06,,1,onsite,3497
1125,Farida,Abbas,farida.abbas1125@nileco.example,1,4,32267.38,0.00,2019-06-30,,1,onsite,1108
1126,مصطفى,منصور,mostafa.mansour1126@nileco.example,3,11,4740.94,0.00,2026-03-14,,1,onsite,1186
1127,سارة,رمضان,sara.ramadan1127@nileco.example,1,4,33812.64,0.00,2022-05-28,,1,onsite,4889
1128,أحمد,بدوي,ahmed.badawy1128@nileco.example,6,28,9789.34,0.00,2026-03-25,,1,onsite,1401
1129,Tarek,Nasser,tarek.nasser1129@nileco.example,1,2,11023.38,0.00,2026-01-09,,1,remote,2224
1130,Ali,Kamal,ali.kamal1130@nileco.example,9,41,8817.39,0.00,2026-06-09,,1,hybrid,3451
1131,Tamer,Zaki,tamer.zaki1131@nileco.example,6,29,25743.65,0.00,2019-01-14,,1,remote,92
1132,Farida,Selim,farida.selim1132@nileco.example,2,7,10770.91,5.00,2026-01-08,,1,hybrid,471
1133,Amira,Ramadan,amira.ramadan1133@nileco.example,1,3,19901.77,0.00,2020-01-17,,1,onsite,4559
1134,Hassan,Hassan,hassan.hassan1134@nileco.example,5,23,16049.38,0.00,2025-04-20,2026-04-16,0,onsite,2229
1135,نور,سليم,nour.selim1135@nileco.example,6,29,17874.99,0.00,2025-02-25,,1,onsite,4483
1136,Tarek,Sayed,tarek.sayed1136@nileco.example,2,7,12741.36,5.00,2023-03-08,,1,remote,2314
1137,Tarek,Ahmed,tarek.ahmed1137@nileco.example,4,16,11461.27,0.00,2021-05-09,,1,onsite,4231
1138,Tamer,Metwally,tamer.metwally1138@nileco.example,1,2,12899.99,0.00,2023-06-06,,1,onsite,4238
1139,سلمى,فؤاد,salma.fouad1139@nileco.example,8,38,22954.67,0.00,2020-05-21,,1,hybrid,3420
1140,Ayman,Helmy,ayman.helmy1140@nileco.example,3,11,5409.51,0.00,2024-12-15,2026-05-10,0,remote,2532
1141,Aya,Nasser,aya.nasser1141@nileco.example,2,10,50495.41,5.00,2019-03-04,,1,onsite,2719
1142,Hussein,Nasser,hussein.nasser1142@nileco.example,1,2,12208.23,0.00,2023-03-16,,1,onsite,4099
1143,أميرة,متولي,amira.metwally1143@nileco.example,9,42,20433.25,0.00,2025-10-07,,1,onsite,4708
1144,Farida,Sobhy,farida.sobhy1144@nileco.example,1,3,18967.00,0.00,2023-06-18,,1,hybrid,3079
1145,حسام,الشامي,hossam.elshamy1145@nileco.example,1,4,35398.82,0.00,2022-10-13,,1,remote,2639
1146,بسمة,رشوان,basma.rashwan1146@nileco.example,7,31,6085.89,0.00,2024-10-11,,1,remote,4753
1147,Adel,Badawy,adel.badawy1147@nileco.example,1,5,44549.26,0.00,2018-09-06,,1,onsite,3717
1148,Mona,Fathy,mona.fathy1148@nileco.example,6,29,22306.31,0.00,2021-10-16,,1,hybrid,305
1149,رانيا,يوسف,rania.youssef1149@nileco.example,6,29,20070.02,0.00,2019-05-17,,1,onsite,503
1150,Laila,Moussa,laila.moussa1150@nileco.example,4,16,9681.77,0.00,2022-04-18,,1,onsite,1736
1151,Nour,Ahmed,nour.ahmed1151@nileco.example,2,6,4981.20,5.00,2026-02-05,,1,onsite,2240
1152,Hussein,Ezzat,hussein.ezzat1152@nileco.example,5,23,19664.98,0.00,2021-01-25,,1,onsite,1189
1153,Hoda,Gaber,hoda.gaber1153@nileco.example,2,8,22987.42,5.00,2021-02-12,,1,hybrid,2288
1154,داليا,موسى,dalia.moussa1154@nileco.example,1,4,33055.67,0.00,2019-09-23,,1,hybrid,1956
1155,Salma,Saeed,salma.saeed1155@nileco.example,9,40,3690.00,0.00,2026-03-24,,1,onsite,173
1156,Laila,Farouk,laila.farouk1156@nileco.example,6,28,11782.07,0.00,2022-08-14,,1,onsite,3419
1157,Omar,Helmy,omar.helmy1157@nileco.example,3,13,21849.09,0.00,2023-05-08,,1,onsite,1101
1158,Mohamed,Gaber,mohamed.gaber1158@nileco.example,4,17,24214.63,0.00,2022-01-13,,1,onsite,4331
1159,Tarek,Sayed,tarek.sayed1159@nileco.example,3,11,5182.73,0.00,2025-08-06,,1,remote,2249
1160,محمود,حسن,mahmoud.hassan1160@nileco.example,5,22,11120.26,0.00,2025-02-04,,1,onsite,1867
1161,Adel,Roushdy,adel.roushdy1161@nileco.example,9,43,35043.15,0.00,2019-10-18,,1,hybrid,3717
1162,Amira,Metwally,amira.metwally1162@nileco.example,2,8,20870.26,5.00,2020-06-10,,1,onsite,253
1163,Hany,Ezzat,hany.ezzat1163@nileco.example,5,24,36593.23,0.00,2022-02-09,,1,onsite,3597
1164,نهى,زكي,noha.zaki1164@nileco.example,6,27,5927.50,0.00,2024-01-19,,1,onsite,4623
1165,Youssef,Naguib,youssef.naguib1165@nileco.example,9,42,17514.09,0.00,2023-07-22,,1,onsite,280
1166,Khaled,Abbas,khaled.abbas1166@nileco.example,2,8,17620.01,5.00,2025-01-21,,1,onsite,1878
1167,Noha,Shawky,noha.shawky1167@nileco.example,5,25,43436.67,0.00,2018-10-04,,1,hybrid,3896
1168,Yasmin,Naguib,yasmin.naguib1168@nileco.example,1,2,10636.83,0.00,2021-11-10,,1,onsite,1546
1169,نور,عبد العزيز,nour.abdelaziz1169@nileco.example,8,38,23348.88,0.00,2020-06-23,,1,onsite,4485
1170,Rania,Ahmed,rania.ahmed1170@nileco.example,7,34,34413.45,0.00,2017-03-27,,1,hybrid,1091
1171,Hussein,Fouad,hussein.fouad1171@nileco.example,9,42,17006.05,0.00,2025-07-17,,1,onsite,280
1172,Shaimaa,Ezzat,shaimaa.ezzat1172@nileco.example,9,42,16575.99,0.00,2025-10-23,,1,hybrid,970
1173,Andrew,Abbas,andrew.abbas1173@nileco.example,8,37,12324.57,0.00,2025-10-16,,1,onsite,4604
1174,Ibrahim,Nasser,ibrahim.nasser1174@nileco.example,7,32,7250.00,0.00,2026-02-15,,1,onsite,2846
1175,Michael,Abbas,michael.abbas1175@nileco.example,2,10,48678.94,5.00,2020-09-01,2023-09-10,0,remote,1378
1176,Mona,Saeed,mona.saeed1176@nileco.example,7,32,12096.10,0.00,2021-08-20,,1,remote,4104
1177,Ahmed,Ezzat,ahmed.ezzat1177@nileco.example,1,3,19313.32,0.00,2020-12-11,,1,onsite,2370
1178,Ahmed,Ezzat,ahmed.ezzat1178@nileco.example,5,22,10317.75,0.00,2024-06-16,2026-02-24,0,remote,2811
1179,Shaimaa,Helmy,shaimaa.helmy1179@nileco.example,1,2,12133.92,0.00,2022-10-06,,1,onsite,3640
1180,Mona,Tawfik,mona.tawfik1180@nileco.example,1,2,10374.43,0.00,2023-11-20,,1,onsite,1118
1181,منى,إسماعيل,mona.ismail1181@nileco.example,6,29,16924.83,0.00,2025-12-12,,1,onsite,2141
1182,طارق,فتحي,tarek.fathy1182@nileco.example,2,10,51745.61,5.00,2021-07-27,,1,hybrid,4477
1183,Hany,Mansour,hany.mansour1183@nileco.example,5,23,23574.20,0.00,2023-01-02,,1,onsite,2360
1184,Nada,Mansour,nada.mansour1184@nileco.example,9,41,8277.47,0.00,2022-09-30,,1,remote,3234
1185,Adel,Sobhy,adel.sobhy1185@nileco.example,4,17,17728.35,0.00,2024-10-15,2026-05-19,0,onsite,3429
1186,Wael,Mahmoud,wael.mahmoud1186@nileco.example,3,14,39096.95,0.00,2018-11-10,,1,hybrid,4200
1187,رانيا,ناصر,rania.nasser1187@nileco.example,6,30,39104.43,0.00,2019-10-10,,1,remote,2367
1188,Omar,Badawy,omar.badawy1188@nileco.example,4,16,10175.68,0.00,2024-03-28,,1,remote,2047
1189,Adel,Hamdy,adel.hamdy1189@nileco.example,5,24,36638.58,0.00,2018-07-01,,1,onsite,4068
1190,Aya,Badawy,aya.badawy1190@nileco.example,9,40,5644.65,0.00,2024-02-05,,1,onsite,922
1191,Aya,Elshamy,aya.elshamy1191@nileco.example,6,28,10113.85,0.00,2026-03-18,,1,onsite,2500
1192,أميرة,موسى,amira.moussa1192@nileco.example,7,34,32043.17,0.00,2020-08-19,,1,onsite,1520
1193,ريم,منصور,reem.mansour1193@nileco.example,1,2,8954.26,0.00,2022-08-19,2024-01-26,0,hybrid,2438
1194,Hussein,Shawky,hussein.shawky1194@nileco.example,7,33,21697.45,0.00,2023-06-28,,1,remote,3456
1195,بسمة,توفيق,basma.tawfik1195@nileco.example,1,1,4624.06,0.00,2026-07-15,,1,remote,1718
1196,Hassan,Kamal,hassan.kamal1196@nileco.example,6,28,11854.21,0.00,2022-01-28,,1,onsite,1135
1197,Walid,Nasser,walid.nasser1197@nileco.example,6,28,12763.48,0.00,2026-05-13,,1,onsite,3329
1198,حسن,بدوي,hassan.badawy1198@nileco.example,7,31,5185.50,0.00,2026-04-10,,1,onsite,3601
1199,دينا,بدوي,dina.badawy1199@nileco.example,9,42,19296.70,0.00,2023-05-05,,1,onsite,967
1200,شريف,سعيد,sherif.saeed1200@nileco.example,6,28,10243.36,0.00,2026-01-11,,1,onsite,1986
1201,Hussein,Metwally,hussein.metwally1201@nileco.example,6,28,13344.86,0.00,2021-01-11,,1,onsite,3400
1202,Sara,Youssef,sara.youssef1202@nileco.example,2,8,20598.72,5.00,2025-10-28,,1,onsite,3425
1203,Fatma,Nasser,fatma.nasser1203@nileco.example,4,16,13338.07,0.00,2022-05-06,,1,hybrid,2740
1204,Heba,Shawky,heba.shawky1204@nileco.example,5,23,19526.30,0.00,2025-12-12,,1,hybrid,833
1205,Amr,Fouad,amr.fouad1205@nileco.example,8,36,5572.52,0.00,2024-02-22,2026-01-24,0,onsite,1908
1206,فريدة,فؤاد,farida.fouad1206@nileco.example,3,12,12639.45,0.00,2024-02-05,,1,onsite,1720
1207,سلمى,أحمد,salma.ahmed1207@nileco.example,2,9,39498.84,5.00,2017-08-14,,1,hybrid,3625
1208,Hassan,Ismail,hassan.ismail1208@nileco.example,1,4,37476.15,0.00,2020-05-04,,1,onsite,3199
1209,Nada,Youssef,nada.youssef1209@nileco.example,6,29,18605.60,0.00,2023-08-08,,1,onsite,1230
1210,Walid,Elshamy,walid.elshamy1210@nileco.example,2,8,13481.82,5.00,2024-02-05,,1,remote,248
1211,Tarek,Hamdy,tarek.hamdy1211@nileco.example,6,28,12666.25,0.00,2022-02-26,,1,onsite,2301
1212,Ahmed,Naguib,ahmed.naguib1212@nileco.example,6,29,17748.94,0.00,2023-03-05,,1,remote,1729
1213,هبة,السيد,heba.sayed1213@nileco.example,1,3,22798.05,0.00,2020-06-19,,1,onsite,4569
1214,Walid,Zaki,walid.zaki1214@nileco.example,7,33,16721.04,0.00,2024-12-06,,1,hybrid,3527
1215,Fatma,Abdelaziz,fatma.abdelaziz1215@nileco.example,1,1,6660.09,0.00,2025-12-31,,1,hybrid,446
1216,Mariam,Ali,mariam.ali1216@nileco.example,1,3,27891.12,0.00,2019-08-31,,1,onsite,524
1217,Omar,Moussa,omar.moussa1217@nileco.example,1,3,20343.32,0.00,2020-02-26,,1,onsite,2789
1218,Mohamed,Elshamy,mohamed.elshamy1218@nileco.example,6,28,9655.95,0.00,2024-01-09,,1,onsite,4749
1219,Reem,Mansour,reem.mansour1219@nileco.example,7,31,5891.19,0.00,2024-03-14,,1,onsite,2551
1220,Dina,Kamal,dina.kamal1220@nileco.example,1,3,14996.34,0.00,2025-12-03,,1,hybrid,3211
1221,Sherif,Mahmoud,sherif.mahmoud1221@nileco.example,1,2,14708.55,0.00,2021-11-26,,1,onsite,346
1222,مصطفى,محمود,mostafa.mahmoud1222@nileco.example,2,8,17003.02,5.00,2023-01-19,,1,onsite,3057
1223,Aya,Ramadan,aya.ramadan1223@nileco.example,6,28,11489.08,0.00,2025-03-22,2026-07-05,0,onsite,184
1224,آية,منصور,aya.mansour1224@nileco.example,7,35,49521.46,0.00,2019-03-06,,1,onsite,2367
1225,Nour,Selim,nour.selim1225@nileco.example,5,23,19366.50,0.00,2023-05-04,,1,onsite,60
1226,Farida,Rashwan,farida.rashwan1226@nileco.example,5,22,13205.01,0.00,2021-03-31,,1,onsite,4759
1227,كريم,سالم,karim.salem1227@nileco.example,9,42,23332.87,0.00,2019-06-28,,1,onsite,718
1228,Aya,Ali,aya.ali1228@nileco.example,1,3,17155.82,0.00,2024-04-24,,1,hybrid,4417
1229,عادل,فؤاد,adel.fouad1229@nileco.example,1,5,59957.76,0.00,2017-08-30,,1,hybrid,3717
1230,زياد,بدوي,ziad.badawy1230@nileco.example,6,30,36191.87,0.00,2018-08-16,,1,hybrid,3698
1231,Aya,Salem,aya.salem1231@nileco.example,6,29,21349.45,0.00,2019-10-16,,1,onsite,1095
1232,Ayman,Ahmed,ayman.ahmed1232@nileco.example,4,15,3690.00,0.00,2025-08-24,,1,hybrid,282
1233,Salma,Nasser,salma.nasser1233@nileco.example,6,29,18468.38,0.00,2023-07-29,,1,onsite,1355
1234,Mostafa,Elshamy,mostafa.elshamy1234@nileco.example,2,9,31555.08,5.00,2024-07-03,2026-05-10,0,hybrid,3505
1235,Dalia,Youssef,dalia.youssef1235@nileco.example,9,43,37645.94,0.00,2017-06-15,,1,hybrid,
1236,سلمى,السيد,salma.sayed1236@nileco.example,2,10,46857.32,5.00,2022-07-21,,1,onsite,2638
1237,Tarek,Helmy,tarek.helmy1237@nileco.example,1,4,36131.55,0.00,2022-05-06,,1,hybrid,783
1238,Nada,Youssef,nada.youssef1238@nileco.example,9,42,20378.74,0.00,2022-09-07,2026-04-01,0,onsite,3366
1239,Ibrahim,Zaki,ibrahim.zaki1239@nileco.example,2,8,17286.80,5.00,2025-02-18,,1,onsite,4061
1240,مايكل,نجيب,michael.naguib1240@nileco.example,3,13,17743.98,0.00,2025-06-25,,1,onsite,1541
1241,Noha,Fouad,noha.fouad1241@nileco.example,8,38,20557.71,0.00,2025-08-12,,1,onsite,2247
1242,Tamer,Mansour,tamer.mansour1242@nileco.example,1,3,23602.80,0.00,2020-10-08,,1,onsite,4824
1243,تامر,حمدي,tamer.hamdy1243@nileco.example,2,8,17164.19,5.00,2021-07-12,,1,onsite,367
1244,Nada,Ahmed,nada.ahmed1244@nileco.example,2,8,21024.90,5.00,2021-01-30,,1,onsite,865
1245,Yasmin,Naguib,yasmin.naguib1245@nileco.example,7,31,5838.80,0.00,2026-06-11,,1,onsite,4262
1246,Ahmed,Rashwan,ahmed.rashwan1246@nileco.example,6,28,12417.04,0.00,2024-07-31,2025-06-06,0,hybrid,1531
1247,Farida,Mansour,farida.mansour1247@nileco.example,1,3,26341.13,0.00,2022-08-10,,1,onsite,2826
1248,Shaimaa,Roushdy,shaimaa.roushdy1248@nileco.example,6,29,19679.43,0.00,2019-10-08,,1,onsite,4583
1249,Nada,Sobhy,nada.sobhy1249@nileco.example,2,10,48007.70,5.00,2016-08-09,,1,onsite,4532
1250,Mohamed,Ismail,mohamed.ismail1250@nileco.example,5,22,11804.62,0.00,2022-12-10,,1,hybrid,4932
1251,Hussein,Rashwan,hussein.rashwan1251@nileco.example,9,42,23546.82,0.00,2019-04-07,,1,remote,1011
1252,منى,سالم,mona.salem1252@nileco.example,2,7,15147.41,5.00,2021-04-24,,1,hybrid,1796
1253,Ibrahim,Metwally,ibrahim.metwally1253@nileco.example,2,8,19340.51,5.00,2025-11-24,,1,hybrid,1113
1254,نور,فؤاد,nour.fouad1254@nileco.example,5,23,25828.68,0.00,2019-02-28,,1,hybrid,4810
1255,Ahmed,Hamdy,ahmed.hamdy1255@nileco.example,2,10,52988.05,5.00,2017-05-15,,1,hybrid,2649
1256,Adel,Farouk,adel.farouk1256@nileco.example,5,24,40281.22,0.00,2017-05-23,,1,hybrid,769
1257,Heba,Ali,heba.ali1257@nileco.example,5,25,59603.18,0.00,2017-12-17,,1,remote,4200
1258,Sameh,Zaki,sameh.zaki1258@nileco.example,1,3,17371.17,0.00,2020-02-22,2020-08-07,0,onsite,1457
1259,Sherif,Roushdy,sherif.roushdy1259@nileco.example,2,6,5354.03,5.00,2025-12-17,,1,onsite,745
1260,Hany,Shawky,hany.shawky1260@nileco.example,1,2,13174.86,0.00,2022-10-19,,1,onsite,3279
1261,Ziad,Mahmoud,ziad.mahmoud1261@nileco.example,1,5,55245.77,0.00,2018-09-25,,1,onsite,3214
1262,Amira,Metwally,amira.metwally1262@nileco.example,7,34,31518.26,0.00,2024-10-30,,1,onsite,2872
1263,طارق,عبد العزيز,tarek.abdelaziz1263@nileco.example,1,1,5104.88,0.00,2025-12-16,,1,onsite,2937
1264,Youssef,Fathy,youssef.fathy1264@nileco.example,6,27,3825.21,0.00,2026-07-20,,1,hybrid,4687
1265,Nour,Salem,nour.salem1265@nileco.example,9,42,18605.84,0.00,2021-12-01,,1,onsite,4080
1266,Mahmoud,Ali,mahmoud.ali1266@nileco.example,5,24,39005.80,0.00,2017-05-11,,1,onsite,3698
1267,Adel,Fathy,adel.fathy1267@nileco.example,1,5,53163.26,0.00,2021-02-11,,1,onsite,3214
1268,Marwan,Naguib,marwan.naguib1268@nileco.example,9,42,22844.06,0.00,2020-01-13,,1,hybrid,1783
1269,مصطفى,رشدي,mostafa.roushdy1269@nileco.example,5,22,14068.06,0.00,2022-04-27,,1,onsite,2303
1270,Sherif,Saeed,sherif.saeed1270@nileco.example,3,14,28648.51,0.00,2024-02-03,,1,onsite,2719
1271,Ali,Moussa,ali.moussa1271@nileco.example,6,29,15583.15,0.00,2025-12-09,,1,onsite,4450
1272,Sameh,Rashwan,sameh.rashwan1272@nileco.example,3,13,17187.38,0.00,2025-07-07,,1,onsite,3260
1273,Ziad,Zaki,ziad.zaki1273@nileco.example,9,42,21458.56,0.00,2023-01-03,,1,onsite,970
1274,مايكل,خليل,michael.khalil1274@nileco.example,5,24,32490.58,0.00,2024-01-13,,1,remote,4813
1275,Sara,Selim,sara.selim1275@nileco.example,7,33,14981.17,0.00,2025-08-17,,1,onsite,2723
1276,هدى,زكي,hoda.zaki1276@nileco.example,1,3,17433.02,0.00,2024-10-27,,1,onsite,4082
1277,هبة,رشدي,heba.roushdy1277@nileco.example,6,30,44529.12,0.00,2018-03-08,,1,onsite,1949
1278,مايكل,جابر,michael.gaber1278@nileco.example,1,3,21951.98,0.00,2021-11-10,,1,remote,1290
1279,Yasmin,Moussa,yasmin.moussa1279@nileco.example,2,10,51028.31,5.00,2018-03-27,,1,hybrid,3214
1280,Nada,Naguib,nada.naguib1280@nileco.example,3,14,32421.66,0.00,2023-02-23,,1,remote,3583
1281,Karim,Zaki,karim.zaki1281@nileco.example,7,32,9224.56,0.00,2025-04-11,,1,onsite,629
1282,Reem,Rashwan,reem.rashwan1282@nileco.example,2,8,17143.81,5.00,2023-07-07,,1,onsite,3860
1283,أحمد,نجيب,ahmed.naguib1283@nileco.example,2,6,5067.49,5.00,2025-12-30,,1,onsite,452
1284,Sameh,Youssef,sameh.youssef1284@nileco.example,1,2,9552.54,0.00,2022-03-14,2025-06-05,0,remote,2174
1285,Basma,Moussa,basma.moussa1285@nileco.example,6,30,26723.72,0.00,2023-12-31,,1,remote,
1286,ياسمين,موسى,yasmin.moussa1286@nileco.example,3,13,20005.12,0.00,2021-10-15,,1,remote,61
1287,Dina,Fouad,dina.fouad1287@nileco.example,9,43,30363.42,0.00,2022-12-08,2026-07-04,0,onsite,3214
1288,Youssef,Mahmoud,youssef.mahmoud1288@nileco.example,2,8,18236.28,5.00,2021-09-02,,1,hybrid,2635
1289,Khaled,Moussa,khaled.moussa1289@nileco.example,6,30,29666.78,0.00,2021-10-18,,1,onsite,2649
1290,Heba,Shawky,heba.shawky1290@nileco.example,1,4,30331.61,0.00,2020-11-21,,1,hybrid,1956
1291,شيماء,حمدي,shaimaa.hamdy1291@nileco.example,1,4,38126.54,0.00,2019-04-05,,1,onsite,1324
1292,Hoda,Mahmoud,hoda.mahmoud1292@nileco.example,6,27,5451.79,0.00,2024-09-08,,1,onsite,3916
1293,خالد,جابر,khaled.gaber1293@nileco.example,8,38,19823.64,0.00,2024-01-28,,1,onsite,4485
1294,Fatma,Elshamy,fatma.elshamy1294@nileco.example,6,29,21559.88,0.00,2020-11-04,,1,remote,1913
1295,كريم,نجيب,karim.naguib1295@nileco.example,5,24,31888.94,0.00,2022-10-24,,1,onsite,1423
1296,Ziad,Elshamy,ziad.elshamy1296@nileco.example,1,4,40112.23,0.00,2017-12-30,,1,onsite,2951
1297,Sameh,Fathy,sameh.fathy1297@nileco.example,6,29,16185.07,0.00,2025-10-27,,1,onsite,914
1298,حسام,رمضان,hossam.ramadan1298@nileco.example,1,3,20881.62,0.00,2020-03-02,,1,onsite,4631
1299,Khaled,Rashwan,khaled.rashwan1299@nileco.example,3,12,7841.09,0.00,2024-12-27,,1,remote,1685
1300,Nour,Ali,nour.ali1300@nileco.example,8,38,16324.59,0.00,2024-10-06,,1,hybrid,4445
1301,حسين,حمدي,hussein.hamdy1301@nileco.example,9,42,13365.86,0.00,2025-05-18,2025-09-19,0,hybrid,3526
1302,يوسف,حسن,youssef.hassan1302@nileco.example,6,28,12800.57,0.00,2023-05-05,,1,onsite,2712
1303,Nour,Youssef,nour.youssef1303@nileco.example,6,29,23587.71,0.00,2020-01-02,,1,onsite,92
1304,Adel,Ali,adel.ali1304@nileco.example,1,5,44322.13,0.00,2017-10-07,2020-08-12,0,onsite,3896
1305,وليد,توفيق,walid.tawfik1305@nileco.example,6,29,16134.02,0.00,2022-10-02,2023-09-18,0,onsite,4155
1306,Mahmoud,Helmy,mahmoud.helmy1306@nileco.example,9,42,16411.13,0.00,2024-02-27,,1,hybrid,2466
1307,Youssef,Selim,youssef.selim1307@nileco.example,6,27,6956.12,0.00,2024-01-03,,1,onsite,4927
1308,Ziad,Gaber,ziad.gaber1308@nileco.example,4,15,4002.76,0.00,2025-12-18,,1,onsite,2408
1309,منى,حلمي,mona.helmy1309@nileco.example,5,23,25253.30,0.00,2020-07-21,,1,hybrid,1319
1310,مايكل,السيد,michael.sayed1310@nileco.example,1,4,28259.11,0.00,2024-08-04,,1,onsite,3212
1311,Hussein,Ramadan,hussein.ramadan1311@nileco.example,1,4,33192.06,0.00,2024-01-31,,1,hybrid,654
1312,Sherif,Youssef,sherif.youssef1312@nileco.example,6,30,31088.73,0.00,2020-01-07,,1,hybrid,3698
1313,Hossam,Badawy,hossam.badawy1313@nileco.example,4,18,33535.00,0.00,2022-04-09,,1,onsite,4430
1314,سارة,زكي,sara.zaki1314@nileco.example,6,30,30135.19,0.00,2020-08-27,,1,hybrid,341
1315,هاني,حمدي,hany.hamdy1315@nileco.example,6,29,25450.29,0.00,2019-05-25,,1,onsite,1628
1316,هدى,سليم,hoda.selim1316@nileco.example,6,29,18266.44,0.00,2020-06-29,,1,onsite,1900
1317,سامح,فؤاد,sameh.fouad1317@nileco.example,3,13,16666.85,0.00,2022-05-30,,1,hybrid,3031
1318,Laila,Farouk,laila.farouk1318@nileco.example,5,23,16835.08,0.00,2022-05-03,,1,hybrid,3896
1319,Tamer,Farouk,tamer.farouk1319@nileco.example,5,24,31682.86,0.00,2019-02-06,,1,onsite,3269
1320,Sameh,Hamdy,sameh.hamdy1320@nileco.example,2,9,27755.45,5.00,2022-02-17,2023-02-22,0,onsite,4591
1321,تامر,نجيب,tamer.naguib1321@nileco.example,7,34,33721.56,0.00,2018-08-01,2022-01-18,0,hybrid,347
1322,Ziad,Farouk,ziad.farouk1322@nileco.example,6,29,25541.26,0.00,2020-12-14,,1,onsite,109
1323,أميرة,حلمي,amira.helmy1323@nileco.example,1,5,51609.45,0.00,2019-06-05,,1,hybrid,3896
1324,Mohamed,Tawfik,mohamed.tawfik1324@nileco.example,1,5,48458.26,0.00,2021-11-07,,1,onsite,3698
1325,Salma,Naguib,salma.naguib1325@nileco.example,2,10,51118.47,5.00,2017-11-21,,1,onsite,1949
1326,Nour,Badawy,nour.badawy1326@nileco.example,7,34,38498.68,0.00,2017-08-23,,1,hybrid,855
1327,مايكل,توفيق,michael.tawfik1327@nileco.example,2,9,28224.05,5.00,2022-04-08,2024-06-20,0,hybrid,1236
1328,أحمد,زكي,ahmed.zaki1328@nileco.example,6,29,18379.60,0.00,2020-12-20,,1,hybrid,2071
1329,سلمى,متولي,salma.metwally1329@nileco.example,2,7,12807.72,5.00,2022-06-20,,1,hybrid,1339
1330,Ayman,Ali,ayman.ali1330@nileco.example,7,33,15468.58,0.00,2021-11-01,2022-12-28,0,hybrid,613
1331,فاطمة,أحمد,fatma.ahmed1331@nileco.example,6,29,18239.31,0.00,2023-10-25,,1,hybrid,3120
1332,Ali,Ali,ali.ali1332@nileco.example,7,31,6913.30,0.00,2024-01-30,,1,onsite,3613
1333,زياد,عزت,ziad.ezzat1333@nileco.example,6,28,12942.95,0.00,2021-04-10,,1,hybrid,991
1334,Walid,Ali,walid.ali1334@nileco.example,1,2,10839.34,0.00,2025-04-13,,1,onsite,1898
1335,Hassan,Saeed,hassan.saeed1335@nileco.example,5,22,12413.79,0.00,2024-02-23,,1,onsite,84
1336,Karim,Abdelaziz,karim.abdelaziz1336@nileco.example,3,11,5149.90,0.00,2026-01-20,,1,onsite,2513
1337,علي,سالم,ali.salem1337@nileco.example,6,29,16889.04,0.00,2021-07-07,,1,hybrid,1608
1338,Yasmin,Kamal,yasmin.kamal1338@nileco.example,8,37,9888.87,0.00,2024-11-14,2026-02-13,0,hybrid,300
1339,Sherif,Farouk,sherif.farouk1339@nileco.example,2,8,19553.47,5.00,2025-01-26,,1,onsite,4878
1340,Nour,Roushdy,nour.roushdy1340@nileco.example,2,8,17451.40,5.00,2024-08-13,,1,hybrid,461
1341,Ziad,Fouad,ziad.fouad1341@nileco.example,2,7,10296.24,5.00,2024-07-01,,1,hybrid,1222
1342,Marwan,Moussa,marwan.moussa1342@nileco.example,2,7,12943.43,5.00,2023-03-04,,1,hybrid,1061
1343,Laila,Moussa,laila.moussa1343@nileco.example,1,4,33620.41,0.00,2021-02-04,,1,onsite,722
1344,هبة,السيد,heba.sayed1344@nileco.example,6,29,21389.96,0.00,2022-01-15,2024-06-10,0,remote,4470
1345,Laila,Tawfik,laila.tawfik1345@nileco.example,4,17,20019.21,0.00,2023-08-13,,1,remote,2530
1346,Wael,Nasser,wael.nasser1346@nileco.example,9,41,10182.58,0.00,2025-09-16,,1,hybrid,3376
1347,رانيا,يوسف,rania.youssef1347@nileco.example,9,42,18765.74,0.00,2022-03-05,,1,remote,1121
1348,Khaled,Mansour,khaled.mansour1348@nileco.example,7,35,49117.27,0.00,2017-06-17,,1,onsite,4200
1349,Hassan,Helmy,hassan.helmy1349@nileco.example,3,11,5864.80,0.00,2024-05-11,,1,remote,14
1350,Tarek,Gaber,tarek.gaber1350@nileco.example,5,23,18310.84,0.00,2025-09-24,,1,hybrid,3170
1351,Walid,Ezzat,walid.ezzat1351@nileco.example,6,29,17368.41,0.00,2020-07-07,2023-12-10,0,hybrid,246
1352,Sherif,Ismail,sherif.ismail1352@nileco.example,6,30,33288.22,0.00,2021-02-05,,1,remote,2086
1353,Andrew,Ezzat,andrew.ezzat1353@nileco.example,7,35,50715.16,0.00,2017-03-06,,1,onsite,
1354,Mona,Gaber,mona.gaber1354@nileco.example,5,24,36282.43,0.00,2018-03-02,,1,onsite,4176
1355,Tarek,Elshamy,tarek.elshamy1355@nileco.example,6,30,33202.27,0.00,2023-08-04,,1,onsite,2649
1356,Hussein,Tawfik,hussein.tawfik1356@nileco.example,1,3,17563.75,0.00,2025-04-12,,1,onsite,1522
1357,Walid,Salem,walid.salem1357@nileco.example,9,42,18706.59,0.00,2024-12-24,,1,onsite,3370
1358,Ibrahim,Ramadan,ibrahim.ramadan1358@nileco.example,6,28,7999.12,0.00,2023-07-30,,1,onsite,2489
1359,Youssef,Salem,youssef.salem1359@nileco.example,8,37,11000.53,0.00,2021-05-27,,1,onsite,1293
1360,Tarek,Elshamy,tarek.elshamy1360@nileco.example,1,3,18423.00,0.00,2020-11-14,2022-09-05,0,onsite,1419
1361,Khaled,Sayed,khaled.sayed1361@nileco.example,3,12,10173.13,0.00,2026-04-23,,1,remote,3031
1362,Aya,Nasser,aya.nasser1362@nileco.example,3,13,21785.16,0.00,2019-02-12,,1,hybrid,4800
1363,هاني,سالم,hany.salem1363@nileco.example,6,29,18928.88,0.00,2023-11-19,,1,onsite,4483
1364,مصطفى,جابر,mostafa.gaber1364@nileco.example,4,17,17629.53,0.00,2022-07-20,,1,onsite,455
1365,Aya,Youssef,aya.youssef1365@nileco.example,7,32,11251.13,0.00,2022-01-21,,1,onsite,3650
1366,Reem,Ali,reem.ali1366@nileco.example,5,21,5108.36,0.00,2024-01-08,2024-06-25,0,onsite,1569
1367,Mahmoud,Sobhy,mahmoud.sobhy1367@nileco.example,7,33,17989.08,0.00,2024-06-10,,1,onsite,2570
1368,Ali,Hassan,ali.hassan1368@nileco.example,6,29,17341.53,0.00,2024-09-28,,1,onsite,3016
1369,Heba,Roushdy,heba.roushdy1369@nileco.example,3,13,15933.07,0.00,2025-07-23,,1,onsite,682
1370,Mahmoud,Gaber,mahmoud.gaber1370@nileco.example,1,4,39946.30,0.00,2017-07-12,,1,onsite,360
1371,Wael,Saeed,wael.saeed1371@nileco.example,3,13,20455.02,0.00,2024-06-18,,1,hybrid,4722
1372,Mona,Hassan,mona.hassan1372@nileco.example,5,23,20980.17,0.00,2020-01-05,,1,onsite,2535
1373,Laila,Abbas,laila.abbas1373@nileco.example,3,14,36767.21,0.00,2018-05-11,,1,hybrid,1949
1374,سلمى,نجيب,salma.naguib1374@nileco.example,6,29,21587.43,0.00,2020-11-15,,1,hybrid,4764
1375,Youssef,Youssef,youssef.youssef1375@nileco.example,1,5,52185.75,0.00,2018-05-23,,1,onsite,4331
1376,نهى,كمال,noha.kamal1376@nileco.example,7,32,9056.85,0.00,2024-01-16,,1,hybrid,929
1377,Youssef,Ali,youssef.ali1377@nileco.example,3,13,16315.62,0.00,2023-02-10,2024-01-28,0,onsite,394
1378,Aya,Ali,aya.ali1378@nileco.example,5,26,80761.40,0.00,2016-10-20,,1,hybrid,
1379,Dalia,Youssef,dalia.youssef1379@nileco.example,6,30,36284.00,0.00,2019-02-15,,1,onsite,2719
1380,Hany,Shawky,hany.shawky1380@nileco.example,7,32,14125.13,0.00,2024-02-12,,1,hybrid,3478
1381,Nada,Selim,nada.selim1381@nileco.example,4,16,10870.80,0.00,2024-09-18,,1,onsite,2184
1382,Basma,Elshamy,basma.elshamy1382@nileco.example,2,8,21449.08,5.00,2021-09-01,,1,onsite,2334
1383,أيمن,منصور,ayman.mansour1383@nileco.example,7,33,23118.81,0.00,2023-04-20,,1,onsite,944
1384,Nour,Khalil,nour.khalil1384@nileco.example,7,33,18700.74,0.00,2021-07-24,2025-01-09,0,hybrid,379
1385,Hussein,Ismail,hussein.ismail1385@nileco.example,1,3,14333.09,0.00,2023-12-19,2026-07-28,0,hybrid,1127
1386,Fatma,Nasser,fatma.nasser1386@nileco.example,5,21,5371.69,0.00,2025-02-25,,1,remote,4772
1387,نهى,سالم,noha.salem1387@nileco.example,9,40,6497.41,0.00,2025-09-01,,1,hybrid,2601
1388,Karim,Metwally,karim.metwally1388@nileco.example,3,12,8604.71,0.00,2026-07-05,,1,onsite,1460
1389,Rania,Naguib,rania.naguib1389@nileco.example,7,32,9975.96,0.00,2026-02-07,,1,remote,804
1390,نور,سالم,nour.salem1390@nileco.example,6,29,18642.85,0.00,2023-11-05,,1,hybrid,1628
1391,Karim,Ismail,karim.ismail1391@nileco.example,6,28,10605.04,0.00,2025-04-23,,1,onsite,2009
1392,Basma,Ali,basma.ali1392@nileco.example,1,4,30722.56,0.00,2022-06-24,,1,onsite,3540
1393,Amr,Selim,amr.selim1393@nileco.example,9,42,19694.20,0.00,2024-09-02,,1,hybrid,3867
1394,Wael,Sobhy,wael.sobhy1394@nileco.example,6,30,37855.13,0.00,2018-12-31,,1,onsite,4200
1395,Ali,Elshamy,ali.elshamy1395@nileco.example,8,37,10479.30,0.00,2024-12-21,,1,onsite,3420
1396,ياسمين,فاروق,yasmin.farouk1396@nileco.example,6,29,17549.64,0.00,2024-06-01,,1,onsite,1577
1397,Reem,Youssef,reem.youssef1397@nileco.example,2,7,11742.02,5.00,2024-02-01,2026-04-08,0,hybrid,3228
1398,Rania,Abdelaziz,rania.abdelaziz1398@nileco.example,1,5,52767.24,0.00,2018-07-02,,1,onsite,3583
1399,Ziad,Helmy,ziad.helmy1399@nileco.example,1,4,33221.77,0.00,2024-06-03,,1,onsite,1854
1400,Aya,Ali,aya.ali1400@nileco.example,3,13,19811.38,0.00,2021-05-27,,1,onsite,2502
1401,Sameh,Naguib,sameh.naguib1401@nileco.example,6,29,23223.76,0.00,2023-11-06,,1,onsite,4239
1402,Mariam,Salem,mariam.salem1402@nileco.example,3,14,38020.35,0.00,2018-12-19,,1,onsite,2449
1403,Mahmoud,Sobhy,mahmoud.sobhy1403@nileco.example,2,7,12037.20,5.00,2022-05-02,,1,onsite,1761
1404,Mona,Helmy,mona.helmy1404@nileco.example,7,31,4557.91,0.00,2025-03-16,,1,remote,2551
1405,هدى,متولي,hoda.metwally1405@nileco.example,6,29,18371.88,0.00,2023-03-12,,1,hybrid,2416
1406,Reem,Ahmed,reem.ahmed1406@nileco.example,6,28,7303.69,0.00,2025-09-29,,1,onsite,4818
1407,Khaled,Sayed,khaled.sayed1407@nileco.example,6,29,17822.25,0.00,2024-07-13,,1,hybrid,109
1408,Youssef,Tawfik,youssef.tawfik1408@nileco.example,9,41,11149.53,0.00,2021-03-23,,1,hybrid,1273
1409,Rania,Hassan,rania.hassan1409@nileco.example,6,28,11444.06,0.00,2022-06-03,,1,remote,2402
1410,Fatma,Ezzat,fatma.ezzat1410@nileco.example,9,43,35400.06,0.00,2017-07-31,,1,onsite,4200
1411,Mona,Metwally,mona.metwally1411@nileco.example,6,29,15856.00,0.00,2025-02-27,2026-04-14,0,remote,2028
1412,يوسف,رشوان,youssef.rashwan1412@nileco.example,9,42,23341.15,0.00,2020-09-11,,1,onsite,3631
1413,Reem,Shawky,reem.shawky1413@nileco.example,9,41,11695.84,0.00,2024-12-07,,1,remote,1795
1414,بسمة,رمضان,basma.ramadan1414@nileco.example,6,28,9236.03,0.00,2023-09-16,,1,remote,4010
1415,Khaled,Hamdy,khaled.hamdy1415@nileco.example,3,12,8696.50,0.00,2024-04-21,,1,onsite,311
1416,هاني,صبحي,hany.sobhy1416@nileco.example,1,4,33308.07,0.00,2022-05-21,,1,onsite,1147
1417,Amr,Ramadan,amr.ramadan1417@nileco.example,9,41,10459.45,0.00,2026-03-08,,1,onsite,4837
1418,Hany,Salem,hany.salem1418@nileco.example,1,3,17111.07,0.00,2024-04-12,,1,hybrid,4082
1419,تامر,أحمد,tamer.ahmed1419@nileco.example,1,4,34932.99,0.00,2017-08-12,,1,hybrid,722
1420,مصطفى,نجيب,mostafa.naguib1420@nileco.example,6,30,32431.44,0.00,2022-12-02,,1,onsite,4477
1421,Youssef,Helmy,youssef.helmy1421@nileco.example,1,2,11854.19,0.00,2025-05-25,,1,hybrid,2190
1422,Farida,Ahmed,farida.ahmed1422@nileco.example,6,28,12706.99,0.00,2023-03-20,,1,remote,3063
1423,Ibrahim,Mansour,ibrahim.mansour1423@nileco.example,5,25,52052.46,0.00,2022-10-31,,1,onsite,3717
1424,Wael,Farouk,wael.farouk1424@nileco.example,1,4,31931.22,0.00,2019-08-23,,1,onsite,4828
1425,سلمى,حلمي,salma.helmy1425@nileco.example,7,32,9583.34,0.00,2026-01-24,,1,remote,4946
1426,Youssef,Mahmoud,youssef.mahmoud1426@nileco.example,1,2,10273.12,0.00,2024-08-08,,1,hybrid,2231
1427,Mona,Badawy,mona.badawy1427@nileco.example,7,35,52148.12,0.00,2017-10-24,,1,hybrid,3757
1428,Ziad,Hamdy,ziad.hamdy1428@nileco.example,1,3,20062.82,0.00,2024-01-11,,1,onsite,2148
1429,نور,سليم,nour.selim1429@nileco.example,6,29,20321.15,0.00,2019-04-24,,1,remote,2393
1430,Mariam,Hamdy,mariam.hamdy1430@nileco.example,6,30,29788.34,0.00,2020-11-15,,1,onsite,2638
1431,Heba,Moussa,heba.moussa1431@nileco.example,9,41,10022.20,0.00,2023-06-06,,1,onsite,3071
1432,Wael,Hassan,wael.hassan1432@nileco.example,9,41,13714.37,0.00,2021-04-27,,1,hybrid,3993
1433,Farida,Tawfik,farida.tawfik1433@nileco.example,3,11,5169.29,0.00,2025-10-01,,1,hybrid,4862
1434,Aya,Youssef,aya.youssef1434@nileco.example,6,27,5359.94,0.00,2026-04-22,,1,onsite,3440
1435,Noha,Rashwan,noha.rashwan1435@nileco.example,2,7,10078.38,5.00,2026-04-19,,1,remote,4619
1436,مريم,جابر,mariam.gaber1436@nileco.example,9,43,29907.20,0.00,2024-11-14,,1,onsite,2449
1437,Fatma,Selim,fatma.selim1437@nileco.example,3,14,24234.93,0.00,2021-05-14,2024-08-23,0,onsite,4396
1438,Omar,Hamdy,omar.hamdy1438@nileco.example,1,3,23674.43,0.00,2022-07-07,,1,hybrid,1812
1439,Rania,Elshamy,rania.elshamy1439@nileco.example,2,7,12120.74,5.00,2022-07-03,,1,remote,4742
1440,Nada,Abbas,nada.abbas1440@nileco.example,1,5,54501.71,0.00,2020-01-14,,1,hybrid,2086
1441,عادل,توفيق,adel.tawfik1441@nileco.example,7,33,17017.90,0.00,2022-07-08,,1,remote,2257
1442,حسن,شوقي,hassan.shawky1442@nileco.example,1,2,11573.39,0.00,2023-07-04,,1,onsite,701
1443,وائل,رمضان,wael.ramadan1443@nileco.example,6,28,11991.99,0.00,2021-08-07,,1,onsite,3720
1444,Mostafa,Khalil,mostafa.khalil1444@nileco.example,2,8,19161.41,5.00,2019-10-24,2020-09-05,0,onsite,4778
1445,نور,إسماعيل,nour.ismail1445@nileco.example,1,3,18189.37,0.00,2022-03-06,,1,onsite,654
1446,Michael,Nasser,michael.nasser1446@nileco.example,6,29,19347.41,0.00,2022-12-06,,1,hybrid,1577
1447,أميرة,توفيق,amira.tawfik1447@nileco.example,6,27,4036.56,0.00,2024-01-04,,1,onsite,1103
1448,Michael,Hassan,michael.hassan1448@nileco.example,1,5,43596.66,0.00,2022-10-15,,1,onsite,1949
1449,Ziad,Moussa,ziad.moussa1449@nileco.example,6,28,11121.25,0.00,2021-02-26,,1,onsite,3186
1450,Tarek,Sobhy,tarek.sobhy1450@nileco.example,6,30,23344.37,0.00,2024-11-29,,1,onsite,1949
1451,مصطفى,حمدي,mostafa.hamdy1451@nileco.example,6,30,29782.55,0.00,2020-01-19,,1,onsite,
1452,Mohamed,Kamal,mohamed.kamal1452@nileco.example,3,12,12267.60,0.00,2021-05-15,,1,hybrid,3395
1453,Mohamed,Badawy,mohamed.badawy1453@nileco.example,6,29,24113.97,0.00,2019-12-30,,1,hybrid,2759
1454,فريدة,حمدي,farida.hamdy1454@nileco.example,1,3,20375.89,0.00,2021-07-31,,1,remote,4889
1455,Mostafa,Zaki,mostafa.zaki1455@nileco.example,7,34,38979.16,0.00,2017-11-07,,1,onsite,883
1456,Nada,Hamdy,nada.hamdy1456@nileco.example,7,33,27551.76,0.00,2020-03-31,,1,onsite,849
1457,Salma,Nasser,salma.nasser1457@nileco.example,1,4,34242.45,0.00,2022-04-13,,1,hybrid,1229
1458,Yasmin,Hassan,yasmin.hassan1458@nileco.example,5,23,20672.54,0.00,2024-08-02,,1,hybrid,341
1459,Shaimaa,Gaber,shaimaa.gaber1459@nileco.example,2,8,15040.19,5.00,2025-12-07,,1,remote,4027
1460,Nour,Ezzat,nour.ezzat1460@nileco.example,3,13,19143.66,0.00,2023-03-03,,1,hybrid,830
1461,Salma,Youssef,salma.youssef1461@nileco.example,9,41,9352.75,0.00,2023-05-09,,1,onsite,1172
1462,حسن,ناصر,hassan.nasser1462@nileco.example,5,21,3979.17,0.00,2024-08-06,2025-01-01,0,remote,555
1463,بسمة,فؤاد,basma.fouad1463@nileco.example,1,2,10311.00,0.00,2022-06-30,,1,onsite,4614
1464,عمرو,سليم,amr.selim1464@nileco.example,1,5,48128.60,0.00,2019-01-03,,1,hybrid,3583
1465,شيماء,موسى,shaimaa.moussa1465@nileco.example,2,9,42684.56,5.00,2017-02-14,,1,hybrid,4146
1466,Fatma,Ramadan,fatma.ramadan1466@nileco.example,7,34,29007.52,0.00,2022-08-03,,1,remote,1539
1467,محمود,رشدي,mahmoud.roushdy1467@nileco.example,9,41,11711.80,0.00,2021-01-10,,1,onsite,2918
1468,Ziad,Tawfik,ziad.tawfik1468@nileco.example,1,5,52716.32,0.00,2016-03-01,,1,hybrid,3214
1469,Mona,Helmy,mona.helmy1469@nileco.example,6,28,7250.00,0.00,2026-01-03,,1,onsite,1889
1470,Karim,Hamdy,karim.hamdy1470@nileco.example,1,2,9078.71,0.00,2025-11-06,,1,remote,3622
1471,Hoda,Hassan,hoda.hassan1471@nileco.example,9,42,22545.67,0.00,2023-02-24,,1,onsite,970
1472,Khaled,Hamdy,khaled.hamdy1472@nileco.example,2,8,22909.38,5.00,2023-06-13,,1,onsite,4931
1473,Hassan,Sobhy,hassan.sobhy1473@nileco.example,2,6,7623.12,5.00,2024-04-14,,1,onsite,1566
1474,ريم,كمال,reem.kamal1474@nileco.example,6,30,30876.63,0.00,2024-11-23,,1,remote,2367
1475,Hassan,Hamdy,hassan.hamdy1475@nileco.example,5,24,32161.80,0.00,2020-09-25,,1,onsite,4036
1476,Hussein,Tawfik,hussein.tawfik1476@nileco.example,6,29,21115.65,0.00,2019-01-15,,1,onsite,638
1477,Farida,Badawy,farida.badawy1477@nileco.example,1,3,20299.74,0.00,2022-02-15,,1,hybrid,4250
1478,Khaled,Hassan,khaled.hassan1478@nileco.example,1,3,17680.73,0.00,2024-10-06,,1,hybrid,1639
1479,Salma,Selim,salma.selim1479@nileco.example,6,29,21447.65,0.00,2019-10-01,,1,onsite,4228
1480,Mariam,Zaki,mariam.zaki1480@nileco.example,9,42,20975.48,0.00,2023-07-16,,1,onsite,4696
1481,ياسمين,خليل,yasmin.khalil1481@nileco.example,4,17,22761.64,0.00,2019-04-09,,1,hybrid,1949
1482,Karim,Saeed,karim.saeed1482@nileco.example,1,4,35392.39,0.00,2024-11-13,,1,onsite,1261
1483,Hussein,Naguib,hussein.naguib1483@nileco.example,6,28,10601.40,0.00,2023-07-13,,1,onsite,348
1484,Ziad,Khalil,ziad.khalil1484@nileco.example,1,3,16368.01,0.00,2023-02-05,2026-05-26,0,onsite,1848
1485,Mariam,Naguib,mariam.naguib1485@nileco.example,1,5,50882.21,0.00,2019-11-09,,1,hybrid,2367
1486,Mohamed,Badawy,mohamed.badawy1486@nileco.example,7,33,22397.35,0.00,2020-03-05,,1,remote,2768
1487,Nour,Naguib,nour.naguib1487@nileco.example,9,42,20070.45,0.00,2025-09-12,,1,onsite,280
1488,يوسف,توفيق,youssef.tawfik1488@nileco.example,6,30,33165.31,0.00,2021-02-06,,1,onsite,3717
1489,Michael,Mansour,michael.mansour1489@nileco.example,7,35,51898.52,0.00,2017-11-25,,1,hybrid,3583
1490,Fatma,Shawky,fatma.shawky1490@nileco.example,7,32,8714.46,0.00,2023-12-19,,1,hybrid,1275
1491,Mariam,Abdelaziz,mariam.abdelaziz1491@nileco.example,2,8,16953.26,5.00,2023-06-15,,1,onsite,1878
1492,Youssef,Fathy,youssef.fathy1492@nileco.example,5,23,23657.66,0.00,2022-06-17,,1,remote,2187
1493,ندى,عبد العزيز,nada.abdelaziz1493@nileco.example,1,2,11378.61,0.00,2024-07-10,,1,onsite,540
1494,Noha,Gaber,noha.gaber1494@nileco.example,2,7,9445.56,5.00,2026-06-26,,1,hybrid,2325
1495,Hossam,Mahmoud,hossam.mahmoud1495@nileco.example,7,33,15191.76,0.00,2023-01-20,2025-09-15,0,hybrid,2908
1496,فريدة,عباس,farida.abbas1496@nileco.example,7,32,10839.02,0.00,2021-12-14,,1,onsite,1846
1497,هاني,الشامي,hany.elshamy1497@nileco.example,1,2,12861.49,0.00,2022-02-22,,1,onsite,2201
1498,Youssef,Abbas,youssef.abbas1498@nileco.example,3,13,16468.24,0.00,2025-02-14,,1,onsite,3031
1499,آية,زكي,aya.zaki1499@nileco.example,8,38,18235.30,0.00,2023-01-24,,1,hybrid,4860
1500,Wael,Abdelaziz,wael.abdelaziz1500@nileco.example,6,30,40912.49,0.00,2017-07-17,,1,hybrid,2638
1501,Sherif,Kamal,sherif.kamal1501@nileco.example,6,30,37928.87,0.00,2018-04-24,,1,onsite,4200
1502,Rania,Selim,rania.selim1502@nileco.example,1,4,30673.81,0.00,2023-03-08,,1,hybrid,656
1503,Ali,Ezzat,ali.ezzat1503@nileco.example,8,37,9038.79,0.00,2026-01-22,,1,onsite,2331
1504,زياد,يوسف,ziad.youssef1504@nileco.example,1,3,15486.10,0.00,2024-09-29,2026-01-25,0,onsite,4658
1505,Adel,Ramadan,adel.ramadan1505@nileco.example,1,3,13360.00,0.00,2025-12-05,,1,hybrid,4105
1506,Andrew,Badawy,andrew.badawy1506@nileco.example,6,29,19363.10,0.00,2024-10-22,,1,hybrid,1031
1507,Aya,Hassan,aya.hassan1507@nileco.example,7,35,54011.18,0.00,2018-02-26,,1,remote,2522
1508,Andrew,Fouad,andrew.fouad1508@nileco.example,2,8,17156.29,5.00,2023-02-11,,1,onsite,2974
1509,Mariam,Nasser,mariam.nasser1509@nileco.example,1,4,42099.51,0.00,2017-10-26,,1,hybrid,1267
1510,أيمن,حمدي,ayman.hamdy1510@nileco.example,6,29,17991.29,0.00,2022-07-23,,1,remote,4951
1511,Fatma,Elshamy,fatma.elshamy1511@nileco.example,6,28,13786.16,0.00,2021-08-11,,1,onsite,3428
1512,Dina,Youssef,dina.youssef1512@nileco.example,1,3,19070.94,0.00,2021-05-20,,1,onsite,1370
1513,Ahmed,Salem,ahmed.salem1513@nileco.example,2,9,29938.49,5.00,2022-01-20,,1,onsite,3050
1514,Ayman,Ali,ayman.ali1514@nileco.example,3,12,11433.53,0.00,2023-02-03,,1,onsite,4101
1515,Farida,Selim,farida.selim1515@nileco.example,6,28,11083.19,0.00,2024-07-27,,1,onsite,1374
1516,Sherif,Moussa,sherif.moussa1516@nileco.example,2,9,40957.88,5.00,2017-01-31,,1,onsite,2682
1517,نور,صبحي,nour.sobhy1517@nileco.example,7,32,13558.75,0.00,2022-09-27,,1,onsite,2964
1518,Amr,Farouk,amr.farouk1518@nileco.example,1,3,17739.22,0.00,2025-02-06,,1,hybrid,805
1519,Tamer,Farouk,tamer.farouk1519@nileco.example,1,4,24131.97,0.00,2023-03-31,,1,onsite,4769
1520,نور,زكي,nour.zaki1520@nileco.example,7,35,44821.51,0.00,2021-04-23,,1,hybrid,4331
1521,Sameh,Hamdy,sameh.hamdy1521@nileco.example,4,17,19688.33,0.00,2021-11-30,,1,hybrid,2246
1522,ريم,رشدي,reem.roushdy1522@nileco.example,1,4,29968.35,0.00,2024-06-09,,1,onsite,856
1523,Rania,Roushdy,rania.roushdy1523@nileco.example,1,3,17705.98,0.00,2019-09-01,2023-09-18,0,remote,4777
1524,عمر,فاروق,omar.farouk1524@nileco.example,6,29,19540.67,0.00,2022-09-06,,1,remote,2451
1525,Mahmoud,Sobhy,mahmoud.sobhy1525@nileco.example,7,32,9574.17,0.00,2025-07-03,2026-09-15,0,remote,2854
1526,Heba,Badawy,heba.badawy1526@nileco.example,8,38,16291.45,0.00,2022-07-29,,1,onsite,1696
1527,Nour,Selim,nour.selim1527@nileco.example,2,7,10440.19,5.00,2023-04-07,,1,hybrid,4758
1528,Hoda,Mahmoud,hoda.mahmoud1528@nileco.example,1,5,48626.77,0.00,2020-05-19,,1,remote,3896
1529,Karim,Sayed,karim.sayed1529@nileco.example,1,4,32342.45,0.00,2019-11-07,,1,onsite,4812
1530,مريم,منصور,mariam.mansour1530@nileco.example,2,8,19294.88,5.00,2024-05-22,2026-02-25,0,hybrid,2682
1531,Hussein,Naguib,hussein.naguib1531@nileco.example,6,29,23068.56,0.00,2025-02-28,,1,onsite,4450
1532,Wael,Naguib,wael.naguib1532@nileco.example,9,41,13060.17,0.00,2021-08-30,,1,hybrid,3193
1533,Ahmed,Ali,ahmed.ali1533@nileco.example,9,43,35341.81,0.00,2021-01-17,,1,onsite,4477
1534,Nada,Abdelaziz,nada.abdelaziz1534@nileco.example,2,7,9022.54,5.00,2026-07-17,,1,onsite,1113
1535,أحمد,عبد العزيز,ahmed.abdelaziz1535@nileco.example,6,28,9046.42,0.00,2026-03-21,,1,onsite,4263
1536,Sara,Abbas,sara.abbas1536@nileco.example,3,12,12365.10,0.00,2021-05-13,,1,onsite,2507
1537,Mohamed,Gaber,mohamed.gaber1537@nileco.example,6,29,21422.70,0.00,2024-02-24,,1,onsite,647
1538,Amira,Tawfik,amira.tawfik1538@nileco.example,8,37,14334.86,0.00,2021-03-13,,1,onsite,2562
1539,عمرو,فاروق,amr.farouk1539@nileco.example,7,35,49163.04,0.00,2018-12-02,,1,onsite,
1540,وليد,سليم,walid.selim1540@nileco.example,2,6,7125.57,5.00,2024-11-23,,1,onsite,3534
1541,Hussein,Sayed,hussein.sayed1541@nileco.example,3,14,29237.04,0.00,2021-07-23,,1,onsite,
1542,Ayman,Nasser,ayman.nasser1542@nileco.example,1,5,54670.84,0.00,2016-04-04,,1,onsite,2522
1543,Dina,Salem,dina.salem1543@nileco.example,6,30,30453.62,0.00,2023-05-17,,1,onsite,2114
1544,Karim,Fouad,karim.fouad1544@nileco.example,1,2,13510.10,0.00,2023-05-18,,1,hybrid,1659
1545,منى,إسماعيل,mona.ismail1545@nileco.example,1,2,12267.68,0.00,2024-08-12,,1,onsite,3011
1546,Tamer,Sobhy,tamer.sobhy1546@nileco.example,1,3,22470.24,0.00,2020-05-03,,1,hybrid,4692
1547,Khaled,Elshamy,khaled.elshamy1547@nileco.example,6,29,24218.57,0.00,2019-06-20,,1,remote,292
1548,Tamer,Kamal,tamer.kamal1548@nileco.example,6,30,27952.45,0.00,2022-09-30,,1,onsite,2449
1549,Ziad,Ali,ziad.ali1549@nileco.example,2,8,17851.25,5.00,2024-09-02,,1,hybrid,2211
1550,Nour,Naguib,nour.naguib1550@nileco.example,1,5,53723.13,0.00,2016-03-23,,1,remote,341
1551,نهى,إسماعيل,noha.ismail1551@nileco.example,2,8,22788.77,5.00,2021-10-16,,1,remote,3860
1552,Laila,Hamdy,laila.hamdy1552@nileco.example,6,29,21499.52,0.00,2019-07-10,,1,onsite,3270
1553,Noha,Nasser,noha.nasser1553@nileco.example,6,28,13670.32,0.00,2021-09-26,,1,hybrid,1747
1554,Mona,Selim,mona.selim1554@nileco.example,5,22,10195.08,0.00,2025-04-18,2026-07-07,0,hybrid,4802
1555,Tarek,Selim,tarek.selim1555@nileco.example,2,7,10684.81,5.00,2023-07-27,,1,remote,1948
1556,Sara,Helmy,sara.helmy1556@nileco.example,6,28,13358.46,0.00,2022-05-21,,1,onsite,4900
1557,نهى,علي,noha.ali1557@nileco.example,1,5,42737.44,0.00,2021-06-19,2025-02-23,0,onsite,
1558,Youssef,Moussa,youssef.moussa1558@nileco.example,6,29,20383.89,0.00,2021-12-03,,1,onsite,2904
1559,Dina,Zaki,dina.zaki1559@nileco.example,2,9,25937.55,5.00,2023-09-05,2024-10-14,0,hybrid,440
1560,Dalia,Zaki,dalia.zaki1560@nileco.example,1,2,13099.54,0.00,2021-04-22,,1,onsite,2201
1561,Hossam,Tawfik,hossam.tawfik1561@nileco.example,1,4,36153.21,0.00,2017-01-15,,1,hybrid,4828
1562,Fatma,Mansour,fatma.mansour1562@nileco.example,4,18,27500.50,0.00,2020-10-07,,1,onsite,2694
1563,Adel,Metwally,adel.metwally1563@nileco.example,6,29,15529.71,0.00,2021-09-21,,1,remote,3864
1564,أميرة,سعيد,amira.saeed1564@nileco.example,3,13,19465.85,0.00,2021-04-03,2024-03-23,0,onsite,4251
1565,Mona,Sobhy,mona.sobhy1565@nileco.example,6,29,20007.40,0.00,2020-03-03,,1,onsite,1069
1566,Wael,Hamdy,wael.hamdy1566@nileco.example,2,10,52270.30,5.00,2017-11-23,,1,onsite,2522
1567,Khaled,Ahmed,khaled.ahmed1567@nileco.example,1,3,18939.60,0.00,2023-11-18,,1,hybrid,4529
1568,مريم,ناصر,mariam.nasser1568@nileco.example,2,7,13205.46,5.00,2021-08-13,,1,onsite,2969
1569,Ibrahim,Fathy,ibrahim.fathy1569@nileco.example,5,25,55564.54,0.00,2017-12-29,,1,onsite,2522
1570,Hassan,Selim,hassan.selim1570@nileco.example,6,28,13241.15,0.00,2022-08-05,,1,remote,1565
1571,Ibrahim,Sayed,ibrahim.sayed1571@nileco.example,6,29,22272.39,0.00,2019-06-13,,1,hybrid,1023
1572,Nada,Fouad,nada.fouad1572@nileco.example,6,29,20733.02,0.00,2023-01-17,,1,onsite,4869
1573,Basma,Moussa,basma.moussa1573@nileco.example,2,9,34813.26,5.00,2021-12-31,,1,hybrid,303
1574,حسن,أحمد,hassan.ahmed1574@nileco.example,7,35,47483.96,0.00,2021-05-17,,1,hybrid,
1575,Noha,Khalil,noha.khalil1575@nileco.example,9,43,32605.80,0.00,2022-05-28,,1,onsite,2114
1576,Mona,Sayed,mona.sayed1576@nileco.example,6,28,8772.18,0.00,2024-05-18,,1,onsite,3056
1577,عمر,عزت,omar.ezzat1577@nileco.example,6,30,27266.88,0.00,2021-10-24,,1,onsite,1949
1578,Karim,Abdelaziz,karim.abdelaziz1578@nileco.example,2,7,10178.26,5.00,2025-11-16,2026-04-08,0,hybrid,1973
1579,Shaimaa,Ezzat,shaimaa.ezzat1579@nileco.example,7,34,28694.00,0.00,2024-04-29,,1,remote,1115
1580,Michael,Elshamy,michael.elshamy1580@nileco.example,2,6,6133.97,5.00,2025-08-01,,1,onsite,3737
1581,وائل,الشامي,wael.elshamy1581@nileco.example,7,33,22679.31,0.00,2021-12-18,,1,onsite,4309
1582,Fatma,Ismail,fatma.ismail1582@nileco.example,2,8,17204.11,5.00,2022-12-03,,1,hybrid,3425
1583,Tarek,Zaki,tarek.zaki1583@nileco.example,3,11,5499.09,0.00,2025-02-16,,1,onsite,1896
1584,Khaled,Shawky,khaled.shawky1584@nileco.example,9,41,11557.84,0.00,2025-03-25,,1,onsite,1273
1585,حسين,زكي,hussein.zaki1585@nileco.example,3,13,13360.00,0.00,2024-07-10,,1,onsite,1280
1586,Ibrahim,Badawy,ibrahim.badawy1586@nileco.example,9,43,34079.91,0.00,2021-05-29,,1,onsite,4396
1587,دينا,فؤاد,dina.fouad1587@nileco.example,6,27,6880.38,0.00,2026-06-02,,1,hybrid,4592
1588,Hany,Ahmed,hany.ahmed1588@nileco.example,6,29,21354.64,0.00,2023-08-23,,1,onsite,3743
1589,Sara,Naguib,sara.naguib1589@nileco.example,8,39,40025.62,0.00,2019-04-30,,1,onsite,3896
1590,Mostafa,Mahmoud,mostafa.mahmoud1590@nileco.example,1,5,52589.11,0.00,2016-10-18,,1,hybrid,3757
1591,محمد,ناصر,mohamed.nasser1591@nileco.example,2,7,13812.01,5.00,2021-09-26,,1,remote,1746
1592,Yasmin,Sobhy,yasmin.sobhy1592@nileco.example,6,27,6527.05,0.00,2026-01-29,,1,onsite,2235
1593,فاطمة,موسى,fatma.moussa1593@nileco.example,1,3,20567.51,0.00,2023-06-03,,1,hybrid,1655
1594,Ibrahim,Helmy,ibrahim.helmy1594@nileco.example,9,43,31621.36,0.00,2024-02-12,,1,hybrid,341
1595,حسن,رشوان,hassan.rashwan1595@nileco.example,1,3,19047.65,0.00,2021-11-15,,1,onsite,4769
1596,وليد,حلمي,walid.helmy1596@nileco.example,2,10,49694.31,5.00,2018-01-13,,1,hybrid,3698
1597,زياد,متولي,ziad.metwally1597@nileco.example,5,24,34591.85,0.00,2020-06-19,,1,onsite,3256
1598,خالد,الشامي,khaled.elshamy1598@nileco.example,1,3,22798.79,0.00,2019-09-07,,1,hybrid,1561
1599,Mostafa,Khalil,mostafa.khalil1599@nileco.example,4,16,10322.78,0.00,2025-12-24,,1,onsite,2383
1600,Omar,Hassan,omar.hassan1600@nileco.example,7,32,10000.80,0.00,2023-09-04,,1,onsite,432
1601,هبة,فتحي,heba.fathy1601@nileco.example,3,14,30471.83,0.00,2019-07-08,2021-08-09,0,onsite,2638
1602,ليلى,فؤاد,laila.fouad1602@nileco.example,3,13,25087.70,0.00,2020-03-30,,1,onsite,1861
1603,Karim,Ali,karim.ali1603@nileco.example,5,22,12303.31,0.00,2023-12-29,,1,remote,3604
1604,شيماء,عبد العزيز,shaimaa.abdelaziz1604@nileco.example,6,27,7168.72,0.00,2025-08-05,,1,hybrid,605
1605,آية,رشدي,aya.roushdy1605@nileco.example,9,42,17933.03,0.00,2020-06-14,,1,onsite,3867
1606,Heba,Selim,heba.selim1606@nileco.example,1,3,16717.80,0.00,2025-11-22,,1,onsite,4323
1607,Heba,Ezzat,heba.ezzat1607@nileco.example,1,5,54107.60,0.00,2016-08-19,,1,hybrid,2719
1608,Ali,Shawky,ali.shawky1608@nileco.example,6,30,32635.95,0.00,2020-11-07,,1,hybrid,2522
1609,Laila,Mansour,laila.mansour1609@nileco.example,9,41,9263.25,0.00,2024-04-18,,1,onsite,742
1610,Amr,Elshamy,amr.elshamy1610@nileco.example,9,41,11419.62,0.00,2023-06-10,,1,onsite,1605
1611,Marwan,Sayed,marwan.sayed1611@nileco.example,1,3,23461.88,0.00,2019-03-29,,1,hybrid,4195
1612,طارق,سعيد,tarek.saeed1612@nileco.example,6,28,11070.38,0.00,2026-01-29,,1,onsite,2075
1613,Tarek,Moussa,tarek.moussa1613@nileco.example,5,24,34330.59,0.00,2018-05-23,,1,onsite,216
1614,Reem,Kamal,reem.kamal1614@nileco.example,1,3,24802.54,0.00,2019-07-22,,1,onsite,3015
1615,ليلى,نجيب,laila.naguib1615@nileco.example,4,16,12326.17,0.00,2025-11-14,,1,hybrid,2248
1616,مريم,رمضان,mariam.ramadan1616@nileco.example,5,23,21423.22,0.00,2023-01-06,,1,hybrid,3889
1617,عمر,رمضان,omar.ramadan1617@nileco.example,6,28,10855.16,0.00,2026-02-01,,1,remote,3056
1618,Hassan,Gaber,hassan.gaber1618@nileco.example,1,2,10850.61,0.00,2022-08-14,,1,remote,3247
1619,عمرو,أحمد,amr.ahmed1619@nileco.example,6,27,7986.26,0.00,2024-01-01,,1,onsite,3130
1620,Karim,Mansour,karim.mansour1620@nileco.example,7,32,9620.26,0.00,2024-02-25,,1,onsite,1857
1621,Youssef,Gaber,youssef.gaber1621@nileco.example,3,13,16385.18,0.00,2025-04-22,,1,onsite,73
1622,Andrew,Tawfik,andrew.tawfik1622@nileco.example,8,37,9157.59,0.00,2022-03-02,,1,hybrid,4383
1623,Rania,Sobhy,rania.sobhy1623@nileco.example,5,23,22072.29,0.00,2021-11-06,,1,onsite,3820
1624,Heba,Farouk,heba.farouk1624@nileco.example,4,19,47855.19,0.00,2019-07-19,,1,onsite,1949
1625,Youssef,Abbas,youssef.abbas1625@nileco.example,6,29,20942.57,0.00,2020-07-03,,1,onsite,292
1626,Reem,Naguib,reem.naguib1626@nileco.example,2,8,26779.11,5.00,2019-04-03,,1,remote,3887
1627,شريف,السيد,sherif.sayed1627@nileco.example,5,24,30868.38,0.00,2017-04-11,2018-03-21,0,onsite,1167
1628,Salma,Youssef,salma.youssef1628@nileco.example,6,30,35645.21,0.00,2017-04-24,,1,remote,2522
1629,Aya,Mahmoud,aya.mahmoud1629@nileco.example,7,33,19717.40,0.00,2023-11-06,,1,hybrid,3411
1630,Fatma,Zaki,fatma.zaki1630@nileco.example,2,9,35093.17,5.00,2021-11-28,,1,remote,1973
1631,سلمى,علي,salma.ali1631@nileco.example,4,15,4749.01,0.00,2025-05-01,,1,hybrid,3671
1632,Noha,Zaki,noha.zaki1632@nileco.example,7,32,11782.50,0.00,2024-09-22,,1,remote,4072
1633,Karim,Youssef,karim.youssef1633@nileco.example,1,4,39492.37,0.00,2017-06-30,,1,remote,1667
1634,Andrew,Zaki,andrew.zaki1634@nileco.example,7,34,30044.43,0.00,2017-01-16,2019-12-22,0,onsite,2872
1635,Amr,Abdelaziz,amr.abdelaziz1635@nileco.example,2,7,9851.82,5.00,2022-12-10,,1,onsite,303
1636,Marwan,Ramadan,marwan.ramadan1636@nileco.example,9,42,23377.10,0.00,2020-07-19,,1,hybrid,1235
1637,Nour,Roushdy,nour.roushdy1637@nileco.example,5,22,14574.49,0.00,2023-02-02,,1,onsite,1183
1638,Mohamed,Khalil,mohamed.khalil1638@nileco.example,1,2,12094.00,0.00,2023-08-09,,1,hybrid,4341
1639,علي,خليل,ali.khalil1639@nileco.example,1,4,32948.60,0.00,2018-11-28,,1,remote,1040
1640,Laila,Mahmoud,laila.mahmoud1640@nileco.example,1,3,23799.36,0.00,2021-11-14,,1,onsite,3319
1641,ريم,جابر,reem.gaber1641@nileco.example,7,33,19037.03,0.00,2024-09-18,,1,onsite,3456
1642,Laila,Selim,laila.selim1642@nileco.example,8,36,7142.21,0.00,2024-06-16,,1,hybrid,1503
1643,Heba,Mahmoud,heba.mahmoud1643@nileco.example,1,3,19774.37,0.00,2021-05-23,,1,onsite,783
1644,Hoda,Badawy,hoda.badawy1644@nileco.example,4,17,18564.31,0.00,2025-09-19,,1,onsite,487
1645,Ibrahim,Khalil,ibrahim.khalil1645@nileco.example,1,2,7250.00,0.00,2025-12-13,,1,hybrid,3205
1646,Dina,Ahmed,dina.ahmed1646@nileco.example,1,2,8481.51,0.00,2026-01-01,2026-05-27,0,remote,1667
1647,خالد,زكي,khaled.zaki1647@nileco.example,3,14,35393.05,0.00,2020-12-15,2024-12-02,0,hybrid,4532
1648,Ibrahim,Badawy,ibrahim.badawy1648@nileco.example,5,24,36257.35,0.00,2017-08-31,,1,hybrid,4396
1649,عادل,محمود,adel.mahmoud1649@nileco.example,6,27,4410.11,0.00,2025-05-27,,1,onsite,2384
1650,Dalia,Metwally,dalia.metwally1650@nileco.example,5,22,9689.28,0.00,2024-11-01,,1,onsite,1090
1651,رانيا,الشامي,rania.elshamy1651@nileco.example,6,29,19700.45,0.00,2021-04-11,,1,onsite,624
1652,Ibrahim,Mahmoud,ibrahim.mahmoud1652@nileco.example,7,32,11897.26,0.00,2025-06-28,,1,onsite,2373
1653,Tarek,Badawy,tarek.badawy1653@nileco.example,1,4,37731.73,0.00,2017-12-09,,1,hybrid,4817
1654,Nada,Ramadan,nada.ramadan1654@nileco.example,1,2,14060.83,0.00,2021-07-30,,1,hybrid,3981
1655,Mostafa,Ramadan,mostafa.ramadan1655@nileco.example,1,4,32543.66,0.00,2020-01-26,,1,onsite,1147
1656,ياسمين,فتحي,yasmin.fathy1656@nileco.example,2,7,12046.73,5.00,2022-10-22,,1,onsite,3302
1657,Laila,Selim,laila.selim1657@nileco.example,3,13,19380.08,0.00,2023-06-12,,1,onsite,1541
1658,Wael,Badawy,wael.badawy1658@nileco.example,9,41,10665.02,0.00,2025-12-15,,1,hybrid,3366
1659,Tamer,Badawy,tamer.badawy1659@nileco.example,1,3,17468.85,0.00,2022-07-23,,1,hybrid,4824
1660,طارق,جابر,tarek.gaber1660@nileco.example,4,16,8966.15,0.00,2021-10-16,,1,hybrid,1661
1661,شيماء,حسن,shaimaa.hassan1661@nileco.example,4,17,19955.66,0.00,2022-01-14,,1,onsite,3821
1662,فريدة,رشوان,farida.rashwan1662@nileco.example,1,5,54018.54,0.00,2016-11-22,,1,hybrid,1949
1663,Hany,Abbas,hany.abbas1663@nileco.example,1,3,21289.23,0.00,2020-01-01,,1,onsite,2671
1664,Salma,Roushdy,salma.roushdy1664@nileco.example,2,7,11023.08,5.00,2026-06-23,,1,hybrid,1166
1665,Heba,Moussa,heba.moussa1665@nileco.example,7,33,15079.51,0.00,2023-06-07,,1,hybrid,4649
1666,Sameh,Nasser,sameh.nasser1666@nileco.example,1,4,37917.20,0.00,2018-06-25,,1,onsite,1323
1667,Mariam,Mahmoud,mariam.mahmoud1667@nileco.example,1,5,54885.44,0.00,2019-08-08,,1,onsite,2638
1668,Amira,Sobhy,amira.sobhy1668@nileco.example,6,29,20207.91,0.00,2021-04-13,,1,hybrid,1500
1669,آية,صبحي,aya.sobhy1669@nileco.example,1,2,9017.06,0.00,2022-01-17,,1,onsite,3391
1670,Mahmoud,Ismail,mahmoud.ismail1670@nileco.example,5,21,5866.91,0.00,2025-10-26,,1,onsite,2364
1671,نور,عبد العزيز,nour.abdelaziz1671@nileco.example,4,18,33707.27,0.00,2021-06-08,,1,onsite,3006
1672,ندى,حمدي,nada.hamdy1672@nileco.example,5,24,32440.77,0.00,2023-01-11,2025-01-03,0,hybrid,3032
1673,أندرو,السيد,andrew.sayed1673@nileco.example,1,2,9846.44,0.00,2025-05-23,,1,onsite,1812
1674,Sameh,Sobhy,sameh.sobhy1674@nileco.example,1,3,25820.70,0.00,2019-05-18,,1,remote,2826
1675,Heba,Zaki,heba.zaki1675@nileco.example,2,6,6812.48,5.00,2026-07-17,,1,hybrid,2310
1676,أميرة,رشدي,amira.roushdy1676@nileco.example,3,11,6540.69,0.00,2024-04-21,,1,onsite,3028
1677,Salma,Ezzat,salma.ezzat1677@nileco.example,2,7,12132.12,5.00,2026-02-24,,1,hybrid,2884
1678,Tarek,Ali,tarek.ali1678@nileco.example,7,32,13105.80,0.00,2022-12-13,,1,onsite,2024
1679,Wael,Ismail,wael.ismail1679@nileco.example,1,3,23504.50,0.00,2024-04-17,,1,onsite,4984
1680,Mohamed,Abdelaziz,mohamed.abdelaziz1680@nileco.example,6,29,18652.68,0.00,2022-09-30,,1,onsite,2904
1681,هاني,يوسف,hany.youssef1681@nileco.example,3,12,10564.39,0.00,2022-02-22,,1,hybrid,125
1682,Marwan,Salem,marwan.salem1682@nileco.example,1,5,48722.25,0.00,2020-03-16,,1,hybrid,2449
1683,هبة,محمود,heba.mahmoud1683@nileco.example,4,16,8587.65,0.00,2025-02-27,,1,hybrid,3701
1684,Ali,Zaki,ali.zaki1684@nileco.example,9,43,30998.06,0.00,2022-03-08,,1,onsite,2229
1685,رانيا,يوسف,rania.youssef1685@nileco.example,3,13,23077.63,0.00,2019-07-05,,1,onsite,830
1686,Hany,Salem,hany.salem1686@nileco.example,1,3,21724.51,0.00,2023-01-13,,1,remote,4976
1687,Ayman,Naguib,ayman.naguib1687@nileco.example,1,2,11956.57,0.00,2023-05-17,,1,remote,1590
1688,Aya,Salem,aya.salem1688@nileco.example,1,1,5485.98,0.00,2025-07-22,,1,hybrid,4866
1689,فاطمة,علي,fatma.ali1689@nileco.example,7,33,22373.95,0.00,2019-05-06,,1,hybrid,2165
1690,Hassan,Mahmoud,hassan.mahmoud1690@nileco.example,5,25,56432.12,0.00,2017-06-23,,1,onsite,2522
1691,Laila,Fouad,laila.fouad1691@nileco.example,1,2,9690.04,0.00,2022-01-30,,1,hybrid,4394
1692,Ayman,Fathy,ayman.fathy1692@nileco.example,4,16,12503.31,0.00,2025-11-23,,1,onsite,3430
1693,Mona,Ramadan,mona.ramadan1693@nileco.example,2,9,29905.46,5.00,2020-06-29,2021-09-27,0,onsite,1141
1694,Tarek,Roushdy,tarek.roushdy1694@nileco.example,1,3,16836.01,0.00,2023-01-01,2025-10-30,0,onsite,4233
1695,مروان,رمضان,marwan.ramadan1695@nileco.example,2,7,8845.13,5.00,2026-05-30,,1,onsite,1053
1696,Andrew,Kamal,andrew.kamal1696@nileco.example,8,39,34779.63,0.00,2018-09-21,,1,hybrid,2522
1697,Tamer,Mahmoud,tamer.mahmoud1697@nileco.example,1,2,14171.48,0.00,2022-08-30,,1,onsite,815
1698,Farida,Selim,farida.selim1698@nileco.example,6,29,16605.56,0.00,2022-03-03,,1,hybrid,2836
1699,زياد,رشدي,ziad.roushdy1699@nileco.example,9,42,15788.93,0.00,2025-01-19,,1,onsite,4479
1700,ندى,عباس,nada.abbas1700@nileco.example,1,4,35632.85,0.00,2018-12-28,,1,onsite,4895
1701,محمود,منصور,mahmoud.mansour1701@nileco.example,7,33,22104.64,0.00,2022-09-07,,1,remote,3191
1702,Shaimaa,Farouk,shaimaa.farouk1702@nileco.example,1,5,54113.50,0.00,2017-05-23,,1,onsite,3896
1703,وائل,صبحي,wael.sobhy1703@nileco.example,1,3,15812.88,0.00,2023-12-20,,1,hybrid,2281
1704,وليد,فؤاد,walid.fouad1704@nileco.example,8,38,20632.09,0.00,2022-07-21,,1,hybrid,300
1705,Mostafa,Fathy,mostafa.fathy1705@nileco.example,1,5,56264.45,0.00,2018-09-21,,1,hybrid,1892
1706,عمرو,حلمي,amr.helmy1706@nileco.example,3,13,20032.60,0.00,2021-05-23,,1,onsite,4722
1707,كريم,بدوي,karim.badawy1707@nileco.example,1,3,15907.11,0.00,2025-05-29,,1,onsite,2913
1708,كريم,إسماعيل,karim.ismail1708@nileco.example,2,9,31308.29,5.00,2023-08-19,,1,onsite,3050
1709,Aya,Abbas,aya.abbas1709@nileco.example,3,13,22490.79,0.00,2022-12-10,,1,hybrid,3155
1710,Aya,Abdelaziz,aya.abdelaziz1710@nileco.example,1,4,30505.17,0.00,2020-06-19,,1,onsite,1542
1711,Michael,Badawy,michael.badawy1711@nileco.example,6,29,20688.33,0.00,2024-04-03,,1,onsite,4483
1712,حسن,سالم,hassan.salem1712@nileco.example,5,24,34334.01,0.00,2018-07-25,,1,onsite,3597
1713,Karim,Abdelaziz,karim.abdelaziz1713@nileco.example,1,2,10025.06,0.00,2021-01-26,,1,onsite,978
1714,Adel,Mahmoud,adel.mahmoud1714@nileco.example,1,1,7895.13,0.00,2024-01-14,,1,hybrid,1497
1715,Aya,Saeed,aya.saeed1715@nileco.example,6,29,18240.88,0.00,2025-01-27,,1,onsite,4401
1716,سامح,عباس,sameh.abbas1716@nileco.example,9,41,13030.80,0.00,2022-09-06,2026-04-14,0,hybrid,870
1717,هبة,خليل,heba.khalil1717@nileco.example,1,4,38831.82,0.00,2017-01-15,,1,onsite,1324
1718,Andrew,Abdelaziz,andrew.abdelaziz1718@nileco.example,1,2,10628.06,0.00,2021-09-21,,1,hybrid,2714
1719,Salma,Ismail,salma.ismail1719@nileco.example,7,31,7737.30,0.00,2025-02-20,,1,remote,1507
1720,Ibrahim,Helmy,ibrahim.helmy1720@nileco.example,3,13,16632.78,0.00,2025-12-18,,1,onsite,2907
1721,مايكل,حسن,michael.hassan1721@nileco.example,9,42,20257.81,0.00,2023-09-12,,1,hybrid,1586
1722,يوسف,حلمي,youssef.helmy1722@nileco.example,6,28,7250.00,0.00,2026-05-10,,1,onsite,2630
1723,Ayman,Ali,ayman.ali1723@nileco.example,2,9,35916.90,5.00,2018-03-06,,1,onsite,1596
1724,Ali,Fouad,ali.fouad1724@nileco.example,9,42,17274.11,0.00,2024-03-16,,1,onsite,3526
1725,Karim,Mansour,karim.mansour1725@nileco.example,2,8,22515.82,5.00,2021-01-11,,1,onsite,1973
1726,هدى,علي,hoda.ali1726@nileco.example,2,6,5656.80,5.00,2026-07-17,,1,remote,3307
1727,Karim,Fouad,karim.fouad1727@nileco.example,2,7,10209.65,5.00,2024-06-17,,1,onsite,3114
1728,عادل,محمود,adel.mahmoud1728@nileco.example,6,30,30921.37,0.00,2021-03-28,,1,onsite,3583
1729,Mariam,Elshamy,mariam.elshamy1729@nileco.example,6,30,32862.79,0.00,2019-08-24,,1,remote,3583
1730,Reem,Salem,reem.salem1730@nileco.example,5,24,26766.36,0.00,2022-12-24,,1,onsite,4791
1731,سامح,الشامي,sameh.elshamy1731@nileco.example,7,34,31522.15,0.00,2021-03-27,,1,onsite,1936
1732,ريم,ناصر,reem.nasser1732@nileco.example,6,29,20195.71,0.00,2024-05-19,,1,hybrid,4155
1733,Khaled,Sayed,khaled.sayed1733@nileco.example,6,29,19539.68,0.00,2021-02-24,,1,onsite,3528
1734,عمرو,زكي,amr.zaki1734@nileco.example,1,3,19827.85,0.00,2023-07-11,,1,onsite,2921
1735,هدى,متولي,hoda.metwally1735@nileco.example,9,42,21140.42,0.00,2019-08-16,,1,onsite,1907
1736,Fatma,Tawfik,fatma.tawfik1736@nileco.example,4,19,56879.80,0.00,2018-03-25,,1,hybrid,4331
1737,Amr,Youssef,amr.youssef1737@nileco.example,6,27,7877.83,0.00,2024-09-25,,1,hybrid,3400
1738,Salma,Zaki,salma.zaki1738@nileco.example,7,32,10731.22,0.00,2023-12-14,,1,onsite,1581
1739,Reem,Tawfik,reem.tawfik1739@nileco.example,7,32,8962.83,0.00,2023-01-26,,1,onsite,4668
1740,Laila,Gaber,laila.gaber1740@nileco.example,1,3,23437.29,0.00,2019-07-08,,1,onsite,2653
1741,Ayman,Sayed,ayman.sayed1741@nileco.example,3,14,29186.74,0.00,2023-02-14,,1,hybrid,2114
1742,Ayman,Farouk,ayman.farouk1742@nileco.example,8,37,11693.46,0.00,2025-05-09,,1,hybrid,4153
1743,وائل,عبد العزيز,wael.abdelaziz1743@nileco.example,2,10,60630.83,5.00,2017-01-10,,1,onsite,2367
1744,أندرو,حمدي,andrew.hamdy1744@nileco.example,8,38,15580.30,0.00,2023-03-08,2024-03-09,0,onsite,2733
1745,Hassan,Tawfik,hassan.tawfik1745@nileco.example,7,33,14453.02,0.00,2025-08-08,,1,onsite,3191
1746,Nour,Saeed,nour.saeed1746@nileco.example,2,8,23810.49,5.00,2020-05-24,,1,onsite,2324
1747,ياسمين,ناصر,yasmin.nasser1747@nileco.example,6,29,20048.70,0.00,2019-09-22,,1,remote,240
1748,Farida,Fouad,farida.fouad1748@nileco.example,6,28,8804.73,0.00,2024-05-21,,1,hybrid,4097
1749,Sherif,Mansour,sherif.mansour1749@nileco.example,9,42,22363.98,0.00,2019-09-25,,1,hybrid,2958
1750,Mahmoud,Salem,mahmoud.salem1750@nileco.example,5,23,18078.29,0.00,2021-01-10,,1,onsite,4176
1751,مريم,عبد العزيز,mariam.abdelaziz1751@nileco.example,1,4,32815.07,0.00,2020-12-10,,1,hybrid,1854
1752,Ziad,Abdelaziz,ziad.abdelaziz1752@nileco.example,6,29,21398.95,0.00,2022-10-02,,1,onsite,624
1753,Hany,Selim,hany.selim1753@nileco.example,2,7,14043.32,5.00,2022-03-02,,1,onsite,2050
1754,Reem,Kamal,reem.kamal1754@nileco.example,7,32,12255.53,0.00,2021-06-03,,1,onsite,763
1755,Ibrahim,Kamal,ibrahim.kamal1755@nileco.example,2,10,55319.33,5.00,2017-06-07,,1,hybrid,3698
1756,Aya,Ramadan,aya.ramadan1756@nileco.example,7,33,21248.08,0.00,2022-01-31,,1,hybrid,263
1757,Tamer,Metwally,tamer.metwally1757@nileco.example,7,32,9321.46,0.00,2024-07-16,,1,hybrid,339
1758,Fatma,Khalil,fatma.khalil1758@nileco.example,6,29,18631.07,0.00,2022-10-21,,1,onsite,20
1759,Tarek,Ali,tarek.ali1759@nileco.example,3,13,22118.09,0.00,2025-03-16,,1,onsite,4634
1760,Ziad,Selim,ziad.selim1760@nileco.example,8,38,19020.28,0.00,2023-02-12,,1,remote,3420
1761,Karim,Tawfik,karim.tawfik1761@nileco.example,2,8,24581.26,5.00,2019-08-14,,1,onsite,3053
1762,Sherif,Tawfik,sherif.tawfik1762@nileco.example,3,12,10588.49,0.00,2021-03-09,,1,hybrid,642
1763,طارق,متولي,tarek.metwally1763@nileco.example,5,24,32749.90,0.00,2021-10-18,,1,onsite,769
1764,هبة,عباس,heba.abbas1764@nileco.example,2,7,11196.40,5.00,2025-04-12,,1,onsite,1725
1765,كريم,سليم,karim.selim1765@nileco.example,9,42,19436.06,0.00,2019-11-04,,1,remote,4007
1766,شريف,حلمي,sherif.helmy1766@nileco.example,2,8,22666.53,5.00,2021-08-06,,1,remote,2706
1767,Heba,Selim,heba.selim1767@nileco.example,1,2,10002.19,0.00,2023-12-03,,1,hybrid,3282
1768,Nour,Khalil,nour.khalil1768@nileco.example,3,13,24741.37,0.00,2020-07-04,,1,onsite,4110
1769,Wael,Rashwan,wael.rashwan1769@nileco.example,4,18,27166.80,0.00,2024-06-22,,1,hybrid,4379
1770,Aya,Zaki,aya.zaki1770@nileco.example,1,3,22673.95,0.00,2019-07-31,,1,onsite,4631
1771,زياد,أحمد,ziad.ahmed1771@nileco.example,2,7,10843.41,5.00,2023-09-17,,1,remote,916
1772,Ziad,Khalil,ziad.khalil1772@nileco.example,6,28,9370.81,0.00,2025-10-04,,1,onsite,2557
1773,مريم,كمال,mariam.kamal1773@nileco.example,6,29,19207.80,0.00,2020-08-19,,1,hybrid,888
1774,Salma,Nasser,salma.nasser1774@nileco.example,9,41,9494.06,0.00,2023-07-19,,1,hybrid,3253
1775,Salma,Gaber,salma.gaber1775@nileco.example,7,33,18357.89,0.00,2023-06-30,,1,hybrid,1326
1776,Tamer,Ali,tamer.ali1776@nileco.example,2,8,22575.98,5.00,2020-04-10,,1,onsite,512
1777,محمود,إسماعيل,mahmoud.ismail1777@nileco.example,6,28,14256.32,0.00,2021-11-07,,1,onsite,4613
1778,نور,صبحي,nour.sobhy1778@nileco.example,8,36,6100.69,0.00,2025-02-16,,1,onsite,1742
1779,Khaled,Saeed,khaled.saeed1779@nileco.example,5,25,52883.48,0.00,2020-05-01,,1,onsite,3698
1780,Sara,Rashwan,sara.rashwan1780@nileco.example,2,6,8061.23,5.00,2025-04-12,,1,onsite,1439
1781,Marwan,Zaki,marwan.zaki1781@nileco.example,1,2,13110.09,0.00,2023-11-22,,1,hybrid,3042
1782,Hoda,Selim,hoda.selim1782@nileco.example,3,13,20503.27,0.00,2024-08-21,,1,onsite,1099
1783,Youssef,Zaki,youssef.zaki1783@nileco.example,9,43,30373.97,0.00,2021-11-24,,1,onsite,2086
1784,Hoda,Gaber,hoda.gaber1784@nileco.example,3,14,39717.84,0.00,2019-12-20,,1,onsite,4396
1785,Michael,Tawfik,michael.tawfik1785@nileco.example,5,23,15751.50,0.00,2023-02-21,,1,onsite,4790
1786,Omar,Sobhy,omar.sobhy1786@nileco.example,4,19,51274.33,0.00,2019-07-03,,1,hybrid,1892
1787,ندى,محمود,nada.mahmoud1787@nileco.example,7,31,6557.16,0.00,2025-08-24,,1,onsite,3927
1788,Youssef,Youssef,youssef.youssef1788@nileco.example,6,29,20279.70,0.00,2025-02-28,,1,onsite,1608
1789,آية,عباس,aya.abbas1789@nileco.example,3,13,19421.24,0.00,2023-09-13,,1,hybrid,2239
1790,Khaled,Fathy,khaled.fathy1790@nileco.example,2,10,51205.36,5.00,2021-12-25,,1,onsite,2638
1791,Hany,Moussa,hany.moussa1791@nileco.example,9,42,19371.02,0.00,2019-12-12,,1,onsite,4194
1792,عمرو,ناصر,amr.nasser1792@nileco.example,6,30,31110.02,0.00,2021-06-17,,1,remote,2649
1793,Salma,Abbas,salma.abbas1793@nileco.example,8,38,18288.21,0.00,2023-11-03,,1,remote,300
1794,Sherif,Rashwan,sherif.rashwan1794@nileco.example,4,19,50178.86,0.00,2018-05-06,,1,onsite,4331
1795,طارق,ناصر,tarek.nasser1795@nileco.example,9,42,18687.93,0.00,2022-07-22,,1,hybrid,3265
1796,Fatma,Badawy,fatma.badawy1796@nileco.example,2,8,19224.85,5.00,2024-04-18,,1,onsite,3690
1797,Ziad,Kamal,ziad.kamal1797@nileco.example,6,29,19936.93,0.00,2023-07-19,,1,onsite,3847
1798,Ziad,Saeed,ziad.saeed1798@nileco.example,5,23,27199.26,0.00,2019-04-13,,1,onsite,3142
1799,طارق,فتحي,tarek.fathy1799@nileco.example,1,4,38669.11,0.00,2017-10-07,,1,onsite,4757
1800,Farida,Rashwan,farida.rashwan1800@nileco.example,2,8,14349.44,5.00,2025-05-30,,1,onsite,2476
1801,علي,عبد العزيز,ali.abdelaziz1801@nileco.example,1,3,17082.00,0.00,2022-09-11,,1,onsite,4889
1802,محمد,فتحي,mohamed.fathy1802@nileco.example,5,22,9421.60,0.00,2024-09-04,,1,hybrid,997
1803,Yasmin,Farouk,yasmin.farouk1803@nileco.example,5,24,37638.33,0.00,2018-05-26,,1,onsite,4068
1804,Ahmed,Saeed,ahmed.saeed1804@nileco.example,1,4,37328.11,0.00,2019-12-29,,1,onsite,4276
1805,Ahmed,Roushdy,ahmed.roushdy1805@nileco.example,1,3,20870.21,0.00,2019-06-29,,1,onsite,4233
1806,Marwan,Tawfik,marwan.tawfik1806@nileco.example,2,7,11406.97,5.00,2022-11-04,,1,onsite,1963
1807,Dina,Elshamy,dina.elshamy1807@nileco.example,7,33,22779.84,0.00,2019-10-26,,1,hybrid,3478
1808,رانيا,نجيب,rania.naguib1808@nileco.example,7,33,16824.56,0.00,2025-11-29,,1,onsite,3948
1809,Wael,Sayed,wael.sayed1809@nileco.example,1,2,9557.20,0.00,2024-04-04,,1,onsite,3956
1810,نهى,ناصر,noha.nasser1810@nileco.example,7,33,17081.83,0.00,2024-05-20,,1,onsite,62
1811,Basma,Badawy,basma.badawy1811@nileco.example,6,28,13472.04,0.00,2021-06-24,,1,onsite,4465
1812,سارة,حسن,sara.hassan1812@nileco.example,1,4,40390.59,0.00,2017-08-17,,1,onsite,2639
1813,هبة,حسن,heba.hassan1813@nileco.example,5,22,7629.79,0.00,2026-04-02,,1,onsite,1372
1814,Basma,Farouk,basma.farouk1814@nileco.example,3,14,37283.58,0.00,2017-12-04,,1,onsite,4331
1815,Farida,Khalil,farida.khalil1815@nileco.example,4,18,31149.36,0.00,2021-12-10,,1,hybrid,2246
1816,Rania,Metwally,rania.metwally1816@nileco.example,4,17,16983.25,0.00,2024-10-22,,1,hybrid,4626
1817,Nada,Youssef,nada.youssef1817@nileco.example,1,1,4422.69,0.00,2026-06-19,,1,onsite,4052
1818,كريم,سالم,karim.salem1818@nileco.example,1,4,32225.26,0.00,2022-05-04,,1,onsite,104
1819,Youssef,Naguib,youssef.naguib1819@nileco.example,7,32,13404.40,0.00,2021-10-11,,1,hybrid,3060
1820,Farida,Rashwan,farida.rashwan1820@nileco.example,5,25,50970.95,0.00,2016-02-16,,1,onsite,2522
1821,زياد,إسماعيل,ziad.ismail1821@nileco.example,1,3,14941.72,0.00,2025-02-07,,1,onsite,4746
1822,Noha,Badawy,noha.badawy1822@nileco.example,4,18,31092.53,0.00,2019-11-14,2023-01-17,0,onsite,3424
1823,نهى,نجيب,noha.naguib1823@nileco.example,6,29,22486.51,0.00,2023-06-21,,1,onsite,3410
1824,Mona,Kamal,mona.kamal1824@nileco.example,6,28,10750.71,0.00,2022-11-05,2026-09-19,0,onsite,2686
1825,Ali,Ali,ali.ali1825@nileco.example,7,35,48171.89,0.00,2019-06-08,2021-09-21,0,onsite,2649
1826,مروان,ناصر,marwan.nasser1826@nileco.example,6,28,8323.80,0.00,2026-02-14,,1,hybrid,2154
1827,Shaimaa,Gaber,shaimaa.gaber1827@nileco.example,2,9,31578.80,5.00,2018-08-14,,1,onsite,2293
1828,فريدة,توفيق,farida.tawfik1828@nileco.example,6,28,8531.37,0.00,2024-04-24,2025-11-20,0,onsite,2771
1829,Farida,Ramadan,farida.ramadan1829@nileco.example,2,8,18629.25,5.00,2019-08-29,,1,onsite,965
1830,Ahmed,Salem,ahmed.salem1830@nileco.example,2,8,19663.84,5.00,2020-08-03,,1,onsite,3057
1831,Khaled,Zaki,khaled.zaki1831@nileco.example,1,5,52573.67,0.00,2017-12-01,,1,onsite,4477
1832,Mona,Kamal,mona.kamal1832@nileco.example,6,29,17498.27,0.00,2021-09-28,,1,hybrid,4583
1833,Fatma,Nasser,fatma.nasser1833@nileco.example,9,42,25410.30,0.00,2019-04-11,,1,onsite,4837
1834,Youssef,Sobhy,youssef.sobhy1834@nileco.example,9,41,12202.30,0.00,2022-07-17,,1,onsite,2161
1835,Khaled,Moussa,khaled.moussa1835@nileco.example,6,29,25179.78,0.00,2022-01-23,,1,hybrid,606
1836,Marwan,Fouad,marwan.fouad1836@nileco.example,3,12,10609.06,0.00,2025-04-12,2026-02-08,0,onsite,1602
1837,عمرو,جابر,amr.gaber1837@nileco.example,3,13,22793.98,0.00,2021-04-28,,1,hybrid,1101
1838,Yasmin,Sobhy,yasmin.sobhy1838@nileco.example,8,38,15039.52,0.00,2025-02-15,,1,onsite,1589
1839,Dalia,Mansour,dalia.mansour1839@nileco.example,3,12,7250.00,0.00,2024-12-17,,1,onsite,83
1840,Salma,Abbas,salma.abbas1840@nileco.example,9,41,11732.21,0.00,2026-05-13,,1,onsite,27
1841,Hany,Rashwan,hany.rashwan1841@nileco.example,3,11,5247.60,0.00,2024-12-11,,1,onsite,1916
1842,Amira,Abbas,amira.abbas1842@nileco.example,5,22,11955.15,0.00,2021-01-06,,1,remote,327
1843,Ziad,Sobhy,ziad.sobhy1843@nileco.example,6,27,5992.38,0.00,2026-01-18,,1,hybrid,558
1844,Noha,Hassan,noha.hassan1844@nileco.example,9,43,33100.46,0.00,2020-05-14,,1,hybrid,2114
1845,Andrew,Helmy,andrew.helmy1845@nileco.example,4,16,8884.83,0.00,2025-08-22,,1,onsite,2248
1846,داليا,جابر,dalia.gaber1846@nileco.example,7,33,18213.37,0.00,2025-09-03,,1,onsite,2537
1847,Amira,Rashwan,amira.rashwan1847@nileco.example,9,42,22997.69,0.00,2021-08-19,,1,onsite,4542
1848,وليد,خليل,walid.khalil1848@nileco.example,1,4,33024.99,0.00,2020-12-28,,1,onsite,2556
1849,حسين,جابر,hussein.gaber1849@nileco.example,3,12,9916.03,0.00,2025-02-24,,1,onsite,3281
1850,كريم,نجيب,karim.naguib1850@nileco.example,1,4,31819.10,0.00,2019-06-09,,1,onsite,3525
1851,Ibrahim,Helmy,ibrahim.helmy1851@nileco.example,6,29,17216.69,0.00,2021-08-04,,1,onsite,3410
1852,رانيا,محمود,rania.mahmoud1852@nileco.example,5,24,35443.15,0.00,2017-04-01,,1,onsite,3698
1853,Rania,Ahmed,rania.ahmed1853@nileco.example,1,3,23227.22,0.00,2021-09-14,,1,onsite,3680
1854,Hoda,Rashwan,hoda.rashwan1854@nileco.example,1,5,50760.56,0.00,2021-11-19,,1,onsite,2229
1855,Heba,Khalil,heba.khalil1855@nileco.example,1,2,13278.80,0.00,2021-10-09,,1,onsite,3385
1856,أميرة,سالم,amira.salem1856@nileco.example,2,8,20131.14,5.00,2022-12-06,2024-12-12,0,onsite,1965
1857,Youssef,Kamal,youssef.kamal1857@nileco.example,7,33,17217.17,0.00,2021-11-16,,1,onsite,3725
1858,Ibrahim,Gaber,ibrahim.gaber1858@nileco.example,8,38,18750.37,0.00,2023-09-25,,1,onsite,4950
1859,Laila,Saeed,laila.saeed1859@nileco.example,6,28,9702.76,0.00,2023-04-08,,1,hybrid,1876
1860,نور,فؤاد,nour.fouad1860@nileco.example,2,7,11653.12,5.00,2023-02-03,,1,onsite,1996
1861,Ziad,Selim,ziad.selim1861@nileco.example,3,14,32648.79,0.00,2019-09-05,,1,hybrid,4532
1862,عمر,سليم,omar.selim1862@nileco.example,6,28,10479.82,0.00,2022-12-26,,1,remote,4451
1863,منى,نجيب,mona.naguib1863@nileco.example,3,12,12266.78,0.00,2022-07-26,,1,onsite,3458
1864,Adel,Shawky,adel.shawky1864@nileco.example,6,29,16829.86,0.00,2024-01-23,,1,onsite,4378
1865,Farida,Gaber,farida.gaber1865@nileco.example,6,30,31812.61,0.00,2024-07-25,,1,onsite,2719
1866,Michael,Metwally,michael.metwally1866@nileco.example,3,12,10582.36,0.00,2023-07-20,,1,onsite,4922
1867,دينا,ناصر,dina.nasser1867@nileco.example,5,23,15642.73,0.00,2023-02-19,,1,hybrid,2187
1868,Mahmoud,Farouk,mahmoud.farouk1868@nileco.example,2,10,47753.65,5.00,2022-11-21,,1,onsite,4200
1869,Noha,Metwally,noha.metwally1869@nileco.example,2,8,20527.04,5.00,2023-04-30,,1,onsite,2795
1870,طارق,الشامي,tarek.elshamy1870@nileco.example,3,12,9823.93,0.00,2021-06-22,2024-04-23,0,hybrid,4779
1871,داليا,رشوان,dalia.rashwan1871@nileco.example,6,29,24874.34,0.00,2021-04-11,,1,onsite,1352
1872,تامر,نجيب,tamer.naguib1872@nileco.example,2,7,10564.81,5.00,2022-08-08,,1,remote,3239
1873,بسمة,عزت,basma.ezzat1873@nileco.example,1,2,7759.70,0.00,2025-01-15,,1,onsite,1885
1874,Aya,Roushdy,aya.roushdy1874@nileco.example,6,28,9393.01,0.00,2025-01-15,,1,onsite,292
1875,Marwan,Hassan,marwan.hassan1875@nileco.example,6,30,29533.32,0.00,2023-01-24,,1,hybrid,4396
1876,Adel,Hamdy,adel.hamdy1876@nileco.example,6,29,18513.65,0.00,2021-01-09,,1,hybrid,2416
1877,Noha,Hamdy,noha.hamdy1877@nileco.example,6,28,7250.00,0.00,2025-09-18,,1,hybrid,2500
1878,Ibrahim,Selim,ibrahim.selim1878@nileco.example,2,9,38489.66,5.00,2017-01-17,,1,remote,3831
1879,Basma,Ramadan,basma.ramadan1879@nileco.example,2,8,20447.42,5.00,2020-04-19,,1,hybrid,4534
1880,Noha,Abdelaziz,noha.abdelaziz1880@nileco.example,1,2,15409.98,0.00,2021-08-13,,1,onsite,4910
1881,Hussein,Fathy,hussein.fathy1881@nileco.example,1,3,21706.45,0.00,2021-10-26,,1,onsite,1655
1882,Heba,Elshamy,heba.elshamy1882@nileco.example,6,28,7250.00,0.00,2026-04-20,,1,onsite,2814
1883,Noha,Ramadan,noha.ramadan1883@nileco.example,7,33,27942.96,0.00,2020-06-20,,1,remote,2312
1884,Noha,Hamdy,noha.hamdy1884@nileco.example,7,32,11523.37,0.00,2023-02-11,,1,remote,3402
1885,Hany,Zaki,hany.zaki1885@nileco.example,1,5,50859.38,0.00,2020-08-15,,1,remote,2114
1886,Tarek,Zaki,tarek.zaki1886@nileco.example,2,7,10275.69,5.00,2026-06-28,,1,onsite,1944
1887,Amira,Gaber,amira.gaber1887@nileco.example,2,8,20174.69,5.00,2024-11-28,,1,onsite,440
1888,Karim,Fouad,karim.fouad1888@nileco.example,5,21,6301.65,0.00,2025-12-25,,1,hybrid,555
1889,Nour,Ali,nour.ali1889@nileco.example,6,29,17214.71,0.00,2023-10-25,,1,onsite,4450
1890,Mohamed,Abbas,mohamed.abbas1890@nileco.example,2,9,32869.43,5.00,2019-02-12,2021-04-16,0,onsite,1255
1891,Mahmoud,Roushdy,mahmoud.roushdy1891@nileco.example,1,4,38386.81,0.00,2019-10-26,,1,onsite,4769
1892,Nada,Farouk,nada.farouk1892@nileco.example,4,20,77708.12,0.00,2016-04-08,,1,hybrid,
1893,Hussein,Ramadan,hussein.ramadan1893@nileco.example,6,29,17136.10,0.00,2025-12-11,,1,onsite,1379
1894,خالد,عزت,khaled.ezzat1894@nileco.example,9,40,6791.33,0.00,2026-07-29,,1,onsite,3434
1895,مايكل,موسى,michael.moussa1895@nileco.example,7,32,11282.93,0.00,2021-08-10,,1,onsite,3799
1896,محمود,شوقي,mahmoud.shawky1896@nileco.example,3,12,11471.45,0.00,2021-07-31,,1,onsite,676
1897,Dina,Hamdy,dina.hamdy1897@nileco.example,7,32,11794.15,0.00,2024-12-18,,1,hybrid,2797
1898,مايكل,رمضان,michael.ramadan1898@nileco.example,1,3,15050.28,0.00,2025-05-05,,1,hybrid,114
1899,Hassan,Shawky,hassan.shawky1899@nileco.example,4,15,5129.27,0.00,2026-05-04,,1,onsite,4532
1900,Sherif,Fouad,sherif.fouad1900@nileco.example,6,30,38130.92,0.00,2018-01-25,,1,onsite,2114
1901,Mostafa,Shawky,mostafa.shawky1901@nileco.example,6,28,12162.59,0.00,2022-08-02,,1,remote,4123
1902,دينا,حمدي,dina.hamdy1902@nileco.example,2,10,47176.42,5.00,2022-11-08,,1,hybrid,2114
1903,Mahmoud,Shawky,mahmoud.shawky1903@nileco.example,1,3,24966.64,0.00,2019-04-22,,1,hybrid,4353
1904,محمد,سعيد,mohamed.saeed1904@nileco.example,3,11,3690.00,0.00,2026-07-28,,1,onsite,2612
1905,Mohamed,Hamdy,mohamed.hamdy1905@nileco.example,2,9,30070.16,5.00,2022-09-03,,1,remote,3382
1906,فاطمة,حلمي,fatma.helmy1906@nileco.example,4,17,23014.04,0.00,2019-11-15,,1,onsite,4379
1907,حسين,صبحي,hussein.sobhy1907@nileco.example,9,43,30045.90,0.00,2023-02-24,,1,hybrid,3583
1908,تامر,محمود,tamer.mahmoud1908@nileco.example,8,37,11392.06,0.00,2023-04-04,,1,hybrid,300
1909,Basma,Nasser,basma.nasser1909@nileco.example,8,39,39976.16,0.00,2017-08-04,,1,hybrid,2367
1910,Reem,Mansour,reem.mansour1910@nileco.example,2,7,12830.02,5.00,2023-12-02,,1,onsite,3655
1911,Amr,Ahmed,amr.ahmed1911@nileco.example,1,2,10390.91,0.00,2023-12-07,,1,remote,2765
1912,Wael,Shawky,wael.shawky1912@nileco.example,7,31,5565.57,0.00,2026-05-29,,1,onsite,2464
1913,هبة,نجيب,heba.naguib1913@nileco.example,6,30,32477.72,0.00,2020-03-13,,1,onsite,2449
1914,حسام,حسن,hossam.hassan1914@nileco.example,7,33,16798.94,0.00,2024-10-25,,1,remote,4309
1915,Salma,Naguib,salma.naguib1915@nileco.example,2,9,31547.83,5.00,2023-07-19,,1,remote,4160
1916,ريم,علي,reem.ali1916@nileco.example,3,12,8454.95,0.00,2025-08-14,,1,onsite,4043
1917,أندرو,سالم,andrew.salem1917@nileco.example,2,6,5563.75,5.00,2024-11-17,,1,remote,2856
1918,وائل,بدوي,wael.badawy1918@nileco.example,4,17,18112.25,0.00,2021-08-29,2023-12-22,0,onsite,4395
1919,Sherif,Abbas,sherif.abbas1919@nileco.example,9,42,21974.00,0.00,2023-06-23,2026-07-22,0,onsite,2182
1920,Michael,Ahmed,michael.ahmed1920@nileco.example,6,29,25817.12,0.00,2019-10-02,,1,remote,2792
1921,Farida,Mansour,farida.mansour1921@nileco.example,7,31,3690.00,0.00,2026-06-06,,1,onsite,2137
1922,Wael,Fathy,wael.fathy1922@nileco.example,6,27,7203.25,0.00,2025-02-08,,1,onsite,1076
1923,Laila,Metwally,laila.metwally1923@nileco.example,1,1,8479.79,0.00,2024-02-11,,1,onsite,308
1924,ندى,رشوان,nada.rashwan1924@nileco.example,1,4,36134.08,0.00,2022-03-06,,1,onsite,3199
1925,Mahmoud,Metwally,mahmoud.metwally1925@nileco.example,7,33,17546.47,0.00,2023-04-19,,1,hybrid,3725
1926,Shaimaa,Ismail,shaimaa.ismail1926@nileco.example,6,28,9086.67,0.00,2026-07-17,,1,onsite,558
1927,Hoda,Ali,hoda.ali1927@nileco.example,3,14,27214.96,0.00,2024-05-31,,1,remote,3698
1928,شيماء,صبحي,shaimaa.sobhy1928@nileco.example,5,24,32917.43,0.00,2022-01-27,,1,hybrid,4025
1929,Mostafa,Khalil,mostafa.khalil1929@nileco.example,2,7,9091.10,5.00,2026-05-10,,1,hybrid,1339
1930,بسمة,حلمي,basma.helmy1930@nileco.example,2,7,9123.01,5.00,2026-01-26,,1,remote,266
1931,فاطمة,نجيب,fatma.naguib1931@nileco.example,6,30,26311.33,0.00,2024-09-08,,1,hybrid,4396
1932,إبراهيم,الشامي,ibrahim.elshamy1932@nileco.example,3,13,18229.92,0.00,2021-02-16,2022-04-02,0,hybrid,73
1933,Amira,Abbas,amira.abbas1933@nileco.example,5,24,29786.17,0.00,2024-08-14,,1,onsite,4477
1934,يوسف,يوسف,youssef.youssef1934@nileco.example,9,40,5351.05,0.00,2026-04-16,,1,onsite,309
1935,Rania,Ali,rania.ali1935@nileco.example,6,28,7250.00,0.00,2025-03-30,,1,onsite,2455
1936,Ahmed,Elshamy,ahmed.elshamy1936@nileco.example,7,35,45777.44,0.00,2021-12-23,,1,onsite,2114
1937,أحمد,كمال,ahmed.kamal1937@nileco.example,7,33,20433.52,0.00,2024-08-21,,1,onsite,2063
1938,ريم,توفيق,reem.tawfik1938@nileco.example,7,33,22521.57,0.00,2019-08-29,,1,hybrid,2723
1939,Nour,Sayed,nour.sayed1939@nileco.example,2,8,22540.57,5.00,2021-11-30,,1,hybrid,3057
1940,Youssef,Saeed,youssef.saeed1940@nileco.example,1,2,11558.77,0.00,2022-05-09,2025-06-11,0,hybrid,654
1941,Hany,Sobhy,hany.sobhy1941@nileco.example,4,16,14184.56,0.00,2022-02-17,,1,onsite,1481
1942,Laila,Gaber,laila.gaber1942@nileco.example,9,41,9107.18,0.00,2023-08-06,,1,onsite,335
1943,أحمد,إسماعيل,ahmed.ismail1943@nileco.example,1,3,19424.48,0.00,2025-03-08,,1,onsite,1700
1944,Wael,Kamal,wael.kamal1944@nileco.example,2,8,18724.95,5.00,2021-10-29,,1,onsite,2932
1945,شريف,رشدي,sherif.roushdy1945@nileco.example,3,14,28873.91,0.00,2023-09-27,,1,onsite,3214
1946,Mona,Farouk,mona.farouk1946@nileco.example,6,29,21176.52,0.00,2022-02-08,,1,remote,292
1947,Marwan,Ali,marwan.ali1947@nileco.example,1,3,16978.12,0.00,2023-11-06,,1,onsite,3572
1948,Karim,Fouad,karim.fouad1948@nileco.example,2,8,18116.87,5.00,2025-10-12,,1,onsite,479
1949,Mahmoud,Sobhy,mahmoud.sobhy1949@nileco.example,4,20,80935.89,0.00,2015-08-23,,1,onsite,
1950,Ziad,Khalil,ziad.khalil1950@nileco.example,5,24,36404.86,0.00,2020-07-15,,1,remote,4791
1951,Reem,Mansour,reem.mansour1951@nileco.example,3,12,9413.62,0.00,2025-05-29,,1,onsite,2628
1952,زياد,موسى,ziad.moussa1952@nileco.example,7,33,20583.33,0.00,2022-06-20,,1,hybrid,1170
1953,Hossam,Moussa,hossam.moussa1953@nileco.example,2,9,32754.63,5.00,2019-11-01,,1,remote,2931
1954,Salma,Metwally,salma.metwally1954@nileco.example,6,29,19490.35,0.00,2021-12-23,,1,hybrid,4483
1955,Sara,Hamdy,sara.hamdy1955@nileco.example,6,29,14187.25,0.00,2024-03-02,2024-08-13,0,onsite,184
1956,محمود,بدوي,mahmoud.badawy1956@nileco.example,1,5,55514.74,0.00,2020-05-01,,1,onsite,3214
1957,Nour,Sobhy,nour.sobhy1957@nileco.example,9,43,35487.77,0.00,2020-04-26,,1,onsite,4532
1958,Ahmed,Youssef,ahmed.youssef1958@nileco.example,5,23,13360.00,0.00,2022-03-20,2022-09-04,0,remote,833
1959,Ali,Salem,ali.salem1959@nileco.example,1,2,10120.79,0.00,2025-09-21,,1,hybrid,1454
1960,Amira,Salem,amira.salem1960@nileco.example,9,41,10178.48,0.00,2024-10-11,,1,remote,3747
1961,Hassan,Kamal,hassan.kamal1961@nileco.example,4,17,22240.51,0.00,2019-05-19,,1,onsite,2412
1962,هاني,رشدي,hany.roushdy1962@nileco.example,3,13,19713.41,0.00,2019-08-10,,1,onsite,1373
1963,Karim,Selim,karim.selim1963@nileco.example,2,8,17375.07,5.00,2023-07-25,,1,remote,2202
1964,Youssef,Abbas,youssef.abbas1964@nileco.example,6,29,20163.14,0.00,2021-08-25,,1,hybrid,636
1965,Mahmoud,Sayed,mahmoud.sayed1965@nileco.example,2,9,30847.16,5.00,2023-02-19,,1,hybrid,1325
1966,Khaled,Metwally,khaled.metwally1966@nileco.example,5,23,22231.85,0.00,2019-04-23,,1,hybrid,26
1967,عادل,متولي,adel.metwally1967@nileco.example,4,16,12021.13,0.00,2023-11-14,,1,hybrid,1313
1968,Hany,Fouad,hany.fouad1968@nileco.example,6,29,22044.77,0.00,2021-06-15,,1,hybrid,636
1969,Wael,Youssef,wael.youssef1969@nileco.example,6,28,11097.89,0.00,2026-06-17,,1,onsite,572
1970,Reem,Ismail,reem.ismail1970@nileco.example,9,41,13186.84,0.00,2021-01-04,,1,remote,2117
1971,ليلى,رشوان,laila.rashwan1971@nileco.example,6,27,7085.34,0.00,2025-08-27,,1,hybrid,2679
1972,Amira,Metwally,amira.metwally1972@nileco.example,8,37,8748.54,0.00,2024-08-19,,1,onsite,3706
1973,Reem,Metwally,reem.metwally1973@nileco.example,2,10,46240.01,5.00,2019-08-09,,1,onsite,2449
1974,Sameh,Ezzat,sameh.ezzat1974@nileco.example,3,12,12636.71,0.00,2022-10-30,,1,onsite,1272
1975,Mohamed,Mahmoud,mohamed.mahmoud1975@nileco.example,1,3,23766.38,0.00,2019-06-10,,1,onsite,2752
1976,Hussein,Hamdy,hussein.hamdy1976@nileco.example,6,28,8423.12,0.00,2024-04-26,,1,hybrid,3063
1977,Sara,Ezzat,sara.ezzat1977@nileco.example,5,23,19782.83,0.00,2022-09-13,,1,onsite,1256
1978,Dalia,Zaki,dalia.zaki1978@nileco.example,2,7,11168.82,5.00,2021-11-01,,1,onsite,1549
1979,Wael,Ezzat,wael.ezzat1979@nileco.example,5,23,18932.43,0.00,2022-08-13,2024-11-12,0,onsite,4396
1980,Mona,Shawky,mona.shawky1980@nileco.example,9,42,20340.22,0.00,2022-02-15,,1,onsite,4837
1981,Salma,Hamdy,salma.hamdy1981@nileco.example,3,12,13440.15,0.00,2021-02-05,,1,onsite,3458
1982,Hoda,Shawky,hoda.shawky1982@nileco.example,7,34,35892.97,0.00,2017-11-09,,1,onsite,855
1983,هدى,بدوي,hoda.badawy1983@nileco.example,5,24,26666.63,0.00,2023-03-27,,1,hybrid,3619
1984,Dina,Fathy,dina.fathy1984@nileco.example,3,13,20039.73,0.00,2019-02-19,,1,remote,1186
1985,Adel,Mahmoud,adel.mahmoud1985@nileco.example,1,1,7425.38,0.00,2026-01-26,,1,hybrid,318
1986,Rania,Fathy,rania.fathy1986@nileco.example,6,29,23410.58,0.00,2021-08-27,,1,onsite,2416
1987,Rania,Badawy,rania.badawy1987@nileco.example,5,23,20019.34,0.00,2024-01-24,,1,onsite,3230
1988,Marwan,Fathy,marwan.fathy1988@nileco.example,5,25,52478.42,0.00,2016-03-24,,1,onsite,2649
1989,نور,عزت,nour.ezzat1989@nileco.example,7,35,43569.10,0.00,2017-01-26,2019-07-13,0,onsite,3583
1990,Hussein,Salem,hussein.salem1990@nileco.example,1,4,36920.87,0.00,2019-10-11,,1,onsite,4892
1991,Ziad,Mansour,ziad.mansour1991@nileco.example,1,2,9961.67,0.00,2024-10-06,,1,onsite,987
1992,هبة,زكي,heba.zaki1992@nileco.example,7,31,5651.20,0.00,2025-07-11,,1,onsite,3023
1993,Basma,Shawky,basma.shawky1993@nileco.example,1,2,9887.30,0.00,2024-04-13,,1,onsite,363
1994,Mariam,Abbas,mariam.abbas1994@nileco.example,1,4,29294.19,0.00,2024-12-31,2026-01-18,0,onsite,4275
1995,Basma,Fouad,basma.fouad1995@nileco.example,6,27,5366.62,0.00,2026-06-10,,1,onsite,2667
1996,أيمن,توفيق,ayman.tawfik1996@nileco.example,2,8,19947.39,5.00,2021-10-31,,1,onsite,1953
1997,فريدة,فتحي,farida.fathy1997@nileco.example,3,13,21944.49,0.00,2023-01-26,,1,onsite,3155
1998,Shaimaa,Sobhy,shaimaa.sobhy1998@nileco.example,2,8,25756.52,5.00,2019-05-23,,1,onsite,1236
1999,يوسف,الشامي,youssef.elshamy1999@nileco.example,5,24,26389.35,0.00,2024-03-20,,1,onsite,1167
2000,Mahmoud,Salem,mahmoud.salem2000@nileco.example,6,27,4661.56,0.00,2026-04-18,,1,onsite,1218
2001,Ahmed,Abdelaziz,ahmed.abdelaziz2001@nileco.example,4,17,17410.72,0.00,2023-06-06,,1,onsite,999
2002,Sameh,Fathy,sameh.fathy2002@nileco.example,6,28,10474.97,0.00,2024-04-12,,1,hybrid,279
2003,Reem,Gaber,reem.gaber2003@nileco.example,2,8,16956.00,5.00,2023-04-10,,1,onsite,3093
2004,Amira,Helmy,amira.helmy2004@nileco.example,1,2,12869.98,0.00,2025-05-12,2026-05-31,0,hybrid,2590
2005,Shaimaa,Kamal,shaimaa.kamal2005@nileco.example,7,32,12955.64,0.00,2021-11-01,,1,onsite,1883
2006,أندرو,يوسف,andrew.youssef2006@nileco.example,6,29,17467.87,0.00,2022-12-28,,1,onsite,1031
2007,ريم,الشامي,reem.elshamy2007@nileco.example,3,13,20404.28,0.00,2023-06-27,2026-08-07,0,onsite,681
2008,Farida,Farouk,farida.farouk2008@nileco.example,2,8,19831.17,5.00,2019-10-22,,1,hybrid,2891
2009,أميرة,زكي,amira.zaki2009@nileco.example,6,30,33626.26,0.00,2020-09-13,,1,onsite,2649
2010,Michael,Ramadan,michael.ramadan2010@nileco.example,2,9,34162.63,5.00,2020-04-30,,1,hybrid,6
2011,نور,السيد,nour.sayed2011@nileco.example,1,5,49295.38,0.00,2018-04-29,2021-12-24,0,onsite,
2012,مصطفى,يوسف,mostafa.youssef2012@nileco.example,3,14,34834.59,0.00,2018-10-28,,1,hybrid,4477
2013,ليلى,خليل,laila.khalil2013@nileco.example,5,24,25217.82,0.00,2021-09-25,,1,hybrid,1988
2014,أيمن,يوسف,ayman.youssef2014@nileco.example,7,31,5845.85,0.00,2026-02-07,,1,hybrid,1632
2015,Hossam,Sobhy,hossam.sobhy2015@nileco.example,1,3,22865.65,0.00,2019-07-14,,1,hybrid,3038
2016,رانيا,شوقي,rania.shawky2016@nileco.example,6,28,11185.98,0.00,2022-12-17,,1,onsite,2075
2017,Mohamed,Fouad,mohamed.fouad2017@nileco.example,5,24,39945.87,0.00,2018-01-08,,1,onsite,3597
2018,خالد,فتحي,khaled.fathy2018@nileco.example,1,1,6955.90,0.00,2026-04-13,,1,hybrid,1229
2019,Sameh,Badawy,sameh.badawy2019@nileco.example,5,22,11534.67,0.00,2022-08-02,,1,onsite,3630
2020,Yasmin,Youssef,yasmin.youssef2020@nileco.example,2,7,12219.02,5.00,2025-08-04,,1,onsite,276
2021,Yasmin,Youssef,yasmin.youssef2021@nileco.example,1,1,8673.51,0.00,2024-01-24,,1,hybrid,3331
2022,Hussein,Ismail,hussein.ismail2022@nileco.example,1,3,18115.92,0.00,2023-09-16,,1,hybrid,2752
2023,Karim,Salem,karim.salem2023@nileco.example,1,4,37670.47,0.00,2021-01-03,,1,hybrid,3212
2024,Laila,Khalil,laila.khalil2024@nileco.example,7,34,27748.68,0.00,2024-08-25,,1,onsite,2545
2025,Yasmin,Selim,yasmin.selim2025@nileco.example,5,24,30600.58,0.00,2024-11-06,,1,onsite,3445
2026,Nour,Helmy,nour.helmy2026@nileco.example,1,3,19653.26,0.00,2021-08-07,,1,remote,654
2027,Amr,Kamal,amr.kamal2027@nileco.example,7,32,12380.95,0.00,2022-07-03,,1,onsite,3927
2028,Mohamed,Ismail,mohamed.ismail2028@nileco.example,6,30,31507.50,0.00,2022-10-30,,1,hybrid,1378
2029,علي,شوقي,ali.shawky2029@nileco.example,5,25,52115.81,0.00,2019-07-06,,1,onsite,341
2030,Yasmin,Fouad,yasmin.fouad2030@nileco.example,6,27,4394.68,0.00,2024-07-27,,1,onsite,1312
2031,Omar,Ismail,omar.ismail2031@nileco.example,2,9,31824.69,5.00,2023-11-05,,1,onsite,4629
2032,Hussein,Fathy,hussein.fathy2032@nileco.example,1,3,18978.36,0.00,2022-02-11,,1,hybrid,2982
2033,Adel,Elshamy,adel.elshamy2033@nileco.example,2,6,3690.00,5.00,2026-06-20,,1,onsite,1573
2034,مروان,علي,marwan.ali2034@nileco.example,6,27,7123.71,0.00,2025-01-31,,1,onsite,4166
2035,Ahmed,Saeed,ahmed.saeed2035@nileco.example,6,29,16919.49,0.00,2020-12-31,2022-11-27,0,onsite,2028
2036,Basma,Fathy,basma.fathy2036@nileco.example,1,2,11906.06,0.00,2022-01-15,,1,onsite,2224
2037,بسمة,الشامي,basma.elshamy2037@nileco.example,2,10,55380.09,5.00,2016-09-03,,1,onsite,4200
2038,Hany,Ahmed,hany.ahmed2038@nileco.example,6,28,13541.73,0.00,2022-01-31,,1,onsite,121
2039,ندى,حمدي,nada.hamdy2039@nileco.example,2,8,16431.64,5.00,2023-08-16,,1,remote,1902
2040,Mohamed,Naguib,mohamed.naguib2040@nileco.example,6,30,36779.14,0.00,2021-06-07,,1,onsite,2229
2041,Andrew,Abdelaziz,andrew.abdelaziz2041@nileco.example,6,30,35123.54,0.00,2020-03-28,,1,onsite,2367
2042,Youssef,Abdelaziz,youssef.abdelaziz2042@nileco.example,9,42,21418.50,0.00,2024-03-07,,1,onsite,4398
2043,Aya,Mansour,aya.mansour2043@nileco.example,7,32,11776.47,0.00,2026-02-09,,1,hybrid,4975
2044,Mariam,Naguib,mariam.naguib2044@nileco.example,1,4,33349.16,0.00,2024-05-06,,1,onsite,4654
2045,Walid,Roushdy,walid.roushdy2045@nileco.example,6,28,7602.76,0.00,2026-04-22,,1,hybrid,381
2046,Hossam,Sobhy,hossam.sobhy2046@nileco.example,3,12,12518.92,0.00,2021-09-11,,1,onsite,4544
2047,Hany,Ali,hany.ali2047@nileco.example,4,17,24264.26,0.00,2019-03-19,,1,remote,3821
2048,Andrew,Badawy,andrew.badawy2048@nileco.example,2,8,23058.38,5.00,2021-06-21,,1,hybrid,4919
2049,مريم,صبحي,mariam.sobhy2049@nileco.example,3,13,16926.60,0.00,2024-10-27,,1,hybrid,4736
2050,دينا,متولي,dina.metwally2050@nileco.example,2,8,22699.03,5.00,2023-10-02,,1,remote,2194
2051,Sameh,Saeed,sameh.saeed2051@nileco.example,1,2,10031.54,0.00,2023-03-15,,1,onsite,2975
2052,Nada,Abbas,nada.abbas2052@nileco.example,2,7,10826.77,5.00,2026-02-13,,1,onsite,1626
2053,داليا,رشدي,dalia.roushdy2053@nileco.example,5,22,10670.46,0.00,2025-03-09,,1,hybrid,2649
2054,مايكل,عزت,michael.ezzat2054@nileco.example,2,8,21947.60,5.00,2021-05-05,,1,remote,2447
2055,نور,صبحي,nour.sobhy2055@nileco.example,3,14,33362.79,0.00,2021-09-26,,1,onsite,3757
2056,Mostafa,Roushdy,mostafa.roushdy2056@nileco.example,3,13,16394.68,0.00,2022-07-16,,1,onsite,2907
2057,Nour,Kamal,nour.kamal2057@nileco.example,1,2,8454.08,0.00,2024-06-29,,1,onsite,3252
2058,دينا,موسى,dina.moussa2058@nileco.example,7,34,23279.43,0.00,2021-08-17,2022-04-24,0,onsite,2256
2059,Hoda,Ismail,hoda.ismail2059@nileco.example,2,9,39045.71,5.00,2017-02-07,,1,onsite,1053
2060,Amira,Zaki,amira.zaki2060@nileco.example,6,27,7535.43,0.00,2024-10-23,,1,onsite,348
2061,Sameh,Roushdy,sameh.roushdy2061@nileco.example,2,9,28526.84,5.00,2023-08-29,,1,remote,4357
2062,Dina,Rashwan,dina.rashwan2062@nileco.example,5,22,9623.59,0.00,2026-06-27,,1,hybrid,3875
2063,Ayman,Rashwan,ayman.rashwan2063@nileco.example,7,34,29761.80,0.00,2019-11-10,,1,onsite,3941
2064,حسن,فؤاد,hassan.fouad2064@nileco.example,6,28,11567.62,0.00,2023-08-19,2025-11-20,0,onsite,132
2065,Mona,Ezzat,mona.ezzat2065@nileco.example,9,41,9004.69,0.00,2026-04-15,,1,onsite,3606
2066,Hossam,Hassan,hossam.hassan2066@nileco.example,2,8,22471.94,5.00,2025-02-26,,1,hybrid,3848
2067,Rania,Shawky,rania.shawky2067@nileco.example,1,3,15859.71,0.00,2025-03-10,2025-08-14,0,remote,2171
2068,Laila,Zaki,laila.zaki2068@nileco.example,7,33,21447.67,0.00,2019-10-30,,1,remote,2582
2069,Dalia,Tawfik,dalia.tawfik2069@nileco.example,5,22,11279.70,0.00,2025-06-19,,1,onsite,2242
2070,Mahmoud,Salem,mahmoud.salem2070@nileco.example,6,28,9706.66,0.00,2024-01-31,,1,remote,547
2071,أميرة,حسن,amira.hassan2071@nileco.example,6,30,34237.44,0.00,2021-01-27,,1,onsite,2649
2072,Amira,Rashwan,amira.rashwan2072@nileco.example,1,4,39741.55,0.00,2017-11-15,,1,onsite,2579
2073,Amira,Fouad,amira.fouad2073@nileco.example,2,6,5112.90,5.00,2026-05-04,,1,hybrid,3683
2074,Dina,Mansour,dina.mansour2074@nileco.example,5,25,50839.66,0.00,2019-08-11,,1,remote,3698
2075,Heba,Sayed,heba.sayed2075@nileco.example,6,29,20126.45,0.00,2021-05-08,,1,remote,747
2076,ندى,صبحي,nada.sobhy2076@nileco.example,6,28,7250.00,0.00,2026-06-10,,1,onsite,3343
2077,شريف,حسن,sherif.hassan2077@nileco.example,6,28,12051.99,0.00,2021-10-25,,1,onsite,2626
2078,Youssef,Metwally,youssef.metwally2078@nileco.example,6,28,10146.67,0.00,2023-09-12,,1,onsite,265
2079,Walid,Rashwan,walid.rashwan2079@nileco.example,1,3,19838.92,0.00,2020-06-15,,1,onsite,856
2080,Walid,Shawky,walid.shawky2080@nileco.example,6,29,22438.68,0.00,2020-03-18,,1,onsite,636
2081,كريم,أحمد,karim.ahmed2081@nileco.example,3,13,16473.17,0.00,2023-11-24,2026-03-04,0,onsite,2928
2082,Ahmed,Mahmoud,ahmed.mahmoud2082@nileco.example,2,8,20672.96,5.00,2019-09-07,,1,remote,1915
2083,ندى,موسى,nada.moussa2083@nileco.example,1,3,16594.71,0.00,2022-11-17,,1,onsite,2664
2084,أحمد,يوسف,ahmed.youssef2084@nileco.example,1,3,16705.16,0.00,2024-09-09,,1,onsite,3936
2085,Nour,Selim,nour.selim2085@nileco.example,1,5,42568.30,0.00,2018-10-03,2020-08-12,0,hybrid,2229
2086,نور,سالم,nour.salem2086@nileco.example,5,26,,0.00,2014-10-11,,1,hybrid,
2087,Heba,Helmy,heba.helmy2087@nileco.example,9,40,6252.37,0.00,2025-08-19,,1,onsite,2042
2088,إبراهيم,خليل,ibrahim.khalil2088@nileco.example,7,33,18749.52,0.00,2021-09-10,,1,onsite,3725
2089,Ibrahim,Abdelaziz,ibrahim.abdelaziz2089@nileco.example,1,2,13315.64,0.00,2021-03-21,,1,onsite,4014
2090,Wael,Rashwan,wael.rashwan2090@nileco.example,1,3,16263.40,0.00,2025-02-12,,1,onsite,1343
2091,Michael,Helmy,michael.helmy2091@nileco.example,1,4,27756.02,0.00,2022-06-14,,1,onsite,4889
2092,Mohamed,Shawky,mohamed.shawky2092@nileco.example,1,4,28831.34,0.00,2020-06-09,,1,hybrid,4525
2093,Hossam,Farouk,hossam.farouk2093@nileco.example,1,1,6786.21,0.00,2024-10-30,,1,hybrid,144
2094,Mahmoud,Youssef,mahmoud.youssef2094@nileco.example,1,2,13432.19,0.00,2023-08-07,,1,onsite,4506
2095,Hany,Ahmed,hany.ahmed2095@nileco.example,1,3,23903.36,0.00,2019-07-09,,1,onsite,4129
2096,Hossam,Badawy,hossam.badawy2096@nileco.example,1,3,19186.79,0.00,2020-04-22,,1,hybrid,4777
2097,Michael,Saeed,michael.saeed2097@nileco.example,4,17,18554.61,0.00,2024-08-16,,1,remote,4495
2098,طارق,حلمي,tarek.helmy2098@nileco.example,2,7,8023.44,5.00,2026-05-13,,1,onsite,4619
2099,Wael,Nasser,wael.nasser2099@nileco.example,6,29,16185.60,0.00,2024-07-23,,1,hybrid,54
2100,عمرو,كمال,amr.kamal2100@nileco.example,1,2,9077.32,0.00,2023-06-11,,1,onsite,926
2101,Ziad,Fathy,ziad.fathy2101@nileco.example,2,8,16862.41,5.00,2019-06-22,2020-01-09,0,onsite,1902
2102,Wael,Roushdy,wael.roushdy2102@nileco.example,5,22,10812.34,0.00,2021-10-29,,1,onsite,4094
2103,Omar,Gaber,omar.gaber2103@nileco.example,4,17,16525.89,0.00,2025-04-08,,1,onsite,3128
2104,علي,متولي,ali.metwally2104@nileco.example,6,29,24675.44,0.00,2020-02-13,,1,onsite,4219
2105,Mostafa,Sayed,mostafa.sayed2105@nileco.example,9,42,22934.09,0.00,2019-05-01,,1,remote,4156
2106,Mariam,Ezzat,mariam.ezzat2106@nileco.example,3,13,18286.60,0.00,2025-04-30,,1,hybrid,609
2107,يوسف,كمال,youssef.kamal2107@nileco.example,9,40,6035.77,0.00,2024-05-06,,1,onsite,4107
2108,Hany,Elshamy,hany.elshamy2108@nileco.example,4,16,7995.76,0.00,2025-03-16,,1,onsite,735
2109,رانيا,الشامي,rania.elshamy2109@nileco.example,8,38,17701.38,0.00,2021-03-13,,1,hybrid,777
2110,ليلى,خليل,laila.khalil2110@nileco.example,6,30,38089.36,0.00,2017-05-10,,1,onsite,1949
2111,بسمة,علي,basma.ali2111@nileco.example,2,9,25847.25,5.00,2021-12-16,2024-07-27,0,onsite,554
2112,Ibrahim,Saeed,ibrahim.saeed2112@nileco.example,7,32,11325.99,0.00,2024-01-20,,1,onsite,980
2113,Youssef,Saeed,youssef.saeed2113@nileco.example,2,10,48999.76,5.00,2019-08-30,,1,onsite,3757
2114,Mostafa,Fathy,mostafa.fathy2114@nileco.example,5,26,76845.15,0.00,2014-06-22,,1,onsite,
2115,Wael,Roushdy,wael.roushdy2115@nileco.example,3,13,20465.64,0.00,2020-06-21,,1,hybrid,4736
2116,سامح,إسماعيل,sameh.ismail2116@nileco.example,2,7,8840.17,5.00,2026-03-02,,1,hybrid,984
2117,Fatma,Badawy,fatma.badawy2117@nileco.example,9,42,20177.49,0.00,2025-09-30,,1,onsite,1410
2118,Adel,Khalil,adel.khalil2118@nileco.example,1,3,17258.52,0.00,2023-01-29,2025-08-11,0,onsite,987
2119,Fatma,Helmy,fatma.helmy2119@nileco.example,1,1,7074.04,0.00,2024-06-03,,1,onsite,537
2120,مريم,حمدي,mariam.hamdy2120@nileco.example,1,4,34980.96,0.00,2019-12-10,,1,onsite,4817
2121,Ahmed,Sayed,ahmed.sayed2121@nileco.example,3,14,31098.41,0.00,2022-03-20,,1,onsite,3214
2122,مصطفى,حلمي,mostafa.helmy2122@nileco.example,8,36,7703.00,0.00,2024-11-17,,1,onsite,2548
2123,Ayman,Saeed,ayman.saeed2123@nileco.example,9,41,10586.29,0.00,2026-01-17,,1,onsite,3694
2124,Salma,Zaki,salma.zaki2124@nileco.example,5,22,12705.49,0.00,2021-07-11,,1,hybrid,1183
2125,Ibrahim,Mahmoud,ibrahim.mahmoud2125@nileco.example,6,29,21199.18,0.00,2022-10-10,,1,hybrid,271
2126,Yasmin,Khalil,yasmin.khalil2126@nileco.example,4,16,10902.71,0.00,2025-02-18,,1,hybrid,4930
2127,أيمن,صبحي,ayman.sobhy2127@nileco.example,1,3,19368.51,0.00,2024-02-12,,1,onsite,759
2128,Sameh,Selim,sameh.selim2128@nileco.example,3,12,8826.64,0.00,2023-02-02,,1,onsite,2332
2129,أندرو,حلمي,andrew.helmy2129@nileco.example,1,1,5816.90,0.00,2025-06-29,,1,onsite,3318
2130,Andrew,Kamal,andrew.kamal2130@nileco.example,2,8,23296.39,5.00,2019-09-03,,1,onsite,1868
2131,Heba,Metwally,heba.metwally2131@nileco.example,6,28,12644.11,0.00,2024-04-22,,1,onsite,3446
2132,حسن,عباس,hassan.abbas2132@nileco.example,1,3,20561.47,0.00,2021-09-28,,1,hybrid,1399
2133,Amr,Moussa,amr.moussa2133@nileco.example,1,3,18368.17,0.00,2023-06-12,2023-10-14,0,hybrid,1666
2134,Hany,Helmy,hany.helmy2134@nileco.example,2,9,33532.15,5.00,2020-06-15,,1,remote,1182
2135,علي,عبد العزيز,ali.abdelaziz2135@nileco.example,7,32,12431.22,0.00,2021-03-03,,1,onsite,2728
2136,إبراهيم,كمال,ibrahim.kamal2136@nileco.example,9,40,5764.76,0.00,2024-01-23,,1,onsite,3744
2137,آية,السيد,aya.sayed2137@nileco.example,7,35,43268.66,0.00,2022-05-05,,1,hybrid,
2138,Laila,Fouad,laila.fouad2138@nileco.example,5,22,10358.47,0.00,2024-05-09,,1,onsite,3182
2139,ليلى,رشدي,laila.roushdy2139@nileco.example,6,30,31709.30,0.00,2023-11-03,,1,onsite,1949
2140,Ahmed,Zaki,ahmed.zaki2140@nileco.example,1,1,5591.20,0.00,2024-01-25,,1,hybrid,4691
2141,Fatma,Mahmoud,fatma.mahmoud2141@nileco.example,6,30,33623.30,0.00,2021-01-31,,1,onsite,
2142,Dina,Zaki,dina.zaki2142@nileco.example,2,10,47411.56,5.00,2022-04-07,,1,hybrid,2229
2143,هدى,فاروق,hoda.farouk2143@nileco.example,2,8,18931.65,5.00,2022-12-11,,1,remote,965
2144,Hossam,Moussa,hossam.moussa2144@nileco.example,2,7,11071.80,5.00,2025-09-25,,1,onsite,110
2145,فريدة,سليم,farida.selim2145@nileco.example,1,2,9291.78,0.00,2026-02-18,,1,hybrid,2943
2146,Amr,Saeed,amr.saeed2146@nileco.example,6,29,17004.56,0.00,2022-08-16,,1,onsite,1543
2147,Ayman,Ismail,ayman.ismail2147@nileco.example,1,2,10709.76,0.00,2022-12-18,,1,remote,4402
2148,Heba,Fouad,heba.fouad2148@nileco.example,1,4,39985.93,0.00,2017-02-13,,1,onsite,1528
2149,Heba,Mahmoud,heba.mahmoud2149@nileco.example,2,10,50929.96,5.00,2019-12-07,,1,onsite,3583
2150,Michael,Ahmed,michael.ahmed2150@nileco.example,4,17,15220.34,0.00,2025-10-12,,1,hybrid,4352
2151,Youssef,Salem,youssef.salem2151@nileco.example,6,27,6385.51,0.00,2026-06-27,,1,onsite,3268
2152,Sameh,Metwally,sameh.metwally2152@nileco.example,2,9,28711.32,5.00,2023-10-17,,1,hybrid,1755
2153,بسمة,حمدي,basma.hamdy2153@nileco.example,7,32,14071.82,0.00,2024-01-26,,1,hybrid,484
2154,ندى,أحمد,nada.ahmed2154@nileco.example,6,29,24387.04,0.00,2020-01-04,,1,onsite,1285
2155,Andrew,Selim,andrew.selim2155@nileco.example,6,28,8296.66,0.00,2023-08-02,,1,remote,3138
2156,Marwan,Tawfik,marwan.tawfik2156@nileco.example,7,33,14646.80,0.00,2025-02-01,,1,onsite,201
2157,Mostafa,Farouk,mostafa.farouk2157@nileco.example,6,28,10231.84,0.00,2023-04-04,,1,hybrid,976
2158,تامر,عبد العزيز,tamer.abdelaziz2158@nileco.example,7,32,10619.17,0.00,2024-03-31,,1,onsite,4668
2159,Hussein,Hamdy,hussein.hamdy2159@nileco.example,1,2,10919.63,0.00,2022-10-08,,1,onsite,3247
2160,Yasmin,Khalil,yasmin.khalil2160@nileco.example,1,3,19815.74,0.00,2022-07-29,,1,onsite,2653
2161,خالد,توفيق,khaled.tawfik2161@nileco.example,9,42,22708.00,0.00,2019-03-29,,1,onsite,281
2162,Omar,Youssef,omar.youssef2162@nileco.example,1,1,4155.46,0.00,2024-02-21,,1,onsite,3185
2163,Walid,Hamdy,walid.hamdy2163@nileco.example,6,29,18918.91,0.00,2021-04-10,,1,remote,1394
2164,مصطفى,فتحي,mostafa.fathy2164@nileco.example,6,28,8833.88,0.00,2026-07-02,,1,onsite,4425
2165,Hussein,Ismail,hussein.ismail2165@nileco.example,7,34,34480.44,0.00,2023-03-22,,1,onsite,2137
2166,Sameh,Ezzat,sameh.ezzat2166@nileco.example,7,34,32399.96,0.00,2024-10-01,,1,onsite,3941
2167,Shaimaa,Sayed,shaimaa.sayed2167@nileco.example,6,30,30903.92,0.00,2020-11-16,,1,remote,2649
2168,Marwan,Selim,marwan.selim2168@nileco.example,1,4,30680.35,0.00,2022-05-23,,1,onsite,4769
2169,حسن,سالم,hassan.salem2169@nileco.example,7,35,56089.20,0.00,2020-01-17,,1,onsite,2367
2170,Hoda,Fathy,hoda.fathy2170@nileco.example,1,3,16977.61,0.00,2023-09-10,,1,onsite,4530
2171,Michael,Sobhy,michael.sobhy2171@nileco.example,1,4,33910.26,0.00,2018-03-15,,1,onsite,19
2172,خالد,الشامي,khaled.elshamy2172@nileco.example,6,29,21972.91,0.00,2025-09-03,2026-02-18,0,onsite,2337
2173,Ali,Nasser,ali.nasser2173@nileco.example,3,11,5092.18,0.00,2025-06-27,,1,onsite,3225
2174,تامر,فؤاد,tamer.fouad2174@nileco.example,1,5,41654.91,0.00,2022-11-02,,1,hybrid,3757
2175,Farida,Fouad,farida.fouad2175@nileco.example,7,35,50079.09,0.00,2020-01-20,2023-04-17,0,hybrid,2638
2176,Salma,Youssef,salma.youssef2176@nileco.example,1,4,34270.17,0.00,2022-10-13,,1,hybrid,4889
2177,Khaled,Fathy,khaled.fathy2177@nileco.example,3,11,7268.24,0.00,2025-07-24,,1,onsite,4369
2178,Karim,Sayed,karim.sayed2178@nileco.example,1,3,16250.96,0.00,2025-06-23,,1,onsite,3878
2179,طارق,حلمي,tarek.helmy2179@nileco.example,4,16,10843.78,0.00,2024-02-25,,1,onsite,522
2180,Ziad,Moussa,ziad.moussa2180@nileco.example,2,8,20531.08,5.00,2023-07-29,,1,onsite,4695
2181,شيماء,توفيق,shaimaa.tawfik2181@nileco.example,1,3,21707.90,0.00,2019-12-06,,1,hybrid,3467
2182,بسمة,بدوي,basma.badawy2182@nileco.example,9,43,33540.93,0.00,2022-10-29,,1,remote,
2183,يوسف,زكي,youssef.zaki2183@nileco.example,9,42,20560.21,0.00,2025-02-28,,1,onsite,4494
2184,شريف,جابر,sherif.gaber2184@nileco.example,4,17,19624.20,0.00,2022-06-21,,1,onsite,4906
2185,Sameh,Naguib,sameh.naguib2185@nileco.example,5,22,9389.49,0.00,2026-02-18,,1,hybrid,4932
2186,Wael,Ali,wael.ali2186@nileco.example,5,24,32716.15,0.00,2019-10-22,,1,hybrid,3717
2187,Ali,Abbas,ali.abbas2187@nileco.example,5,24,29985.05,0.00,2023-04-10,,1,remote,1167
2188,مريم,صبحي,mariam.sobhy2188@nileco.example,7,32,10484.96,0.00,2021-09-08,,1,onsite,2797
2189,Hany,Fouad,hany.fouad2189@nileco.example,1,1,6033.50,0.00,2025-05-27,,1,hybrid,669
2190,عادل,حلمي,adel.helmy2190@nileco.example,1,3,17703.57,0.00,2025-05-23,,1,hybrid,3187
2191,فريدة,سليم,farida.selim2191@nileco.example,9,41,10641.21,0.00,2021-03-18,,1,hybrid,3480
2192,ريم,محمود,reem.mahmoud2192@nileco.example,6,28,13532.91,0.00,2024-03-26,,1,hybrid,3522
2193,Marwan,Fathy,marwan.fathy2193@nileco.example,7,32,13928.66,0.00,2021-03-26,,1,onsite,1745
2194,سارة,شوقي,sara.shawky2194@nileco.example,2,9,30543.54,5.00,2021-08-28,,1,onsite,3804
2195,Khaled,Ramadan,khaled.ramadan2195@nileco.example,3,12,10760.29,0.00,2023-01-06,,1,onsite,2839
2196,Andrew,Selim,andrew.selim2196@nileco.example,6,29,17351.05,0.00,2024-08-25,,1,remote,1230
2197,Amira,Ramadan,amira.ramadan2197@nileco.example,1,3,23353.52,0.00,2023-02-24,,1,onsite,1990
2198,Farida,Mahmoud,farida.mahmoud2198@nileco.example,9,40,7213.20,0.00,2024-01-14,,1,onsite,1184
2199,Heba,Hassan,heba.hassan2199@nileco.example,1,3,15833.29,0.00,2023-08-13,,1,remote,3131
2200,دينا,الشامي,dina.elshamy2200@nileco.example,5,21,5934.75,0.00,2026-05-01,,1,onsite,4641
2201,Yasmin,Shawky,yasmin.shawky2201@nileco.example,1,5,50227.30,0.00,2016-06-19,,1,onsite,4532
2202,وليد,رشدي,walid.roushdy2202@nileco.example,2,9,27423.77,5.00,2024-04-08,,1,hybrid,1236
2203,Nour,Ali,nour.ali2203@nileco.example,5,25,51955.13,0.00,2021-01-04,,1,hybrid,2086
2204,Ibrahim,Rashwan,ibrahim.rashwan2204@nileco.example,8,37,12884.53,0.00,2022-10-17,,1,onsite,3924
2205,Michael,Helmy,michael.helmy2205@nileco.example,6,30,30789.15,0.00,2020-04-01,,1,onsite,2114
2206,Mohamed,Helmy,mohamed.helmy2206@nileco.example,1,2,12270.69,0.00,2023-05-17,,1,onsite,813
2207,مصطفى,رشوان,mostafa.rashwan2207@nileco.example,3,11,4716.03,0.00,2026-04-24,,1,onsite,1916
2208,Hany,Nasser,hany.nasser2208@nileco.example,2,6,7597.72,5.00,2024-04-13,,1,hybrid,2720
2209,Heba,Metwally,heba.metwally2209@nileco.example,6,28,11392.86,0.00,2023-10-25,,1,onsite,3400
2210,Tamer,Saeed,tamer.saeed2210@nileco.example,5,24,30527.85,0.00,2020-02-24,,1,hybrid,3445
2211,كريم,منصور,karim.mansour2211@nileco.example,2,9,27481.25,5.00,2022-12-22,,1,onsite,4629
2212,Sameh,Mansour,sameh.mansour2212@nileco.example,3,14,37909.71,0.00,2019-02-03,,1,remote,3896
2213,Hoda,Elshamy,hoda.elshamy2213@nileco.example,6,29,18045.70,0.00,2024-02-01,,1,onsite,109
2214,Rania,Naguib,rania.naguib2214@nileco.example,1,2,8851.78,0.00,2024-12-01,,1,onsite,1267
2215,Sara,Shawky,sara.shawky2215@nileco.example,1,3,20689.99,0.00,2019-01-11,,1,remote,2381
2216,ندى,شوقي,nada.shawky2216@nileco.example,1,2,11437.21,0.00,2022-08-30,,1,remote,3482
2217,أيمن,رشوان,ayman.rashwan2217@nileco.example,2,8,19828.88,5.00,2023-08-16,,1,onsite,2334
2218,Rania,Metwally,rania.metwally2218@nileco.example,4,18,29563.79,0.00,2023-11-25,,1,hybrid,193
2219,مصطفى,سليم,mostafa.selim2219@nileco.example,6,28,12426.94,0.00,2022-02-16,,1,onsite,2519
2220,عمر,أحمد,omar.ahmed2220@nileco.example,6,29,17824.97,0.00,2025-11-08,,1,remote,4264
2221,Hussein,Gaber,hussein.gaber2221@nileco.example,1,3,20894.87,0.00,2021-08-11,,1,remote,3215
2222,Basma,Selim,basma.selim2222@nileco.example,1,4,36250.11,0.00,2020-10-17,,1,hybrid,930
2223,Salma,Salem,salma.salem2223@nileco.example,8,37,12090.22,0.00,2022-04-15,,1,onsite,2456
2224,ياسمين,شوقي,yasmin.shawky2224@nileco.example,1,3,20273.72,0.00,2021-06-08,,1,onsite,987
2225,Ahmed,Saeed,ahmed.saeed2225@nileco.example,2,9,28841.33,5.00,2023-10-14,,1,onsite,1255
2226,سلمى,خليل,salma.khalil2226@nileco.example,6,30,30220.53,0.00,2020-02-06,2021-02-15,0,hybrid,3214
2227,Heba,Fathy,heba.fathy2227@nileco.example,6,30,29419.89,0.00,2022-05-21,2022-10-20,0,onsite,4331
2228,Laila,Moussa,laila.moussa2228@nileco.example,1,3,16840.95,0.00,2023-05-18,,1,hybrid,156
2229,Mostafa,Ramadan,mostafa.ramadan2229@nileco.example,5,26,86128.06,0.00,2015-04-16,,1,hybrid,
2230,Youssef,Selim,youssef.selim2230@nileco.example,3,13,20255.88,0.00,2019-03-08,2022-06-15,0,hybrid,2239
2231,Omar,Selim,omar.selim2231@nileco.example,1,3,22913.03,0.00,2021-12-10,,1,onsite,489
2232,Omar,Abbas,omar.abbas2232@nileco.example,9,40,6733.45,0.00,2024-10-01,2026-08-17,0,onsite,1610
2233,Rania,Sayed,rania.sayed2233@nileco.example,1,2,10374.81,0.00,2024-07-02,,1,hybrid,1261
2234,Ibrahim,Metwally,ibrahim.metwally2234@nileco.example,9,42,21158.66,0.00,2019-06-26,,1,onsite,2328
2235,Omar,Ezzat,omar.ezzat2235@nileco.example,6,28,10256.94,0.00,2026-04-09,,1,hybrid,3207
2236,سارة,علي,sara.ali2236@nileco.example,8,39,33929.32,0.00,2021-12-15,,1,hybrid,3717
2237,نهى,توفيق,noha.tawfik2237@nileco.example,7,34,30429.96,0.00,2024-09-13,,1,onsite,315
2238,Hassan,Youssef,hassan.youssef2238@nileco.example,1,3,15879.13,0.00,2022-12-16,2023-08-02,0,onsite,2044
2239,Amira,Moussa,amira.moussa2239@nileco.example,3,14,35864.41,0.00,2022-01-11,,1,onsite,4200
2240,Sara,Zaki,sara.zaki2240@nileco.example,2,8,19377.77,5.00,2020-02-02,,1,onsite,561
2241,محمود,محمود,mahmoud.mahmoud2241@nileco.example,3,12,13339.57,0.00,2021-03-19,,1,hybrid,818
2242,Salma,Hamdy,salma.hamdy2242@nileco.example,5,23,22283.26,0.00,2023-08-23,,1,hybrid,67
2243,Ziad,Selim,ziad.selim2243@nileco.example,9,41,9509.81,0.00,2024-09-26,,1,hybrid,1699
2244,Walid,Farouk,walid.farouk2244@nileco.example,2,9,26907.71,5.00,2023-05-01,,1,onsite,4912
2245,Karim,Badawy,karim.badawy2245@nileco.example,8,38,16974.78,0.00,2023-12-08,,1,hybrid,4445
2246,Adel,Sayed,adel.sayed2246@nileco.example,4,19,57609.10,0.00,2019-02-01,,1,onsite,2638
2247,Walid,Salem,walid.salem2247@nileco.example,8,39,30019.45,0.00,2023-01-10,,1,hybrid,3757
2248,محمود,نجيب,mahmoud.naguib2248@nileco.example,4,17,14432.70,0.00,2024-08-02,,1,remote,3429
2249,ندى,يوسف,nada.youssef2249@nileco.example,3,12,13131.38,0.00,2021-08-24,,1,onsite,2115
2250,Hassan,Sayed,hassan.sayed2250@nileco.example,6,29,18869.04,0.00,2023-12-20,,1,onsite,240
2251,أحمد,موسى,ahmed.moussa2251@nileco.example,9,43,34999.17,0.00,2020-11-17,,1,onsite,2719
2252,Shaimaa,Nasser,shaimaa.nasser2252@nileco.example,6,28,11901.97,0.00,2022-07-08,,1,remote,1732
2253,Laila,Badawy,laila.badawy2253@nileco.example,8,38,20661.25,0.00,2020-08-21,,1,hybrid,2236
2254,Farida,Hamdy,farida.hamdy2254@nileco.example,3,12,7250.00,0.00,2026-05-11,,1,onsite,3653
2255,Basma,Badawy,basma.badawy2255@nileco.example,7,33,17408.68,0.00,2024-04-12,,1,onsite,4293
2256,Hassan,Metwally,hassan.metwally2256@nileco.example,7,35,54768.83,0.00,2016-08-09,,1,onsite,2638
2257,Sameh,Youssef,sameh.youssef2257@nileco.example,7,34,25006.14,0.00,2024-08-24,,1,onsite,1507
2258,Hassan,Roushdy,hassan.roushdy2258@nileco.example,1,3,21013.65,0.00,2020-06-30,,1,hybrid,3654
2259,Basma,Kamal,basma.kamal2259@nileco.example,3,13,19457.09,0.00,2019-01-14,,1,onsite,125
2260,Mohamed,Abdelaziz,mohamed.abdelaziz2260@nileco.example,6,29,19349.14,0.00,2024-04-24,,1,onsite,3847
2261,مصطفى,فؤاد,mostafa.fouad2261@nileco.example,1,3,23892.94,0.00,2020-02-18,,1,onsite,2826
2262,تامر,رشدي,tamer.roushdy2262@nileco.example,6,29,19621.81,0.00,2021-06-08,,1,onsite,558
2263,ندى,عزت,nada.ezzat2263@nileco.example,7,33,21931.64,0.00,2020-03-18,,1,onsite,1192
2264,Ibrahim,Ramadan,ibrahim.ramadan2264@nileco.example,1,3,19681.07,0.00,2023-11-03,,1,remote,1519
2265,Dina,Mansour,dina.mansour2265@nileco.example,1,3,16718.58,0.00,2025-11-01,,1,hybrid,4559
2266,Aya,Sayed,aya.sayed2266@nileco.example,1,2,12200.39,0.00,2023-02-19,,1,onsite,1975
2267,Dina,Ramadan,dina.ramadan2267@nileco.example,7,31,4946.86,0.00,2026-02-19,,1,onsite,3476
2268,Walid,Selim,walid.selim2268@nileco.example,1,2,11294.63,0.00,2022-03-31,,1,onsite,1290
2269,Sameh,Farouk,sameh.farouk2269@nileco.example,1,2,9533.81,0.00,2026-05-20,,1,onsite,2032
2270,إبراهيم,فؤاد,ibrahim.fouad2270@nileco.example,2,9,38625.40,5.00,2018-11-15,,1,hybrid,4357
2271,Nour,Ezzat,nour.ezzat2271@nileco.example,1,1,5542.98,0.00,2025-08-17,,1,onsite,2915
2272,Mostafa,Metwally,mostafa.metwally2272@nileco.example,7,33,18361.15,0.00,2020-08-14,,1,onsite,595
2273,Hoda,Ahmed,hoda.ahmed2273@nileco.example,1,4,25831.05,0.00,2018-03-29,2019-04-07,0,onsite,1375
2274,Amr,Moussa,amr.moussa2274@nileco.example,1,2,8431.38,0.00,2025-10-15,,1,hybrid,3477
2275,حسن,صبحي,hassan.sobhy2275@nileco.example,2,7,13143.62,5.00,2023-08-27,2026-07-06,0,onsite,4758
2276,Farida,Farouk,farida.farouk2276@nileco.example,3,14,34139.20,0.00,2020-05-17,,1,hybrid,2522
2277,Heba,Youssef,heba.youssef2277@nileco.example,4,16,7250.00,0.00,2024-11-11,2025-03-17,0,onsite,151
2278,Tarek,Fathy,tarek.fathy2278@nileco.example,1,4,32315.70,0.00,2019-01-17,,1,onsite,2556
2279,هبة,توفيق,heba.tawfik2279@nileco.example,1,1,7486.98,0.00,2025-09-30,,1,onsite,4000
2280,نهى,عزت,noha.ezzat2280@nileco.example,7,32,10609.63,0.00,2023-01-08,,1,onsite,1427
2281,Rania,Shawky,rania.shawky2281@nileco.example,1,4,31079.84,0.00,2020-10-19,,1,hybrid,2639
2282,Mostafa,Fouad,mostafa.fouad2282@nileco.example,6,28,12186.03,0.00,2022-03-05,,1,onsite,1029
2283,آية,عزت,aya.ezzat2283@nileco.example,9,43,34626.08,0.00,2022-01-18,,1,hybrid,3214
2284,Amr,Farouk,amr.farouk2284@nileco.example,4,18,28512.79,0.00,2019-07-12,,1,onsite,1624
2285,Heba,Rashwan,heba.rashwan2285@nileco.example,2,8,24845.45,5.00,2019-04-14,,1,onsite,3658
2286,Sherif,Moussa,sherif.moussa2286@nileco.example,2,8,16951.13,5.00,2024-09-06,,1,onsite,2569
2287,Mohamed,Tawfik,mohamed.tawfik2287@nileco.example,3,13,16021.50,0.00,2020-06-01,2021-04-18,0,onsite,3155
2288,ريم,فاروق,reem.farouk2288@nileco.example,2,9,31003.73,5.00,2023-10-04,,1,onsite,294
2289,Amr,Sayed,amr.sayed2289@nileco.example,6,29,22153.46,0.00,2021-02-28,,1,hybrid,4087
2290,Michael,Ismail,michael.ismail2290@nileco.example,6,29,15366.21,0.00,2025-07-01,,1,onsite,2505
2291,Omar,Sayed,omar.sayed2291@nileco.example,1,3,17128.02,0.00,2022-02-23,,1,onsite,4353
2292,Basma,Fathy,basma.fathy2292@nileco.example,1,2,8530.13,0.00,2026-01-12,,1,hybrid,604
2293,Nour,Fouad,nour.fouad2293@nileco.example,2,10,52246.42,5.00,2018-07-22,,1,hybrid,
2294,ريم,أحمد,reem.ahmed2294@nileco.example,2,9,31733.14,5.00,2022-12-11,,1,onsite,1182
2295,Sherif,Helmy,sherif.helmy2295@nileco.example,8,38,17732.05,0.00,2025-01-31,,1,onsite,777
2296,مصطفى,عباس,mostafa.abbas2296@nileco.example,2,7,7875.37,5.00,2025-07-13,,1,onsite,4931
2297,Sara,Naguib,sara.naguib2297@nileco.example,7,33,23849.79,0.00,2020-07-02,,1,onsite,3443
2298,Mohamed,Mansour,mohamed.mansour2298@nileco.example,7,33,22961.42,0.00,2023-01-16,,1,onsite,467
2299,Hoda,Saeed,hoda.saeed2299@nileco.example,1,2,12258.09,0.00,2022-02-08,,1,onsite,2079
2300,Rania,Elshamy,rania.elshamy2300@nileco.example,1,2,9741.26,0.00,2026-04-05,,1,onsite,3661
2301,Wael,Ahmed,wael.ahmed2301@nileco.example,6,29,24738.15,0.00,2020-02-04,,1,remote,3598
2302,تامر,محمود,tamer.mahmoud2302@nileco.example,6,27,7094.36,0.00,2024-08-03,2026-06-26,0,onsite,47
2303,Amira,Badawy,amira.badawy2303@nileco.example,5,23,20793.80,0.00,2022-05-20,,1,onsite,3134
2304,Sara,Ismail,sara.ismail2304@nileco.example,1,2,11051.37,0.00,2022-07-28,,1,onsite,3055
2305,Michael,Abbas,michael.abbas2305@nileco.example,7,34,31598.52,0.00,2020-04-14,2022-11-29,0,onsite,2518
2306,Youssef,Fouad,youssef.fouad2306@nileco.example,2,8,19753.02,5.00,2025-04-09,,1,onsite,3625
2307,سارة,فؤاد,sara.fouad2307@nileco.example,2,7,10448.09,5.00,2026-03-25,,1,remote,4271
2308,Adel,Shawky,adel.shawky2308@nileco.example,7,34,31535.38,0.00,2020-12-27,,1,onsite,677
2309,Aya,Elshamy,aya.elshamy2309@nileco.example,5,21,5098.22,0.00,2026-05-27,,1,onsite,580
2310,Michael,Salem,michael.salem2310@nileco.example,2,7,9435.56,5.00,2024-10-27,,1,onsite,2285
2311,Dalia,Sayed,dalia.sayed2311@nileco.example,3,12,9821.39,0.00,2026-01-30,,1,onsite,407
2312,Basma,Zaki,basma.zaki2312@nileco.example,7,34,32780.16,0.00,2023-09-02,,1,onsite,3941
2313,Ahmed,Zaki,ahmed.zaki2313@nileco.example,2,6,6691.17,5.00,2024-08-06,,1,onsite,4118
2314,Rania,Saeed,rania.saeed2314@nileco.example,2,9,32109.96,5.00,2023-07-15,,1,hybrid,3050
2315,Sara,Metwally,sara.metwally2315@nileco.example,7,33,22879.48,0.00,2020-12-22,,1,remote,4026
2316,Sara,Ezzat,sara.ezzat2316@nileco.example,1,3,14077.18,0.00,2019-07-19,2020-03-30,0,hybrid,3069
2317,Ibrahim,Khalil,ibrahim.khalil2317@nileco.example,9,42,21203.66,0.00,2019-11-04,,1,onsite,1575
2318,Nada,Ali,nada.ali2318@nileco.example,1,3,21368.60,0.00,2022-11-17,,1,onsite,2566
2319,Amr,Mahmoud,amr.mahmoud2319@nileco.example,6,28,11011.11,0.00,2023-03-23,,1,onsite,279
2320,زياد,سليم,ziad.selim2320@nileco.example,6,28,9915.20,0.00,2023-09-03,2025-06-01,0,hybrid,4918
2321,حسين,زكي,hussein.zaki2321@nileco.example,1,3,19462.06,0.00,2025-12-16,,1,hybrid,3312
2322,حسين,حمدي,hussein.hamdy2322@nileco.example,6,28,12974.17,0.00,2022-02-05,,1,remote,1312
2323,Ali,Shawky,ali.shawky2323@nileco.example,6,29,16481.32,0.00,2024-05-15,,1,hybrid,2523
2324,يوسف,بدوي,youssef.badawy2324@nileco.example,2,9,30297.47,5.00,2021-01-07,,1,hybrid,2682
2325,Hoda,Hassan,hoda.hassan2325@nileco.example,2,9,39883.57,5.00,2017-10-08,,1,hybrid,3372
2326,Mohamed,Hassan,mohamed.hassan2326@nileco.example,2,7,15221.21,5.00,2021-02-10,,1,onsite,1902
2327,رانيا,كمال,rania.kamal2327@nileco.example,1,2,11938.14,0.00,2023-01-07,,1,onsite,741
2328,Nour,Youssef,nour.youssef2328@nileco.example,9,43,26671.16,0.00,2022-09-19,,1,hybrid,2638
2329,سارة,ناصر,sara.nasser2329@nileco.example,1,2,13532.37,0.00,2022-08-13,,1,remote,3664
2330,Hany,Fouad,hany.fouad2330@nileco.example,6,29,24609.40,0.00,2019-03-06,,1,hybrid,4621
2331,Nada,Salem,nada.salem2331@nileco.example,8,38,16077.10,0.00,2024-07-29,,1,hybrid,3787
2332,Amira,Salem,amira.salem2332@nileco.example,3,14,41583.09,0.00,2017-03-23,,1,onsite,3583
2333,أيمن,السيد,ayman.sayed2333@nileco.example,6,30,36130.74,0.00,2021-01-10,,1,remote,4532
2334,Yasmin,Mansour,yasmin.mansour2334@nileco.example,2,9,31067.45,5.00,2024-08-21,,1,hybrid,4357
2335,Youssef,Ismail,youssef.ismail2335@nileco.example,3,13,17349.92,0.00,2023-12-10,,1,onsite,3031
2336,علي,صبحي,ali.sobhy2336@nileco.example,6,27,5774.59,0.00,2025-05-27,,1,onsite,4138
2337,Tamer,Abdelaziz,tamer.abdelaziz2337@nileco.example,6,30,31362.23,0.00,2022-11-12,,1,onsite,4396
2338,Rania,Farouk,rania.farouk2338@nileco.example,1,2,10776.55,0.00,2021-08-25,,1,hybrid,2190
2339,أيمن,جابر,ayman.gaber2339@nileco.example,7,33,22693.34,0.00,2020-10-31,,1,onsite,201
2340,Heba,Salem,heba.salem2340@nileco.example,2,6,5864.00,5.00,2026-05-23,,1,onsite,2635
2341,Yasmin,Kamal,yasmin.kamal2341@nileco.example,8,38,16787.56,0.00,2023-03-06,,1,onsite,3098
2342,Basma,Shawky,basma.shawky2342@nileco.example,1,2,11945.71,0.00,2022-11-26,2025-11-09,0,onsite,982
2343,داليا,سالم,dalia.salem2343@nileco.example,3,12,9363.51,0.00,2022-09-28,,1,onsite,4884
2344,Laila,Rashwan,laila.rashwan2344@nileco.example,6,29,15633.79,0.00,2023-12-06,,1,onsite,3743
2345,Hossam,Tawfik,hossam.tawfik2345@nileco.example,5,24,27328.33,0.00,2024-12-28,,1,onsite,3269
2346,مريم,الشامي,mariam.elshamy2346@nileco.example,1,1,7626.32,0.00,2024-02-23,,1,remote,1801
2347,Karim,Elshamy,karim.elshamy2347@nileco.example,6,29,23978.05,0.00,2020-11-22,,1,hybrid,3702
2348,Wael,Ahmed,wael.ahmed2348@nileco.example,6,28,9866.57,0.00,2026-01-08,,1,onsite,1271
2349,Rania,Elshamy,rania.elshamy2349@nileco.example,7,31,4850.39,0.00,2024-03-04,,1,onsite,2153
2350,Salma,Ismail,salma.ismail2350@nileco.example,3,14,26249.56,0.00,2023-01-09,2024-04-22,0,onsite,1378
2351,Mostafa,Moussa,mostafa.moussa2351@nileco.example,2,9,32180.05,5.00,2019-09-10,,1,onsite,2914
2352,Khaled,Roushdy,khaled.roushdy2352@nileco.example,1,2,8656.64,0.00,2025-11-04,2026-05-02,0,onsite,1881
2353,Ali,Selim,ali.selim2353@nileco.example,5,22,12197.30,0.00,2022-10-27,,1,hybrid,1475
2354,Nada,Mansour,nada.mansour2354@nileco.example,4,17,19520.50,0.00,2023-04-26,,1,remote,878
2355,Ayman,Gaber,ayman.gaber2355@nileco.example,1,4,28520.11,0.00,2022-09-10,,1,onsite,2732
2356,Farida,Fouad,farida.fouad2356@nileco.example,6,27,6453.85,0.00,2024-04-24,,1,hybrid,624
2357,Amira,Youssef,amira.youssef2357@nileco.example,8,38,16656.81,0.00,2023-03-24,,1,onsite,4950
2358,Ayman,Helmy,ayman.helmy2358@nileco.example,2,6,5444.79,5.00,2024-01-03,,1,onsite,4397
2359,Hany,Moussa,hany.moussa2359@nileco.example,5,21,5263.00,0.00,2024-05-18,,1,remote,555
2360,Rania,Gaber,rania.gaber2360@nileco.example,5,25,47775.32,0.00,2022-12-03,,1,hybrid,2649
2361,Sameh,Youssef,sameh.youssef2361@nileco.example,8,39,25174.29,0.00,2024-04-23,,1,onsite,4331
2362,Tamer,Hassan,tamer.hassan2362@nileco.example,9,42,15286.32,0.00,2025-04-27,,1,remote,1594
2363,Amira,Shawky,amira.shawky2363@nileco.example,3,13,18983.06,0.00,2024-12-31,,1,onsite,361
2364,Heba,Rashwan,heba.rashwan2364@nileco.example,5,22,13128.10,0.00,2026-02-10,,1,hybrid,382
2365,Hassan,Metwally,hassan.metwally2365@nileco.example,5,24,38105.55,0.00,2017-10-15,,1,onsite,3445
2366,Laila,Kamal,laila.kamal2366@nileco.example,1,3,18089.83,0.00,2023-01-12,,1,onsite,4364
2367,Hany,Roushdy,hany.roushdy2367@nileco.example,5,26,69972.03,0.00,2019-10-05,,1,onsite,
2368,أندرو,الشامي,andrew.elshamy2368@nileco.example,2,8,15889.96,5.00,2025-12-16,,1,remote,2476
2369,Mariam,Abdelaziz,mariam.abdelaziz2369@nileco.example,2,7,12067.71,5.00,2024-07-07,,1,onsite,3127
2370,Wael,Metwally,wael.metwally2370@nileco.example,1,4,32059.74,0.00,2023-09-09,,1,onsite,4654
2371,Nada,Nasser,nada.nasser2371@nileco.example,7,31,5073.99,0.00,2025-04-28,,1,onsite,3824
2372,Mariam,Farouk,mariam.farouk2372@nileco.example,4,18,31220.03,0.00,2022-04-25,,1,hybrid,1892
2373,Ziad,Moussa,ziad.moussa2373@nileco.example,7,33,22125.29,0.00,2020-10-24,,1,hybrid,1170
2374,Dina,Ismail,dina.ismail2374@nileco.example,3,14,24517.94,0.00,2023-04-28,,1,onsite,3214
2375,Ziad,Farouk,ziad.farouk2375@nileco.example,1,2,10198.87,0.00,2024-10-01,,1,remote,2971
2376,Dina,Hamdy,dina.hamdy2376@nileco.example,4,19,58755.01,0.00,2019-06-02,,1,hybrid,3214
2377,Youssef,Sobhy,youssef.sobhy2377@nileco.example,1,2,11855.82,0.00,2024-08-22,,1,hybrid,3608
2378,Hussein,Ali,hussein.ali2378@nileco.example,2,9,31396.43,5.00,2020-03-18,,1,onsite,1141
2379,Salma,Rashwan,salma.rashwan2379@nileco.example,3,13,17982.12,0.00,2025-04-05,,1,hybrid,2502
2380,Sara,Badawy,sara.badawy2380@nileco.example,6,30,38829.77,0.00,2017-08-21,,1,onsite,2367
2381,Amira,Shawky,amira.shawky2381@nileco.example,1,4,31419.98,0.00,2018-07-22,,1,onsite,1464
2382,Karim,Youssef,karim.youssef2382@nileco.example,1,5,48754.16,0.00,2020-10-19,,1,hybrid,1892
2383,Mariam,Ahmed,mariam.ahmed2383@nileco.example,4,17,16037.54,0.00,2024-01-03,,1,onsite,3437
2384,محمود,محمود,mahmoud.mahmoud2384@nileco.example,6,29,15355.32,0.00,2023-04-06,,1,remote,3864
2385,Noha,Gaber,noha.gaber2385@nileco.example,9,42,22182.71,0.00,2021-01-21,,1,onsite,1684
2386,Aya,Rashwan,aya.rashwan2386@nileco.example,1,3,23829.55,0.00,2020-07-14,,1,onsite,1048
2387,Farida,Moussa,farida.moussa2387@nileco.example,6,28,9214.04,0.00,2026-02-04,,1,hybrid,1429
2388,Mariam,Naguib,mariam.naguib2388@nileco.example,2,9,26377.89,5.00,2023-12-21,,1,onsite,3050
2389,هدى,رشوان,hoda.rashwan2389@nileco.example,2,9,25158.74,5.00,2023-03-27,,1,onsite,4160
2390,Ali,Saeed,ali.saeed2390@nileco.example,3,12,9985.66,0.00,2025-06-03,,1,hybrid,1024
2391,Mona,Ramadan,mona.ramadan2391@nileco.example,9,41,11021.94,0.00,2024-01-11,,1,hybrid,3732
2392,تامر,أحمد,tamer.ahmed2392@nileco.example,3,13,24528.79,0.00,2020-11-19,,1,onsite,361
2393,فريدة,يوسف,farida.youssef2393@nileco.example,6,30,28830.63,0.00,2022-08-06,,1,onsite,2229
2394,Hany,Ezzat,hany.ezzat2394@nileco.example,6,29,18234.28,0.00,2023-01-17,,1,onsite,240
2395,Karim,Roushdy,karim.roushdy2395@nileco.example,3,13,20357.31,0.00,2024-05-09,,1,onsite,262
2396,Mahmoud,Ezzat,mahmoud.ezzat2396@nileco.example,7,35,46145.80,0.00,2021-05-16,,1,hybrid,2229
2397,Sameh,Tawfik,sameh.tawfik2397@nileco.example,9,42,23565.20,0.00,2021-02-12,,1,onsite,718
2398,Adel,Hamdy,adel.hamdy2398@nileco.example,5,22,10150.40,0.00,2024-02-24,2025-03-02,0,onsite,2637
2399,Hussein,Ezzat,hussein.ezzat2399@nileco.example,1,3,18540.60,0.00,2021-10-22,,1,hybrid,1399
2400,Ayman,Elshamy,ayman.elshamy2400@nileco.example,6,29,23900.02,0.00,2020-08-21,,1,hybrid,552
2401,عادل,نجيب,adel.naguib2401@nileco.example,1,3,15057.34,0.00,2025-01-17,,1,onsite,3394
2402,Laila,Naguib,laila.naguib2402@nileco.example,6,29,15632.08,0.00,2025-11-13,,1,hybrid,3528
2403,طارق,منصور,tarek.mansour2403@nileco.example,5,24,30193.46,0.00,2024-11-24,,1,hybrid,4636
2404,يوسف,فاروق,youssef.farouk2404@nileco.example,2,9,32859.87,5.00,2019-10-07,,1,remote,1755
2405,Shaimaa,Ramadan,shaimaa.ramadan2405@nileco.example,1,2,9098.31,0.00,2025-06-12,,1,onsite,1614
2406,Salma,Naguib,salma.naguib2406@nileco.example,2,6,3885.89,5.00,2026-06-08,,1,hybrid,3146
2407,Nour,Shawky,nour.shawky2407@nileco.example,6,29,22259.33,0.00,2021-01-28,,1,onsite,888
2408,Tamer,Mahmoud,tamer.mahmoud2408@nileco.example,4,16,10710.91,0.00,2023-10-28,,1,onsite,3374
2409,Mona,Ismail,mona.ismail2409@nileco.example,1,2,13522.98,0.00,2022-05-15,,1,hybrid,2265
2410,Youssef,Zaki,youssef.zaki2410@nileco.example,3,13,18375.29,0.00,2020-11-18,,1,onsite,826
2411,عمرو,حلمي,amr.helmy2411@nileco.example,2,9,40775.49,5.00,2017-03-09,,1,onsite,1061
2412,Shaimaa,Abbas,shaimaa.abbas2412@nileco.example,4,19,54203.40,0.00,2016-02-13,,1,hybrid,4331
2413,Mahmoud,Kamal,mahmoud.kamal2413@nileco.example,5,23,13360.00,0.00,2025-08-22,,1,onsite,1712
2414,Karim,Nasser,karim.nasser2414@nileco.example,7,33,22749.97,0.00,2020-05-02,,1,onsite,1326
2415,دينا,رمضان,dina.ramadan2415@nileco.example,7,33,21162.12,0.00,2022-08-24,,1,onsite,4560
2416,رانيا,سليم,rania.selim2416@nileco.example,6,30,32895.00,0.00,2019-08-14,,1,onsite,3896
2417,إبراهيم,حمدي,ibrahim.hamdy2417@nileco.example,6,29,17540.62,0.00,2023-09-23,,1,hybrid,2167
2418,شيماء,أحمد,shaimaa.ahmed2418@nileco.example,1,4,41627.94,0.00,2017-11-17,,1,onsite,1854
2419,إبراهيم,أحمد,ibrahim.ahmed2419@nileco.example,6,27,4830.44,0.00,2024-07-17,2026-02-11,0,onsite,2681
2420,Michael,Metwally,michael.metwally2420@nileco.example,3,13,17211.46,0.00,2023-08-23,,1,onsite,4310
2421,يوسف,سعيد,youssef.saeed2421@nileco.example,9,42,18359.40,0.00,2024-07-05,,1,hybrid,4851
2422,Laila,Ali,laila.ali2422@nileco.example,8,39,34366.22,0.00,2021-01-23,,1,onsite,3896
2423,ندى,أحمد,nada.ahmed2423@nileco.example,1,3,21729.13,0.00,2020-02-16,,1,remote,1590
2424,Andrew,Nasser,andrew.nasser2424@nileco.example,7,35,43135.54,0.00,2021-01-06,,1,hybrid,341
2425,Hassan,Elshamy,hassan.elshamy2425@nileco.example,6,28,10529.89,0.00,2023-05-08,,1,onsite,1123
2426,Heba,Rashwan,heba.rashwan2426@nileco.example,2,7,12605.21,5.00,2021-01-21,,1,onsite,3272
2427,Dina,Roushdy,dina.roushdy2427@nileco.example,1,5,42920.50,0.00,2022-11-18,,1,onsite,2367
2428,Ibrahim,Ahmed,ibrahim.ahmed2428@nileco.example,5,23,21192.55,0.00,2024-01-08,,1,hybrid,1712
2429,Basma,Tawfik,basma.tawfik2429@nileco.example,5,23,19502.68,0.00,2021-01-23,,1,remote,1189
2430,داليا,سليم,dalia.selim2430@nileco.example,9,40,6336.57,0.00,2026-02-19,2026-07-21,0,remote,1114
2431,Ahmed,Moussa,ahmed.moussa2431@nileco.example,6,29,20148.80,0.00,2021-10-17,,1,onsite,1488
2432,زياد,عبد العزيز,ziad.abdelaziz2432@nileco.example,6,30,25888.06,0.00,2024-09-13,,1,remote,2638
2433,Ziad,Ismail,ziad.ismail2433@nileco.example,7,33,20891.91,0.00,2019-03-08,,1,onsite,4244
2434,Wael,Helmy,wael.helmy2434@nileco.example,2,7,9446.88,5.00,2023-06-21,2024-07-07,0,remote,1239
2435,Wael,Shawky,wael.shawky2435@nileco.example,3,13,21192.37,0.00,2023-07-13,,1,onsite,3898
2436,وليد,يوسف,walid.youssef2436@nileco.example,4,18,32717.22,0.00,2023-05-06,,1,onsite,1736
2437,Adel,Khalil,adel.khalil2437@nileco.example,4,18,39112.46,0.00,2023-10-19,,1,onsite,735
2438,Reem,Shawky,reem.shawky2438@nileco.example,1,3,17457.28,0.00,2020-10-26,,1,onsite,805
2439,Nada,Sobhy,nada.sobhy2439@nileco.example,2,8,13700.18,5.00,2024-10-09,,1,onsite,1207
2440,مصطفى,حمدي,mostafa.hamdy2440@nileco.example,3,13,19235.77,0.00,2023-11-21,,1,onsite,2819
2441,Mahmoud,Ahmed,mahmoud.ahmed2441@nileco.example,6,29,19852.27,0.00,2025-06-27,,1,hybrid,1450
2442,Adel,Fouad,adel.fouad2442@nileco.example,1,4,30769.45,0.00,2020-08-21,,1,onsite,2732
2443,Nour,Youssef,nour.youssef2443@nileco.example,7,34,35106.63,0.00,2023-09-08,,1,hybrid,2518
2444,محمد,الشامي,mohamed.elshamy2444@nileco.example,6,29,22992.30,0.00,2021-09-08,,1,hybrid,1430
2445,Andrew,Tawfik,andrew.tawfik2445@nileco.example,6,30,30416.81,0.00,2022-01-11,,1,hybrid,3896
2446,كريم,توفيق,karim.tawfik2446@nileco.example,6,28,14108.28,0.00,2022-02-28,,1,onsite,2290
2447,Tamer,Saeed,tamer.saeed2447@nileco.example,2,9,35097.53,5.00,2022-08-19,,1,onsite,4591
2448,Heba,Sayed,heba.sayed2448@nileco.example,7,33,18840.29,0.00,2021-07-03,,1,hybrid,2908
2449,ريم,حسن,reem.hassan2449@nileco.example,5,26,83034.77,0.00,2014-10-11,,1,onsite,
2450,ليلى,موسى,laila.moussa2450@nileco.example,6,29,23127.90,0.00,2019-01-21,,1,remote,4378
2451,Omar,Sobhy,omar.sobhy2451@nileco.example,6,30,37422.57,0.00,2017-04-16,,1,onsite,
2452,Hossam,Abbas,hossam.abbas2452@nileco.example,7,33,22116.11,0.00,2021-03-26,,1,remote,3716
2453,Ali,Salem,ali.salem2453@nileco.example,2,9,41323.46,5.00,2017-03-19,,1,hybrid,4160
2454,Dalia,Rashwan,dalia.rashwan2454@nileco.example,2,7,9494.70,5.00,2024-11-24,,1,onsite,2955
2455,Ibrahim,Moussa,ibrahim.moussa2455@nileco.example,6,29,21273.62,0.00,2021-06-19,,1,onsite,2581
2456,مريم,فاروق,mariam.farouk2456@nileco.example,8,38,13832.21,0.00,2025-09-04,,1,onsite,2247
2457,Walid,Zaki,walid.zaki2457@nileco.example,2,7,11865.71,5.00,2023-11-24,,1,onsite,3380
2458,Basma,Ezzat,basma.ezzat2458@nileco.example,2,9,30840.27,5.00,2019-09-03,,1,onsite,3804
2459,Omar,Hassan,omar.hassan2459@nileco.example,7,33,18052.33,0.00,2024-02-22,,1,onsite,3725
2460,Amr,Fathy,amr.fathy2460@nileco.example,7,33,20282.48,0.00,2024-01-27,2024-06-08,0,onsite,4650
2461,تامر,خليل,tamer.khalil2461@nileco.example,4,17,20062.39,0.00,2023-03-24,2024-01-19,0,onsite,2979
2462,Amira,Abbas,amira.abbas2462@nileco.example,5,24,34567.20,0.00,2019-11-06,,1,hybrid,2229
2463,Nada,Metwally,nada.metwally2463@nileco.example,2,7,7250.00,5.00,2026-06-18,,1,onsite,1068
2464,Walid,Naguib,walid.naguib2464@nileco.example,7,32,12057.27,0.00,2022-12-18,,1,hybrid,2448
2465,شيماء,فؤاد,shaimaa.fouad2465@nileco.example,1,1,6857.76,0.00,2025-05-11,,1,hybrid,1464
2466,حسن,خليل,hassan.khalil2466@nileco.example,9,43,45464.93,0.00,2017-03-31,,1,onsite,4477
2467,مروان,ناصر,marwan.nasser2467@nileco.example,7,32,10238.76,0.00,2023-06-16,,1,onsite,2537
2468,Karim,Mahmoud,karim.mahmoud2468@nileco.example,1,3,18496.71,0.00,2022-11-02,,1,onsite,1087
2469,Sameh,Metwally,sameh.metwally2469@nileco.example,7,33,20280.94,0.00,2025-02-26,,1,onsite,4131
2470,بسمة,علي,basma.ali2470@nileco.example,3,13,16648.56,0.00,2024-08-28,,1,remote,3294
2471,فريدة,متولي,farida.metwally2471@nileco.example,7,33,22239.15,0.00,2022-01-10,,1,hybrid,3725
2472,فريدة,موسى,farida.moussa2472@nileco.example,1,2,11466.52,0.00,2023-08-27,,1,onsite,4653
2473,Basma,Hamdy,basma.hamdy2473@nileco.example,6,29,21177.02,0.00,2020-03-10,,1,remote,4401
2474,Andrew,Helmy,andrew.helmy2474@nileco.example,4,16,12540.70,0.00,2021-09-27,,1,onsite,3519
2475,Omar,Abdelaziz,omar.abdelaziz2475@nileco.example,2,8,17470.44,5.00,2020-07-23,2024-07-31,0,remote,2476
2476,Shaimaa,Badawy,shaimaa.badawy2476@nileco.example,2,9,42056.73,5.00,2017-07-20,,1,hybrid,4024
2477,Salma,Fathy,salma.fathy2477@nileco.example,1,2,7453.22,0.00,2024-08-23,,1,onsite,819
2478,سارة,سعيد,sara.saeed2478@nileco.example,6,29,19295.92,0.00,2024-03-03,,1,onsite,753
2479,محمود,رمضان,mahmoud.ramadan2479@nileco.example,2,7,11734.63,5.00,2021-10-16,,1,onsite,4912
2480,عادل,يوسف,adel.youssef2480@nileco.example,1,2,7776.06,0.00,2024-08-24,2025-08-28,0,hybrid,3482
2481,Shaimaa,Selim,shaimaa.selim2481@nileco.example,2,8,20415.95,5.00,2019-04-08,,1,remote,2389
2482,Walid,Farouk,walid.farouk2482@nileco.example,1,2,10777.19,0.00,2026-03-18,,1,onsite,3147
2483,Walid,Tawfik,walid.tawfik2483@nileco.example,1,1,7088.45,0.00,2026-03-25,,1,hybrid,670
2484,عمر,سالم,omar.salem2484@nileco.example,9,42,23849.13,0.00,2020-11-18,,1,onsite,281
2485,Hany,Farouk,hany.farouk2485@nileco.example,6,29,22627.80,0.00,2019-07-06,,1,onsite,895
2486,Khaled,Metwally,khaled.metwally2486@nileco.example,2,9,34201.96,5.00,2021-09-06,,1,remote,1249
2487,عادل,حسن,adel.hassan2487@nileco.example,6,29,17903.74,0.00,2022-01-20,,1,onsite,4869
2488,Mariam,Gaber,mariam.gaber2488@nileco.example,1,4,31171.67,0.00,2017-08-24,,1,hybrid,1702
2489,Mahmoud,Helmy,mahmoud.helmy2489@nileco.example,6,29,18887.50,0.00,2024-11-26,,1,hybrid,271
2490,هدى,حمدي,hoda.hamdy2490@nileco.example,1,4,33279.92,0.00,2021-07-28,,1,hybrid,1324
2491,Karim,Roushdy,karim.roushdy2491@nileco.example,6,28,7250.00,0.00,2026-01-07,,1,onsite,1954
2492,Youssef,Shawky,youssef.shawky2492@nileco.example,4,16,9542.18,0.00,2024-07-22,,1,onsite,2979
2493,حسام,ناصر,hossam.nasser2493@nileco.example,8,37,8591.98,0.00,2025-02-10,,1,remote,1139
2494,Reem,Mahmoud,reem.mahmoud2494@nileco.example,2,7,14516.69,5.00,2021-03-15,,1,onsite,4814
2495,Noha,Moussa,noha.moussa2495@nileco.example,6,29,17161.52,0.00,2024-08-28,,1,onsite,923
2496,حسام,ناصر,hossam.nasser2496@nileco.example,2,9,40168.78,5.00,2017-04-09,,1,onsite,4192
2497,مروان,حمدي,marwan.hamdy2497@nileco.example,7,32,10639.17,0.00,2024-12-18,,1,onsite,2255
2498,Sherif,Sayed,sherif.sayed2498@nileco.example,9,41,10247.53,0.00,2025-08-24,,1,onsite,1393
2499,نهى,كمال,noha.kamal2499@nileco.example,4,17,21856.05,0.00,2025-04-05,,1,onsite,1313
2500,Andrew,Kamal,andrew.kamal2500@nileco.example,6,29,22778.21,0.00,2020-04-17,,1,onsite,660
2501,نهى,فاروق,noha.farouk2501@nileco.example,1,2,8642.96,0.00,2026-05-15,,1,onsite,2745
2502,فريدة,محمود,farida.mahmoud2502@nileco.example,3,14,35994.50,0.00,2017-12-06,,1,onsite,2449
2503,Rania,Ali,rania.ali2503@nileco.example,8,36,3828.20,0.00,2026-06-20,,1,onsite,1622
2504,Yasmin,Mansour,yasmin.mansour2504@nileco.example,3,11,8197.66,0.00,2024-12-17,,1,onsite,2617
2505,Hany,Ezzat,hany.ezzat2505@nileco.example,6,30,30046.30,0.00,2020-12-10,,1,remote,3214
2506,Yasmin,Kamal,yasmin.kamal2506@nileco.example,9,41,11164.82,0.00,2025-12-13,,1,hybrid,3565
2507,Hossam,Badawy,hossam.badawy2507@nileco.example,3,13,18526.62,0.00,2023-11-27,,1,hybrid,1541
2508,Mohamed,Saeed,mohamed.saeed2508@nileco.example,1,4,30737.38,0.00,2019-09-19,,1,onsite,1662
2509,وائل,توفيق,wael.tawfik2509@nileco.example,2,8,16725.04,5.00,2025-05-03,2026-07-19,0,onsite,2325
2510,Salma,Shawky,salma.shawky2510@nileco.example,7,33,21733.84,0.00,2019-09-04,,1,onsite,451
2511,Hany,Farouk,hany.farouk2511@nileco.example,1,5,57072.32,0.00,2018-06-27,,1,hybrid,
2512,Fatma,Fathy,fatma.fathy2512@nileco.example,1,2,12506.36,0.00,2023-10-24,,1,onsite,516
2513,Farida,Hassan,farida.hassan2513@nileco.example,3,12,14092.39,0.00,2022-01-04,,1,onsite,2838
2514,زياد,محمود,ziad.mahmoud2514@nileco.example,2,9,33827.39,5.00,2021-02-24,,1,onsite,1325
2515,مروان,جابر,marwan.gaber2515@nileco.example,2,9,31154.71,5.00,2020-08-30,,1,onsite,1325
2516,Mariam,Sayed,mariam.sayed2516@nileco.example,3,13,15396.40,0.00,2025-08-16,,1,onsite,1814
2517,Khaled,Khalil,khaled.khalil2517@nileco.example,5,24,37339.31,0.00,2020-05-07,,1,hybrid,1378
2518,أيمن,عبد العزيز,ayman.abdelaziz2518@nileco.example,7,35,44055.15,0.00,2022-04-26,,1,hybrid,4477
2519,خالد,توفيق,khaled.tawfik2519@nileco.example,6,29,24062.01,0.00,2020-06-04,,1,hybrid,636
2520,Amr,Hamdy,amr.hamdy2520@nileco.example,6,29,13923.19,0.00,2025-07-11,2026-04-13,0,onsite,753
2521,ليلى,سالم,laila.salem2521@nileco.example,5,23,21326.58,0.00,2023-11-22,2025-08-18,0,hybrid,216
2522,Walid,Farouk,walid.farouk2522@nileco.example,5,26,82135.86,0.00,2017-03-08,,1,hybrid,
2523,Khaled,Naguib,khaled.naguib2523@nileco.example,6,30,34600.28,0.00,2022-07-15,,1,onsite,4396
2524,Farida,Ezzat,farida.ezzat2524@nileco.example,7,33,24537.35,0.00,2020-03-04,,1,hybrid,2922
2525,Noha,Salem,noha.salem2525@nileco.example,1,3,16124.02,0.00,2021-02-11,2023-08-13,0,onsite,4835
2526,Salma,Kamal,salma.kamal2526@nileco.example,1,3,25945.61,0.00,2019-08-09,,1,hybrid,1261
2527,Amira,Sobhy,amira.sobhy2527@nileco.example,1,2,11171.29,0.00,2026-05-14,,1,onsite,2386
2528,Basma,Badawy,basma.badawy2528@nileco.example,6,28,11125.60,0.00,2022-06-11,,1,onsite,99
2529,Ahmed,Abdelaziz,ahmed.abdelaziz2529@nileco.example,1,4,36281.46,0.00,2017-05-21,,1,onsite,521
2530,ندى,صبحي,nada.sobhy2530@nileco.example,4,18,24827.90,0.00,2024-12-22,,1,onsite,4331
2531,هدى,بدوي,hoda.badawy2531@nileco.example,6,28,11207.49,0.00,2023-01-18,,1,remote,2755
2532,Mahmoud,Mansour,mahmoud.mansour2532@nileco.example,3,12,7655.49,0.00,2026-06-21,,1,hybrid,1045
2533,تامر,متولي,tamer.metwally2533@nileco.example,1,3,16198.88,0.00,2025-05-12,,1,onsite,3215
2534,Sameh,Metwally,sameh.metwally2534@nileco.example,6,30,29653.29,0.00,2024-12-29,2026-09-02,0,onsite,
2535,Andrew,Salem,andrew.salem2535@nileco.example,5,24,34907.47,0.00,2017-06-07,,1,hybrid,1820
2536,أندرو,سالم,andrew.salem2536@nileco.example,2,7,10621.29,5.00,2025-09-24,,1,hybrid,2244
2537,حسين,بدوي,hussein.badawy2537@nileco.example,7,34,30039.12,0.00,2023-10-28,,1,onsite,3235
2538,Hassan,Ahmed,hassan.ahmed2538@nileco.example,7,32,11742.13,0.00,2023-11-29,,1,onsite,3802
2539,مصطفى,شوقي,mostafa.shawky2539@nileco.example,7,34,28666.99,0.00,2024-03-11,2025-10-28,0,onsite,1539
2540,سارة,عباس,sara.abbas2540@nileco.example,8,36,3690.00,0.00,2026-06-17,,1,hybrid,2204
2541,زياد,فؤاد,ziad.fouad2541@nileco.example,4,17,24467.78,0.00,2020-03-13,,1,hybrid,1769
2542,Dina,Salem,dina.salem2542@nileco.example,6,28,11959.26,0.00,2024-09-10,,1,hybrid,99
2543,Amira,Ramadan,amira.ramadan2543@nileco.example,6,29,22125.88,0.00,2024-01-17,,1,remote,3291
2544,هبة,حمدي,heba.hamdy2544@nileco.example,2,7,9408.03,5.00,2021-01-30,,1,onsite,2368
2545,حسام,حسن,hossam.hassan2545@nileco.example,7,35,50395.40,0.00,2017-09-12,,1,hybrid,4477
2546,Hassan,Helmy,hassan.helmy2546@nileco.example,6,29,22420.17,0.00,2021-01-10,,1,onsite,2589
2547,Salma,Naguib,salma.naguib2547@nileco.example,6,29,18024.67,0.00,2019-07-07,2020-02-15,0,remote,4155
2548,Wael,Saeed,wael.saeed2548@nileco.example,8,37,12133.99,0.00,2021-05-18,,1,remote,3417
2549,Sara,Khalil,sara.khalil2549@nileco.example,1,2,8547.33,0.00,2023-06-11,,1,onsite,3325
2550,Yasmin,Youssef,yasmin.youssef2550@nileco.example,1,5,50098.34,0.00,2017-03-17,,1,hybrid,
2551,Heba,Saeed,heba.saeed2551@nileco.example,7,32,12091.11,0.00,2023-10-17,,1,hybrid,1194
2552,Mahmoud,Badawy,mahmoud.badawy2552@nileco.example,1,5,51799.04,0.00,2022-04-19,,1,onsite,
2553,Khaled,Mansour,khaled.mansour2553@nileco.example,1,2,11279.04,0.00,2022-03-10,,1,onsite,815
2554,Sara,Khalil,sara.khalil2554@nileco.example,6,29,23262.91,0.00,2020-04-19,,1,remote,2505
2555,حسام,سالم,hossam.salem2555@nileco.example,6,29,16542.00,0.00,2023-12-25,,1,onsite,4470
2556,نهى,عبد العزيز,noha.abdelaziz2556@nileco.example,1,5,45268.64,0.00,2022-07-15,,1,onsite,2449
2557,Mariam,Badawy,mariam.badawy2557@nileco.example,6,29,19267.43,0.00,2020-08-09,,1,hybrid,4621
2558,سارة,أحمد,sara.ahmed2558@nileco.example,1,3,24028.06,0.00,2021-01-06,,1,remote,3486
2559,Adel,Rashwan,adel.rashwan2559@nileco.example,1,2,13164.67,0.00,2021-08-12,,1,remote,876
2560,Tarek,Hassan,tarek.hassan2560@nileco.example,7,33,16053.57,0.00,2022-09-06,2024-09-05,0,hybrid,4368
2561,عادل,حلمي,adel.helmy2561@nileco.example,6,28,11490.77,0.00,2022-07-15,,1,hybrid,221
2562,Sherif,Ezzat,sherif.ezzat2562@nileco.example,8,38,19319.98,0.00,2024-07-08,,1,onsite,4950
2563,نهى,موسى,noha.moussa2563@nileco.example,1,2,10722.74,0.00,2025-05-27,,1,remote,566
2564,Yasmin,Fouad,yasmin.fouad2564@nileco.example,6,28,13178.29,0.00,2024-06-10,,1,remote,1506
2565,Michael,Saeed,michael.saeed2565@nileco.example,7,33,17995.06,0.00,2024-05-14,,1,hybrid,593
2566,Noha,Hassan,noha.hassan2566@nileco.example,1,5,51106.44,0.00,2016-05-14,,1,onsite,3717
2567,Amr,Mansour,amr.mansour2567@nileco.example,2,9,27316.02,5.00,2023-08-29,,1,onsite,354
2568,Omar,Abbas,omar.abbas2568@nileco.example,2,8,16302.51,5.00,2025-05-14,,1,hybrid,3658
2569,Dalia,Khalil,dalia.khalil2569@nileco.example,2,9,27133.05,5.00,2021-04-12,,1,onsite,1868
2570,Ahmed,Helmy,ahmed.helmy2570@nileco.example,7,34,38773.46,0.00,2019-05-29,,1,onsite,542
2571,Ibrahim,Shawky,ibrahim.shawky2571@nileco.example,2,7,13365.83,5.00,2023-08-09,,1,remote,4390
2572,Hany,Shawky,hany.shawky2572@nileco.example,7,33,23409.12,0.00,2019-10-20,,1,onsite,4026
2573,Salma,Shawky,salma.shawky2573@nileco.example,6,28,9967.54,0.00,2022-10-07,,1,hybrid,2755
2574,منى,رمضان,mona.ramadan2574@nileco.example,1,4,31927.13,0.00,2017-05-22,,1,onsite,1607
2575,Reem,Sobhy,reem.sobhy2575@nileco.example,5,23,15745.90,0.00,2024-03-12,,1,hybrid,67
2576,داليا,حمدي,dalia.hamdy2576@nileco.example,5,22,10681.26,0.00,2024-06-29,,1,onsite,4932
2577,Salma,Gaber,salma.gaber2577@nileco.example,9,41,10368.75,0.00,2024-07-20,2025-08-10,0,onsite,4227
2578,أحمد,رمضان,ahmed.ramadan2578@nileco.example,1,3,18157.79,0.00,2024-06-24,,1,onsite,116
2579,Andrew,Saeed,andrew.saeed2579@nileco.example,1,5,56033.74,0.00,2016-11-18,,1,remote,2229
2580,عادل,صبحي,adel.sobhy2580@nileco.example,6,27,3690.00,0.00,2025-06-29,,1,remote,1576
2581,Yasmin,Badawy,yasmin.badawy2581@nileco.example,6,30,31441.54,0.00,2022-03-08,,1,remote,3583
2582,طارق,كمال,tarek.kamal2582@nileco.example,7,34,27903.53,0.00,2023-05-15,,1,hybrid,542
2583,Sara,Abdelaziz,sara.abdelaziz2583@nileco.example,1,3,19764.00,0.00,2021-11-29,,1,onsite,3149
2584,فاطمة,عباس,fatma.abbas2584@nileco.example,3,13,18027.75,0.00,2025-09-12,,1,remote,2819
2585,مصطفى,رشدي,mostafa.roushdy2585@nileco.example,1,2,11059.24,0.00,2022-08-09,,1,onsite,1457
2586,Fatma,Ali,fatma.ali2586@nileco.example,4,15,6171.52,0.00,2024-07-26,,1,onsite,4767
2587,أندرو,السيد,andrew.sayed2587@nileco.example,1,3,16685.58,0.00,2024-07-06,,1,onsite,1662
2588,Omar,Helmy,omar.helmy2588@nileco.example,5,23,14905.94,0.00,2025-06-30,,1,onsite,2203
2589,Marwan,Zaki,marwan.zaki2589@nileco.example,6,30,33489.34,0.00,2019-04-27,,1,hybrid,1949
2590,Hoda,Fouad,hoda.fouad2590@nileco.example,1,3,16854.27,0.00,2024-07-29,,1,hybrid,2222
2591,Khaled,Badawy,khaled.badawy2591@nileco.example,5,23,19734.78,0.00,2022-07-29,,1,onsite,4477
2592,مروان,موسى,marwan.moussa2592@nileco.example,6,28,12332.74,0.00,2023-03-09,,1,hybrid,4662
2593,Mostafa,Youssef,mostafa.youssef2593@nileco.example,7,31,6109.11,0.00,2025-04-03,,1,hybrid,1496
2594,Mahmoud,Metwally,mahmoud.metwally2594@nileco.example,6,28,9953.80,0.00,2026-06-12,,1,hybrid,43
2595,فريدة,أحمد,farida.ahmed2595@nileco.example,6,27,5265.16,0.00,2025-12-26,,1,onsite,3462
2596,Michael,Ali,michael.ali2596@nileco.example,1,3,22931.45,0.00,2019-09-04,,1,hybrid,2664
2597,ليلى,عبد العزيز,laila.abdelaziz2597@nileco.example,1,3,19248.44,0.00,2021-04-02,2024-06-30,0,remote,1208
2598,Omar,Roushdy,omar.roushdy2598@nileco.example,6,28,12041.86,0.00,2022-05-25,,1,onsite,3982
2599,هدى,حسن,hoda.hassan2599@nileco.example,6,28,14275.32,0.00,2021-05-30,,1,onsite,2929
2600,شريف,رمضان,sherif.ramadan2600@nileco.example,6,28,10575.35,0.00,2022-12-27,2025-02-22,0,remote,140
2601,Rania,Ismail,rania.ismail2601@nileco.example,9,41,11248.23,0.00,2021-09-02,,1,onsite,857
2602,أيمن,منصور,ayman.mansour2602@nileco.example,1,4,38811.32,0.00,2018-01-10,,1,remote,1147
2603,فاطمة,عزت,fatma.ezzat2603@nileco.example,1,3,19257.53,0.00,2025-07-17,,1,remote,232
2604,Farida,Badawy,farida.badawy2604@nileco.example,6,30,31402.20,0.00,2020-02-11,2020-09-11,0,remote,1892
2605,فريدة,فؤاد,farida.fouad2605@nileco.example,4,17,15389.94,0.00,2025-07-01,2026-03-28,0,onsite,1786
2606,Mahmoud,Hassan,mahmoud.hassan2606@nileco.example,5,23,21643.03,0.00,2020-04-19,,1,onsite,3436
2607,سارة,يوسف,sara.youssef2607@nileco.example,1,3,21123.29,0.00,2020-11-08,,1,onsite,3878
2608,Amira,Tawfik,amira.tawfik2608@nileco.example,3,12,10406.40,0.00,2025-06-27,2026-08-03,0,hybrid,830
2609,Walid,Gaber,walid.gaber2609@nileco.example,5,21,6013.50,0.00,2026-06-25,,1,onsite,2800
2610,هدى,بدوي,hoda.badawy2610@nileco.example,6,28,13188.95,0.00,2021-02-17,,1,remote,1864
2611,سارة,منصور,sara.mansour2611@nileco.example,7,33,21058.86,0.00,2020-12-24,,1,onsite,359
2612,إبراهيم,توفيق,ibrahim.tawfik2612@nileco.example,3,12,8987.44,0.00,2024-06-04,,1,hybrid,2839
2613,Ali,Moussa,ali.moussa2613@nileco.example,5,22,7444.90,0.00,2024-09-18,,1,remote,433
2614,شريف,سعيد,sherif.saeed2614@nileco.example,7,32,13391.35,0.00,2023-04-29,,1,onsite,3502
2615,Marwan,Roushdy,marwan.roushdy2615@nileco.example,2,8,22545.08,5.00,2021-01-26,,1,remote,4878
2616,Mohamed,Abbas,mohamed.abbas2616@nileco.example,2,9,30646.46,5.00,2022-11-08,,1,onsite,1790
2617,مصطفى,رشوان,mostafa.rashwan2617@nileco.example,3,12,11616.00,0.00,2021-01-24,,1,hybrid,4475
2618,Ali,Naguib,ali.naguib2618@nileco.example,1,3,20555.75,0.00,2024-03-02,,1,onsite,3739
2619,سامح,صبحي,sameh.sobhy2619@nileco.example,6,30,36534.54,0.00,2017-01-13,,1,hybrid,1949
2620,Hany,Gaber,hany.gaber2620@nileco.example,7,32,10744.65,0.00,2023-02-05,,1,onsite,322
2621,Yasmin,Youssef,yasmin.youssef2621@nileco.example,6,29,21798.79,0.00,2020-09-28,,1,remote,334
2622,دينا,نجيب,dina.naguib2622@nileco.example,2,7,12960.27,5.00,2021-09-09,,1,onsite,3804
2623,شيماء,علي,shaimaa.ali2623@nileco.example,7,34,33002.97,0.00,2018-08-18,,1,remote,2169
2624,زياد,إسماعيل,ziad.ismail2624@nileco.example,8,37,12277.24,0.00,2021-08-28,,1,onsite,48
2625,سارة,شوقي,sara.shawky2625@nileco.example,9,42,21117.14,0.00,2019-08-12,,1,onsite,776
2626,Nada,Shawky,nada.shawky2626@nileco.example,6,29,24248.49,0.00,2020-05-22,,1,remote,348
2627,Hassan,Ezzat,hassan.ezzat2627@nileco.example,3,12,14045.46,0.00,2021-02-22,,1,onsite,4101
2628,أندرو,الشامي,andrew.elshamy2628@nileco.example,3,14,29521.06,0.00,2022-11-21,,1,onsite,3583
2629,Sameh,Gaber,sameh.gaber2629@nileco.example,9,42,17435.65,0.00,2021-05-08,,1,onsite,4398
2630,Laila,Fouad,laila.fouad2630@nileco.example,6,29,19756.79,0.00,2023-02-06,,1,onsite,4239
2631,Mohamed,Youssef,mohamed.youssef2631@nileco.example,6,29,20795.51,0.00,2019-10-25,,1,onsite,4724
2632,نهى,كمال,noha.kamal2632@nileco.example,6,29,13434.11,0.00,2019-05-15,2020-06-20,0,onsite,3539
2633,Mohamed,Gaber,mohamed.gaber2633@nileco.example,9,42,23115.38,0.00,2021-04-30,,1,hybrid,4542
2634,Mahmoud,Selim,mahmoud.selim2634@nileco.example,1,2,12635.73,0.00,2022-04-08,,1,hybrid,2015
2635,Wael,Ismail,wael.ismail2635@nileco.example,2,9,27673.65,5.00,2023-12-21,,1,remote,1182
2636,Mariam,Shawky,mariam.shawky2636@nileco.example,7,33,15375.91,0.00,2019-09-01,2021-01-14,0,hybrid,677
2637,حسام,الشامي,hossam.elshamy2637@nileco.example,5,23,16197.75,0.00,2025-08-25,,1,onsite,639
2638,Ahmed,Mansour,ahmed.mansour2638@nileco.example,4,20,77208.15,0.00,2018-10-16,,1,onsite,
2639,Mostafa,Mahmoud,mostafa.mahmoud2639@nileco.example,1,5,53267.75,0.00,2020-05-08,,1,onsite,
2640,Hany,Moussa,hany.moussa2640@nileco.example,8,36,4735.30,0.00,2026-06-17,,1,onsite,2624
2641,Tamer,Hassan,tamer.hassan2641@nileco.example,6,28,10994.73,0.00,2022-08-25,,1,hybrid,1552
2642,Hoda,Selim,hoda.selim2642@nileco.example,7,35,55738.02,0.00,2017-10-06,,1,onsite,
2643,ليلى,فتحي,laila.fathy2643@nileco.example,5,22,8418.11,0.00,2026-07-30,,1,onsite,4636
2644,زياد,بدوي,ziad.badawy2644@nileco.example,6,29,20427.75,0.00,2023-01-25,,1,onsite,1608
2645,Rania,Sayed,rania.sayed2645@nileco.example,2,8,24010.67,5.00,2021-11-12,,1,onsite,4084
2646,Karim,Youssef,karim.youssef2646@nileco.example,1,4,30285.54,0.00,2021-08-20,,1,onsite,2968
2647,نهى,سالم,noha.salem2647@nileco.example,1,3,19107.65,0.00,2025-02-01,,1,remote,3536
2648,داليا,رشدي,dalia.roushdy2648@nileco.example,1,2,8671.28,0.00,2025-09-23,,1,remote,2090
2649,Youssef,Ezzat,youssef.ezzat2649@nileco.example,5,26,73443.44,0.00,2018-03-26,,1,onsite,
2650,شريف,حلمي,sherif.helmy2650@nileco.example,3,14,31816.26,0.00,2023-03-28,,1,onsite,3214
2651,Dalia,Hassan,dalia.hassan2651@nileco.example,3,13,22571.74,0.00,2020-03-27,,1,onsite,4251
2652,Fatma,Khalil,fatma.khalil2652@nileco.example,1,1,5396.39,0.00,2025-02-18,2025-12-31,0,onsite,2051
2653,Mohamed,Farouk,mohamed.farouk2653@nileco.example,1,5,52931.50,0.00,2018-10-10,,1,onsite,4396
2654,أميرة,سالم,amira.salem2654@nileco.example,7,33,18875.38,0.00,2019-10-06,,1,onsite,3411
2655,Mohamed,Metwally,mohamed.metwally2655@nileco.example,4,18,29121.34,0.00,2023-12-20,,1,onsite,599
2656,وائل,سليم,wael.selim2656@nileco.example,3,12,10396.75,0.00,2026-02-16,,1,remote,3700
2657,Walid,Nasser,walid.nasser2657@nileco.example,2,8,18843.48,5.00,2023-03-09,,1,hybrid,3831
2658,Adel,Ali,adel.ali2658@nileco.example,2,7,10460.40,5.00,2021-10-29,2025-08-30,0,onsite,266
2659,Nada,Roushdy,nada.roushdy2659@nileco.example,2,7,9925.07,5.00,2025-10-01,,1,hybrid,4357
2660,Dina,Roushdy,dina.roushdy2660@nileco.example,3,13,19156.52,0.00,2023-02-08,,1,onsite,4779
2661,Ayman,Metwally,ayman.metwally2661@nileco.example,1,2,11593.61,0.00,2021-04-15,,1,onsite,2902
2662,سارة,كمال,sara.kamal2662@nileco.example,6,29,17619.81,0.00,2023-04-25,,1,hybrid,4612
2663,Hussein,Elshamy,hussein.elshamy2663@nileco.example,6,29,21942.35,0.00,2021-06-13,,1,onsite,4583
2664,Mona,Badawy,mona.badawy2664@nileco.example,1,4,28243.54,0.00,2022-07-03,,1,onsite,1682
2665,Shaimaa,Shawky,shaimaa.shawky2665@nileco.example,7,33,20073.12,0.00,2020-12-28,,1,onsite,3851
2666,Noha,Hamdy,noha.hamdy2666@nileco.example,6,28,9615.68,0.00,2026-01-12,,1,onsite,1476
2667,Adel,Sobhy,adel.sobhy2667@nileco.example,6,28,10567.46,0.00,2022-09-28,,1,remote,1565
2668,Youssef,Roushdy,youssef.roushdy2668@nileco.example,1,3,15970.19,0.00,2025-04-08,,1,remote,4129
2669,Shaimaa,Farouk,shaimaa.farouk2669@nileco.example,9,41,7250.00,0.00,2025-09-12,,1,hybrid,1721
2670,Mahmoud,Shawky,mahmoud.shawky2670@nileco.example,7,35,45347.52,0.00,2021-12-05,,1,hybrid,2449
2671,Ziad,Sayed,ziad.sayed2671@nileco.example,1,4,37088.47,0.00,2020-09-12,,1,hybrid,3199
2672,Basma,Naguib,basma.naguib2672@nileco.example,1,3,17835.53,0.00,2020-02-26,,1,onsite,4446
2673,أندرو,حمدي,andrew.hamdy2673@nileco.example,6,29,19060.29,0.00,2022-03-24,,1,hybrid,1187
2674,وائل,نجيب,wael.naguib2674@nileco.example,3,13,19503.24,0.00,2021-11-10,,1,hybrid,3294
2675,Ali,Mahmoud,ali.mahmoud2675@nileco.example,1,2,8184.23,0.00,2025-08-02,,1,onsite,222
2676,Salma,Ezzat,salma.ezzat2676@nileco.example,6,29,14790.23,0.00,2021-03-05,,1,remote,184
2677,داليا,رشوان,dalia.rashwan2677@nileco.example,1,5,48833.09,0.00,2021-02-01,,1,onsite,2229
2678,Tamer,Roushdy,tamer.roushdy2678@nileco.example,1,2,12033.65,0.00,2023-06-29,,1,onsite,1440
2679,شيماء,موسى,shaimaa.moussa2679@nileco.example,6,28,11719.30,0.00,2024-01-11,,1,remote,4612
2680,Mariam,Gaber,mariam.gaber2680@nileco.example,2,7,9088.98,5.00,2023-05-31,,1,onsite,3012
2681,Heba,Salem,heba.salem2681@nileco.example,6,28,8672.46,0.00,2025-10-25,,1,hybrid,2644
2682,Amira,Fathy,amira.fathy2682@nileco.example,2,10,48310.18,5.00,2022-04-17,,1,onsite,2449
2683,Khaled,Rashwan,khaled.rashwan2683@nileco.example,7,33,16095.00,0.00,2022-10-27,,1,onsite,3235
2684,إبراهيم,شوقي,ibrahim.shawky2684@nileco.example,6,29,16213.68,0.00,2022-08-17,,1,hybrid,4264
2685,بسمة,السيد,basma.sayed2685@nileco.example,2,8,18537.51,5.00,2024-08-09,2025-10-08,0,onsite,2152
2686,Ahmed,Abdelaziz,ahmed.abdelaziz2686@nileco.example,6,29,15197.76,0.00,2022-08-17,,1,hybrid,4097
2687,Aya,Sayed,aya.sayed2687@nileco.example,1,3,19714.47,0.00,2021-04-13,,1,hybrid,18
2688,Sara,Naguib,sara.naguib2688@nileco.example,8,38,20984.52,0.00,2021-07-07,,1,hybrid,3938
2689,Reem,Gaber,reem.gaber2689@nileco.example,6,29,22955.10,0.00,2019-04-28,,1,onsite,4219
2690,Sameh,Hassan,sameh.hassan2690@nileco.example,6,28,9079.64,0.00,2025-07-06,,1,onsite,2920
2691,Sherif,Ismail,sherif.ismail2691@nileco.example,1,2,10936.57,0.00,2021-11-12,,1,onsite,3569
2692,Nada,Abdelaziz,nada.abdelaziz2692@nileco.example,5,23,23229.78,0.00,2023-02-06,,1,hybrid,188
2693,حسام,سالم,hossam.salem2693@nileco.example,6,28,10494.93,0.00,2026-01-31,,1,remote,3529
2694,Nada,Ismail,nada.ismail2694@nileco.example,4,19,47493.68,0.00,2022-05-25,,1,onsite,1949
2695,تامر,حسن,tamer.hassan2695@nileco.example,6,28,13284.49,0.00,2022-01-07,,1,onsite,782
2696,مصطفى,رشوان,mostafa.rashwan2696@nileco.example,9,42,23630.73,0.00,2020-04-19,,1,onsite,970
2697,طارق,شوقي,tarek.shawky2697@nileco.example,1,4,28814.78,0.00,2017-08-05,2019-08-15,0,onsite,680
2698,Yasmin,Helmy,yasmin.helmy2698@nileco.example,6,27,6834.64,0.00,2026-04-11,,1,onsite,2157
2699,Hany,Naguib,hany.naguib2699@nileco.example,8,37,9276.04,0.00,2024-12-10,,1,onsite,2331
2700,هدى,عباس,hoda.abbas2700@nileco.example,7,33,19389.24,0.00,2021-03-24,,1,onsite,4849
2701,كريم,توفيق,karim.tawfik2701@nileco.example,6,29,17529.26,0.00,2021-12-02,,1,onsite,3446
2702,فريدة,جابر,farida.gaber2702@nileco.example,1,3,18561.53,0.00,2019-01-19,,1,onsite,4233
2703,Yasmin,Ismail,yasmin.ismail2703@nileco.example,2,10,50116.25,5.00,2020-11-04,,1,onsite,
2704,Nada,Sobhy,nada.sobhy2704@nileco.example,7,33,19189.05,0.00,2023-01-03,,1,onsite,4509
2705,عمرو,سعيد,amr.saeed2705@nileco.example,6,29,21818.26,0.00,2019-12-06,,1,onsite,624
2706,Amr,Ezzat,amr.ezzat2706@nileco.example,2,9,34980.74,5.00,2017-04-25,,1,onsite,440
2707,Sherif,Hassan,sherif.hassan2707@nileco.example,5,24,31459.07,0.00,2023-07-05,,1,onsite,2522
2708,Hassan,Ezzat,hassan.ezzat2708@nileco.example,7,33,19567.36,0.00,2021-01-23,,1,hybrid,4131
2709,Shaimaa,Naguib,shaimaa.naguib2709@nileco.example,5,24,34250.50,0.00,2021-11-12,,1,onsite,2114
2710,حسن,علي,hassan.ali2710@nileco.example,8,38,13360.00,0.00,2025-07-01,,1,onsite,505
2711,فاطمة,توفيق,fatma.tawfik2711@nileco.example,2,8,19636.11,5.00,2023-09-08,,1,onsite,3977
2712,Dalia,Ali,dalia.ali2712@nileco.example,6,29,17744.23,0.00,2025-07-27,,1,onsite,2981
2713,آية,السيد,aya.sayed2713@nileco.example,6,29,19226.92,0.00,2023-12-11,,1,onsite,4155
2714,Laila,Mansour,laila.mansour2714@nileco.example,1,3,24330.97,0.00,2023-05-22,,1,remote,2677
2715,Mariam,Sobhy,mariam.sobhy2715@nileco.example,6,27,6290.28,0.00,2025-02-14,,1,onsite,1748
2716,هبة,يوسف,heba.youssef2716@nileco.example,9,40,5904.88,0.00,2024-07-12,,1,onsite,1461
2717,Basma,Khalil,basma.khalil2717@nileco.example,1,3,19587.61,0.00,2021-09-30,,1,onsite,3131
2718,Amr,Fathy,amr.fathy2718@nileco.example,2,8,17251.35,5.00,2025-08-07,,1,onsite,4778
2719,منى,صبحي,mona.sobhy2719@nileco.example,4,20,87643.37,0.00,2014-11-07,,1,onsite,
2720,Ahmed,Ezzat,ahmed.ezzat2720@nileco.example,2,7,9508.64,5.00,2024-08-04,,1,onsite,1626
2721,Mona,Kamal,mona.kamal2721@nileco.example,1,4,26639.76,0.00,2024-02-24,,1,hybrid,1147
2722,آية,محمود,aya.mahmoud2722@nileco.example,3,11,4376.03,0.00,2026-06-18,,1,onsite,1514
2723,Ahmed,Tawfik,ahmed.tawfik2723@nileco.example,7,34,30353.85,0.00,2020-06-11,,1,onsite,1574
2724,آية,أحمد,aya.ahmed2724@nileco.example,1,4,31026.45,0.00,2024-04-13,,1,onsite,783
2725,Hossam,Ramadan,hossam.ramadan2725@nileco.example,6,29,17733.70,0.00,2022-11-28,,1,onsite,1913
2726,Adel,Selim,adel.selim2726@nileco.example,1,3,15834.50,0.00,2025-11-28,,1,onsite,692
2727,Marwan,Tawfik,marwan.tawfik2727@nileco.example,2,8,18718.92,5.00,2025-06-06,,1,onsite,1596
2728,Tarek,Farouk,tarek.farouk2728@nileco.example,7,33,20144.30,0.00,2021-06-15,,1,onsite,4975
2729,أميرة,عبد العزيز,amira.abdelaziz2729@nileco.example,1,3,24702.29,0.00,2019-01-20,,1,remote,2732
2730,ريم,رمضان,reem.ramadan2730@nileco.example,6,28,13962.02,0.00,2022-04-18,,1,onsite,1864
2731,ليلى,عزت,laila.ezzat2731@nileco.example,6,29,21715.29,0.00,2022-06-19,,1,hybrid,4222
2732,Ahmed,Ali,ahmed.ali2732@nileco.example,1,5,52441.31,0.00,2016-03-21,,1,onsite,1892
2733,Noha,Helmy,noha.helmy2733@nileco.example,8,39,28691.27,0.00,2022-11-11,,1,onsite,4477
2734,Mona,Fouad,mona.fouad2734@nileco.example,2,9,36130.83,5.00,2020-04-06,,1,onsite,4305
2735,أميرة,بدوي,amira.badawy2735@nileco.example,6,29,24134.26,0.00,2020-08-18,,1,onsite,2041
2736,سارة,سعيد,sara.saeed2736@nileco.example,1,2,12676.75,0.00,2022-06-27,,1,onsite,4614
2737,Walid,Salem,walid.salem2737@nileco.example,6,28,7464.91,0.00,2022-03-15,,1,hybrid,3674
2738,Adel,Ismail,adel.ismail2738@nileco.example,7,33,20018.48,0.00,2020-10-03,,1,hybrid,2165
2739,Ali,Ahmed,ali.ahmed2739@nileco.example,7,35,51509.81,0.00,2016-11-24,,1,hybrid,4200
2740,Tamer,Youssef,tamer.youssef2740@nileco.example,4,17,18794.40,0.00,2021-10-16,,1,onsite,181
2741,علي,موسى,ali.moussa2741@nileco.example,7,33,20720.18,0.00,2021-08-28,,1,onsite,4509
2742,Walid,Roushdy,walid.roushdy2742@nileco.example,6,28,10915.44,0.00,2026-06-17,,1,remote,1331
2743,Dalia,Hassan,dalia.hassan2743@nileco.example,6,30,29666.74,0.00,2022-08-15,,1,remote,4532
2744,Mariam,Helmy,mariam.helmy2744@nileco.example,1,3,18155.34,0.00,2021-03-10,,1,onsite,4647
2745,آية,فاروق,aya.farouk2745@nileco.example,1,4,32856.81,0.00,2020-12-16,,1,hybrid,1375
2746,طارق,منصور,tarek.mansour2746@nileco.example,2,8,21595.37,5.00,2019-03-23,,1,onsite,3483
2747,Noha,Tawfik,noha.tawfik2747@nileco.example,5,24,37941.45,0.00,2018-01-15,,1,onsite,286
2748,وائل,فاروق,wael.farouk2748@nileco.example,1,3,21050.09,0.00,2024-04-01,,1,hybrid,3117
2749,Ayman,Mahmoud,ayman.mahmoud2749@nileco.example,1,5,48270.46,0.00,2021-05-16,,1,onsite,
2750,Shaimaa,Selim,shaimaa.selim2750@nileco.example,5,22,14674.33,0.00,2021-02-19,,1,onsite,2588
2751,Salma,Rashwan,salma.rashwan2751@nileco.example,3,13,21394.90,0.00,2021-12-15,,1,hybrid,4110
2752,شريف,حسن,sherif.hassan2752@nileco.example,1,4,33951.72,0.00,2021-11-04,,1,hybrid,722
2753,ياسمين,إسماعيل,yasmin.ismail2753@nileco.example,3,13,25114.15,0.00,2020-04-25,,1,hybrid,799
2754,Fatma,Elshamy,fatma.elshamy2754@nileco.example,6,29,21908.58,0.00,2021-09-28,,1,onsite,1120
2755,Karim,Ahmed,karim.ahmed2755@nileco.example,6,29,16348.46,0.00,2025-09-10,,1,onsite,2792
2756,Dina,Hamdy,dina.hamdy2756@nileco.example,4,19,53221.54,0.00,2018-02-18,,1,onsite,1949
2757,Mona,Hamdy,mona.hamdy2757@nileco.example,3,13,25317.62,0.00,2019-01-16,,1,onsite,1402
2758,Mohamed,Gaber,mohamed.gaber2758@nileco.example,6,28,13446.84,0.00,2021-06-16,,1,hybrid,3198
2759,بسمة,علي,basma.ali2759@nileco.example,6,30,37718.32,0.00,2018-01-05,,1,remote,2649
2760,مروان,رشدي,marwan.roushdy2760@nileco.example,9,41,9978.09,0.00,2021-01-26,,1,remote,280
2761,Marwan,Ali,marwan.ali2761@nileco.example,3,12,12181.24,0.00,2023-09-28,,1,onsite,587
2762,تامر,أحمد,tamer.ahmed2762@nileco.example,6,29,19740.76,0.00,2023-05-28,,1,onsite,4155
2763,مريم,سعيد,mariam.saeed2763@nileco.example,5,21,6261.77,0.00,2024-06-19,,1,hybrid,3896
2764,Omar,Moussa,omar.moussa2764@nileco.example,2,7,13381.19,5.00,2022-06-06,,1,hybrid,2481
2765,Michael,Gaber,michael.gaber2765@nileco.example,1,3,22312.95,0.00,2019-12-18,,1,remote,4270
2766,وائل,حمدي,wael.hamdy2766@nileco.example,5,23,19561.82,0.00,2023-09-05,,1,remote,1950
2767,Sherif,Naguib,sherif.naguib2767@nileco.example,1,2,10920.72,0.00,2024-05-08,,1,onsite,2231
2768,Mona,Ismail,mona.ismail2768@nileco.example,7,34,27094.83,0.00,2023-04-15,,1,remote,1115
2769,Ziad,Moussa,ziad.moussa2769@nileco.example,8,38,18509.32,0.00,2024-06-09,,1,remote,2236
2770,ريم,حسن,reem.hassan2770@nileco.example,5,22,10973.66,0.00,2023-10-18,,1,hybrid,4117
2771,داليا,سليم,dalia.selim2771@nileco.example,6,29,21579.64,0.00,2019-07-18,,1,hybrid,2009
2772,شيماء,فتحي,shaimaa.fathy2772@nileco.example,6,28,10757.89,0.00,2021-09-02,,1,remote,4612
2773,Ziad,Fouad,ziad.fouad2773@nileco.example,5,24,29127.41,0.00,2024-10-10,,1,remote,3597
2774,Hassan,Abdelaziz,hassan.abdelaziz2774@nileco.example,6,30,29559.99,0.00,2021-12-15,,1,onsite,1949
2775,Tamer,Rashwan,tamer.rashwan2775@nileco.example,6,29,17911.98,0.00,2025-01-19,2025-12-14,0,onsite,1312
2776,كريم,كمال,karim.kamal2776@nileco.example,1,3,14807.37,0.00,2022-09-29,,1,onsite,4446
2777,Ayman,Abdelaziz,ayman.abdelaziz2777@nileco.example,7,31,5377.18,0.00,2025-10-29,,1,onsite,1490
2778,هبة,توفيق,heba.tawfik2778@nileco.example,1,3,20429.73,0.00,2024-09-29,2026-06-01,0,onsite,4233
2779,Basma,Fathy,basma.fathy2779@nileco.example,5,22,9343.56,0.00,2021-04-20,2025-04-05,0,onsite,3277
2780,Hassan,Hassan,hassan.hassan2780@nileco.example,6,30,29203.97,0.00,2023-10-30,2026-04-21,0,remote,2086
2781,Karim,Abbas,karim.abbas2781@nileco.example,3,12,10476.22,0.00,2024-11-05,,1,remote,2845
2782,Mariam,Metwally,mariam.metwally2782@nileco.example,6,29,21582.18,0.00,2022-09-18,,1,remote,2139
2783,Laila,Helmy,laila.helmy2783@nileco.example,3,13,20133.60,0.00,2023-02-05,,1,onsite,4884
2784,Khaled,Ramadan,khaled.ramadan2784@nileco.example,1,1,5380.42,0.00,2025-03-02,,1,onsite,2094
2785,Adel,Roushdy,adel.roushdy2785@nileco.example,6,29,19161.87,0.00,2023-01-07,,1,remote,1314
2786,Mahmoud,Gaber,mahmoud.gaber2786@nileco.example,4,16,13218.13,0.00,2021-10-10,,1,onsite,1008
2787,Aya,Metwally,aya.metwally2787@nileco.example,1,4,38699.85,0.00,2017-01-15,,1,onsite,2677
2788,أحمد,زكي,ahmed.zaki2788@nileco.example,7,34,31302.27,0.00,2019-04-30,,1,onsite,4839
2789,حسن,فاروق,hassan.farouk2789@nileco.example,1,4,38859.68,0.00,2018-06-18,,1,onsite,1702
2790,Sara,Moussa,sara.moussa2790@nileco.example,1,5,48333.83,0.00,2021-01-27,,1,remote,
2791,Aya,Zaki,aya.zaki2791@nileco.example,6,28,12589.08,0.00,2023-06-04,,1,onsite,1098
2792,إبراهيم,إسماعيل,ibrahim.ismail2792@nileco.example,6,30,31209.47,0.00,2021-06-13,,1,onsite,1949
2793,Basma,Metwally,basma.metwally2793@nileco.example,6,28,8382.07,0.00,2022-09-03,,1,onsite,2705
2794,Sherif,Zaki,sherif.zaki2794@nileco.example,6,29,22126.53,0.00,2021-11-02,,1,onsite,2205
2795,مايكل,موسى,michael.moussa2795@nileco.example,2,9,31770.05,5.00,2021-10-17,,1,onsite,1053
2796,طارق,حلمي,tarek.helmy2796@nileco.example,9,42,22647.07,0.00,2019-01-09,,1,hybrid,281
2797,سارة,سالم,sara.salem2797@nileco.example,7,33,22113.77,0.00,2021-09-22,,1,onsite,2922
2798,Sameh,Abbas,sameh.abbas2798@nileco.example,5,23,21246.48,0.00,2019-11-14,,1,onsite,1018
2799,Mostafa,Mansour,mostafa.mansour2799@nileco.example,3,12,13565.24,0.00,2021-01-23,,1,hybrid,3403
2800,فاطمة,السيد,fatma.sayed2800@nileco.example,5,24,41779.11,0.00,2018-08-06,,1,onsite,4409
2801,Salma,Gaber,salma.gaber2801@nileco.example,6,28,12414.17,0.00,2023-04-05,,1,hybrid,2301
2802,Yasmin,Hassan,yasmin.hassan2802@nileco.example,3,12,9875.44,0.00,2025-05-10,,1,hybrid,3582
2803,Tarek,Salem,tarek.salem2803@nileco.example,6,30,27849.70,0.00,2021-12-20,,1,onsite,1949
2804,خالد,زكي,khaled.zaki2804@nileco.example,1,4,34079.49,0.00,2017-11-07,,1,remote,1705
2805,Ayman,Hamdy,ayman.hamdy2805@nileco.example,2,7,8693.57,5.00,2025-07-31,,1,onsite,3655
2806,Mariam,Hamdy,mariam.hamdy2806@nileco.example,2,7,12482.64,5.00,2022-02-24,,1,hybrid,3380
2807,Yasmin,Roushdy,yasmin.roushdy2807@nileco.example,1,3,16297.91,0.00,2022-11-17,,1,remote,968
2808,عمرو,السيد,amr.sayed2808@nileco.example,2,7,10547.32,5.00,2022-05-19,,1,hybrid,1796
2809,Amr,Moussa,amr.moussa2809@nileco.example,3,11,6111.97,0.00,2025-04-28,,1,onsite,2845
2810,Dina,Kamal,dina.kamal2810@nileco.example,3,13,18277.07,0.00,2025-05-10,,1,hybrid,1741
2811,مصطفى,شوقي,mostafa.shawky2811@nileco.example,5,23,22546.31,0.00,2019-12-20,,1,onsite,3230
2812,Nour,Selim,nour.selim2812@nileco.example,1,1,6837.69,0.00,2024-08-30,2026-04-20,0,onsite,2051
2813,Amr,Ramadan,amr.ramadan2813@nileco.example,6,29,21863.24,0.00,2020-12-02,,1,onsite,1500
2814,Khaled,Ezzat,khaled.ezzat2814@nileco.example,6,29,22429.54,0.00,2021-01-01,,1,onsite,246
2815,Laila,Rashwan,laila.rashwan2815@nileco.example,6,29,19043.43,0.00,2025-04-25,2026-05-16,0,onsite,4764
2816,Mariam,Roushdy,mariam.roushdy2816@nileco.example,6,29,20790.13,0.00,2022-11-28,,1,remote,4190
2817,Hany,Badawy,hany.badawy2817@nileco.example,5,25,55159.84,0.00,2016-07-05,,1,hybrid,4200
2818,Laila,Hamdy,laila.hamdy2818@nileco.example,6,29,22074.90,0.00,2020-11-20,,1,hybrid,1729
2819,Mostafa,Ezzat,mostafa.ezzat2819@nileco.example,3,14,32453.29,0.00,2018-02-26,,1,hybrid,3896
2820,نور,زكي,nour.zaki2820@nileco.example,5,22,10498.70,0.00,2021-07-28,,1,onsite,2606
2821,Wael,Selim,wael.selim2821@nileco.example,2,8,20652.02,5.00,2024-10-10,,1,onsite,303
2822,Hussein,Zaki,hussein.zaki2822@nileco.example,5,23,19140.62,0.00,2019-02-08,,1,hybrid,833
2823,Amira,Rashwan,amira.rashwan2823@nileco.example,2,6,6782.84,5.00,2024-06-05,,1,hybrid,3718
2824,Rania,Ismail,rania.ismail2824@nileco.example,9,42,17128.53,0.00,2024-12-14,,1,hybrid,3724
2825,بسمة,فتحي,basma.fathy2825@nileco.example,3,13,13768.42,0.00,2024-12-30,,1,onsite,1541
2826,Karim,Hassan,karim.hassan2826@nileco.example,1,4,34060.64,0.00,2023-06-09,,1,onsite,1464
2827,Heba,Nasser,heba.nasser2827@nileco.example,1,4,36120.14,0.00,2017-05-17,,1,onsite,1040
2828,Mona,Khalil,mona.khalil2828@nileco.example,1,3,20727.83,0.00,2023-11-27,,1,onsite,1655
2829,أندرو,محمود,andrew.mahmoud2829@nileco.example,1,3,19343.87,0.00,2024-04-01,,1,onsite,2529
2830,Andrew,Kamal,andrew.kamal2830@nileco.example,1,2,8640.35,0.00,2026-05-27,,1,onsite,2939
2831,Mostafa,Shawky,mostafa.shawky2831@nileco.example,7,32,12253.26,0.00,2022-03-15,,1,onsite,4638
2832,Tamer,Farouk,tamer.farouk2832@nileco.example,1,5,49940.12,0.00,2020-11-13,,1,hybrid,1378
2833,Mohamed,Abbas,mohamed.abbas2833@nileco.example,6,29,14147.45,0.00,2020-07-25,2021-07-05,0,onsite,4991
2834,Mahmoud,Hassan,mahmoud.hassan2834@nileco.example,6,29,24811.42,0.00,2019-12-26,,1,onsite,4239
2835,ليلى,رشدي,laila.roushdy2835@nileco.example,7,34,32016.11,0.00,2018-02-05,,1,onsite,677
2836,ريم,زكي,reem.zaki2836@nileco.example,6,30,30507.86,0.00,2022-02-15,,1,hybrid,2638
2837,بسمة,رمضان,basma.ramadan2837@nileco.example,3,11,4635.00,0.00,2025-07-02,,1,onsite,180
2838,Tarek,Ezzat,tarek.ezzat2838@nileco.example,3,13,20358.50,0.00,2019-11-22,,1,remote,1280
2839,نور,يوسف,nour.youssef2839@nileco.example,3,13,22597.27,0.00,2020-10-31,,1,onsite,1402
2840,طارق,سليم,tarek.selim2840@nileco.example,9,42,22426.22,0.00,2019-05-19,,1,hybrid,706
2841,Fatma,Ismail,fatma.ismail2841@nileco.example,2,9,38529.53,5.00,2018-12-20,,1,remote,1902
2842,زياد,متولي,ziad.metwally2842@nileco.example,1,1,5836.79,0.00,2024-09-11,2026-07-06,0,onsite,41
2843,Tamer,Mahmoud,tamer.mahmoud2843@nileco.example,4,16,12176.00,0.00,2023-02-15,,1,onsite,1661
2844,Shaimaa,Fathy,shaimaa.fathy2844@nileco.example,3,14,33715.73,0.00,2021-09-30,,1,remote,
2845,Walid,Ramadan,walid.ramadan2845@nileco.example,3,14,36364.80,0.00,2019-12-05,,1,hybrid,3583
2846,عمرو,منصور,amr.mansour2846@nileco.example,7,33,16283.63,0.00,2022-08-22,,1,onsite,1579
2847,Karim,Sobhy,karim.sobhy2847@nileco.example,8,37,7719.78,0.00,2024-09-07,,1,hybrid,1139
2848,Ibrahim,Youssef,ibrahim.youssef2848@nileco.example,1,4,30836.43,0.00,2023-11-23,2026-01-06,0,hybrid,566
2849,Nada,Abdelaziz,nada.abdelaziz2849@nileco.example,5,22,10702.76,0.00,2025-05-11,,1,hybrid,3651
2850,نور,رمضان,nour.ramadan2850@nileco.example,6,28,10152.90,0.00,2024-06-20,,1,hybrid,2337
2851,Ahmed,Mansour,ahmed.mansour2851@nileco.example,6,30,30572.07,0.00,2022-10-30,,1,hybrid,4532
2852,Adel,Ezzat,adel.ezzat2852@nileco.example,1,3,20618.88,0.00,2020-11-12,,1,onsite,1125
2853,هاني,متولي,hany.metwally2853@nileco.example,1,1,5285.36,0.00,2026-04-22,,1,onsite,933
2854,Heba,Selim,heba.selim2854@nileco.example,7,33,17301.98,0.00,2025-07-12,,1,remote,2723
2855,Youssef,Roushdy,youssef.roushdy2855@nileco.example,1,2,9163.05,0.00,2026-01-19,,1,onsite,1267
2856,علي,رشوان,ali.rashwan2856@nileco.example,2,7,9675.66,5.00,2025-07-17,,1,hybrid,4656
2857,Michael,Ezzat,michael.ezzat2857@nileco.example,2,8,19206.49,5.00,2023-12-16,,1,onsite,865
2858,Hussein,Khalil,hussein.khalil2858@nileco.example,6,29,23277.36,0.00,2024-03-11,,1,onsite,638
2859,سامح,توفيق,sameh.tawfik2859@nileco.example,1,3,22672.31,0.00,2022-09-08,2026-07-28,0,onsite,1561
2860,Shaimaa,Saeed,shaimaa.saeed2860@nileco.example,3,11,7061.15,0.00,2024-01-26,,1,hybrid,447
2861,هاني,حمدي,hany.hamdy2861@nileco.example,3,13,25170.36,0.00,2019-10-04,,1,onsite,2276
2862,Nada,Selim,nada.selim2862@nileco.example,2,8,21554.37,5.00,2025-03-20,,1,onsite,2932
2863,Nour,Mahmoud,nour.mahmoud2863@nileco.example,2,8,21074.04,5.00,2023-07-20,,1,onsite,3793
2864,عمر,فؤاد,omar.fouad2864@nileco.example,5,23,18734.16,0.00,2021-05-04,,1,remote,1319
2865,Fatma,Rashwan,fatma.rashwan2865@nileco.example,1,3,20988.65,0.00,2023-12-06,2025-07-14,0,onsite,4746
2866,محمود,حسن,mahmoud.hassan2866@nileco.example,6,28,10269.00,0.00,2024-06-02,,1,hybrid,1187
2867,مروان,سليم,marwan.selim2867@nileco.example,2,9,34229.80,5.00,2020-07-22,,1,onsite,1325
2868,Hany,Ismail,hany.ismail2868@nileco.example,5,24,38209.66,0.00,2018-05-04,,1,onsite,3287
2869,Karim,Ahmed,karim.ahmed2869@nileco.example,2,8,19094.63,5.00,2025-12-11,,1,onsite,2974
2870,Sherif,Shawky,sherif.shawky2870@nileco.example,5,24,35602.18,0.00,2019-01-18,,1,remote,3619
2871,Farida,Shawky,farida.shawky2871@nileco.example,6,29,18027.76,0.00,2024-11-30,,1,onsite,4239
2872,Mariam,Fouad,mariam.fouad2872@nileco.example,7,35,48990.84,0.00,2017-10-17,,1,onsite,2649
2873,محمد,رمضان,mohamed.ramadan2873@nileco.example,7,32,9949.74,0.00,2023-12-04,,1,onsite,3459
2874,حسن,منصور,hassan.mansour2874@nileco.example,4,18,33957.71,0.00,2020-05-05,,1,onsite,3969
2875,Ayman,Rashwan,ayman.rashwan2875@nileco.example,3,12,9176.49,0.00,2025-12-16,,1,onsite,2928
2876,Aya,Abdelaziz,aya.abdelaziz2876@nileco.example,5,23,17645.80,0.00,2024-11-03,,1,onsite,1613
2877,Mostafa,Fathy,mostafa.fathy2877@nileco.example,9,40,5173.82,0.00,2026-05-08,,1,onsite,4215
2878,Mohamed,Helmy,mohamed.helmy2878@nileco.example,2,8,19879.75,5.00,2019-12-08,,1,onsite,2324
2879,شريف,إسماعيل,sherif.ismail2879@nileco.example,1,3,16763.84,0.00,2019-03-14,2021-05-12,0,hybrid,1424
2880,Adel,Badawy,adel.badawy2880@nileco.example,1,4,37163.65,0.00,2020-12-31,,1,hybrid,4388
2881,عمر,شوقي,omar.shawky2881@nileco.example,2,8,21321.46,5.00,2022-03-25,,1,remote,2795
2882,سارة,بدوي,sara.badawy2882@nileco.example,1,5,42453.89,0.00,2017-10-08,2019-03-02,0,hybrid,3757
2883,Mariam,Sobhy,mariam.sobhy2883@nileco.example,7,32,12184.73,0.00,2022-09-08,,1,onsite,2611
2884,Hoda,Shawky,hoda.shawky2884@nileco.example,2,8,17421.27,5.00,2024-12-04,,1,onsite,4574
2885,Hoda,Shawky,hoda.shawky2885@nileco.example,3,12,11895.94,0.00,2023-09-24,2026-02-10,0,onsite,3503
2886,Nour,Abdelaziz,nour.abdelaziz2886@nileco.example,1,4,34785.27,0.00,2020-07-25,,1,onsite,608
2887,Aya,Hamdy,aya.hamdy2887@nileco.example,5,24,37505.76,0.00,2021-06-29,,1,hybrid,3269
2888,Karim,Kamal,karim.kamal2888@nileco.example,1,3,21286.07,0.00,2021-08-09,,1,hybrid,2508
2889,سامح,إسماعيل,sameh.ismail2889@nileco.example,4,16,13752.99,0.00,2021-01-26,,1,remote,1158
2890,داليا,حلمي,dalia.helmy2890@nileco.example,1,3,23382.09,0.00,2019-06-10,,1,onsite,3349
2891,Amira,Elshamy,amira.elshamy2891@nileco.example,2,9,34119.49,5.00,2017-12-22,,1,onsite,28
2892,حسام,موسى,hossam.moussa2892@nileco.example,2,9,34855.69,5.00,2018-03-04,,1,onsite,25
2893,Mahmoud,Fathy,mahmoud.fathy2893@nileco.example,3,12,11949.04,0.00,2022-03-30,,1,onsite,2783
2894,Aya,Hamdy,aya.hamdy2894@nileco.example,6,28,11164.10,0.00,2021-01-22,2024-02-01,0,onsite,4900
2895,Noha,Abdelaziz,noha.abdelaziz2895@nileco.example,5,23,18426.97,0.00,2025-02-04,,1,onsite,188
2896,Noha,Kamal,noha.kamal2896@nileco.example,4,17,19490.23,0.00,2022-06-13,,1,onsite,878
2897,Nour,Fathy,nour.fathy2897@nileco.example,7,33,21207.56,0.00,2020-06-12,,1,onsite,4650
2898,عادل,عبد العزيز,adel.abdelaziz2898@nileco.example,7,33,23667.68,0.00,2022-08-24,,1,hybrid,2768
2899,Karim,Ramadan,karim.ramadan2899@nileco.example,1,2,10314.66,0.00,2025-07-03,,1,hybrid,2596
2900,كريم,سعيد,karim.saeed2900@nileco.example,6,28,12438.89,0.00,2023-09-09,,1,hybrid,1889
2901,طارق,نجيب,tarek.naguib2901@nileco.example,9,42,21063.67,0.00,2021-12-23,,1,onsite,1575
2902,Hossam,Rashwan,hossam.rashwan2902@nileco.example,1,4,32724.11,0.00,2020-01-30,,1,onsite,4020
2903,Dina,Naguib,dina.naguib2903@nileco.example,6,29,15592.44,0.00,2021-02-06,2022-04-01,0,onsite,1543
2904,Dina,Youssef,dina.youssef2904@nileco.example,6,30,37445.26,0.00,2018-09-04,,1,onsite,
2905,Tarek,Gaber,tarek.gaber2905@nileco.example,1,3,26920.61,0.00,2020-07-07,,1,hybrid,2556
2906,عمر,صبحي,omar.sobhy2906@nileco.example,3,13,20147.16,0.00,2021-07-25,2024-03-22,0,onsite,1741
2907,Hussein,Ramadan,hussein.ramadan2907@nileco.example,3,14,42247.70,0.00,2017-03-16,,1,onsite,2638
2908,Walid,Sayed,walid.sayed2908@nileco.example,7,34,27543.40,0.00,2024-10-02,,1,hybrid,2545
2909,Wael,Fathy,wael.fathy2909@nileco.example,6,29,27197.69,0.00,2019-12-29,,1,hybrid,334
2910,Karim,Sobhy,karim.sobhy2910@nileco.example,1,2,13976.31,0.00,2021-09-07,,1,remote,1703
2911,شريف,عزت,sherif.ezzat2911@nileco.example,2,7,12454.51,5.00,2022-12-27,,1,hybrid,266
2912,داليا,سعيد,dalia.saeed2912@nileco.example,7,32,9431.32,0.00,2024-01-04,,1,hybrid,4030
2913,Farida,Saeed,farida.saeed2913@nileco.example,1,4,29275.20,0.00,2024-08-30,,1,onsite,1682
2914,Mariam,Ezzat,mariam.ezzat2914@nileco.example,2,10,47797.31,5.00,2019-08-07,,1,onsite,4477
2915,Ali,Nasser,ali.nasser2915@nileco.example,1,2,8218.29,0.00,2026-04-19,,1,onsite,700
2916,Ziad,Farouk,ziad.farouk2916@nileco.example,6,28,9798.14,0.00,2022-11-10,,1,remote,2500
2917,عمرو,حلمي,amr.helmy2917@nileco.example,2,10,48420.71,5.00,2021-08-20,,1,onsite,2086
2918,وليد,نجيب,walid.naguib2918@nileco.example,9,42,24514.94,0.00,2019-03-03,,1,onsite,4837
2919,Ayman,Ali,ayman.ali2919@nileco.example,5,23,17087.24,0.00,2025-07-10,2026-08-16,0,onsite,2868
2920,Hoda,Rashwan,hoda.rashwan2920@nileco.example,6,29,19134.19,0.00,2021-05-29,,1,onsite,558
2921,حسن,يوسف,hassan.youssef2921@nileco.example,1,5,47830.12,0.00,2021-09-27,,1,hybrid,2114
2922,Hoda,Selim,hoda.selim2922@nileco.example,7,34,27254.82,0.00,2020-08-01,,1,onsite,1427
2923,Amr,Kamal,amr.kamal2923@nileco.example,2,7,12587.88,5.00,2025-02-25,,1,onsite,549
2924,Farida,Mansour,farida.mansour2924@nileco.example,1,2,7497.83,0.00,2026-01-31,,1,hybrid,4514
2925,سلمى,جابر,salma.gaber2925@nileco.example,7,34,35426.17,0.00,2023-07-03,,1,hybrid,677
2926,Mahmoud,Elshamy,mahmoud.elshamy2926@nileco.example,7,32,10316.13,0.00,2025-01-20,,1,onsite,4668
2927,سلمى,شوقي,salma.shawky2927@nileco.example,2,9,37794.69,5.00,2018-03-07,,1,remote,4629
2928,مروان,فتحي,marwan.fathy2928@nileco.example,3,14,35142.57,0.00,2022-04-09,,1,hybrid,2522
2929,Ali,Ismail,ali.ismail2929@nileco.example,6,29,24562.82,0.00,2022-06-17,,1,onsite,812
2930,Laila,Sobhy,laila.sobhy2930@nileco.example,3,13,18475.46,0.00,2020-11-06,,1,onsite,3912
2931,Aya,Mahmoud,aya.mahmoud2931@nileco.example,2,10,48381.59,5.00,2019-11-24,,1,remote,1949
2932,Ziad,Mahmoud,ziad.mahmoud2932@nileco.example,2,9,33046.22,5.00,2022-03-28,,1,onsite,2917
2933,عمرو,توفيق,amr.tawfik2933@nileco.example,5,23,19403.59,0.00,2022-06-29,,1,hybrid,3309
2934,Ahmed,Roushdy,ahmed.roushdy2934@nileco.example,6,28,11828.00,0.00,2023-07-30,,1,onsite,1728
2935,Tamer,Ramadan,tamer.ramadan2935@nileco.example,1,4,38013.77,0.00,2017-07-10,,1,hybrid,160
2936,أحمد,ناصر,ahmed.nasser2936@nileco.example,7,33,17510.55,0.00,2022-01-21,,1,onsite,3043
2937,Omar,Shawky,omar.shawky2937@nileco.example,1,2,10613.31,0.00,2026-02-21,,1,hybrid,2321
2938,Walid,Mansour,walid.mansour2938@nileco.example,1,2,10775.88,0.00,2023-05-12,,1,hybrid,4350
2939,Karim,Kamal,karim.kamal2939@nileco.example,1,3,22323.10,0.00,2019-10-30,,1,remote,4984
2940,Amira,Nasser,amira.nasser2940@nileco.example,2,8,17774.35,5.00,2024-05-17,,1,onsite,1827
2941,Heba,Mahmoud,heba.mahmoud2941@nileco.example,7,34,29395.18,0.00,2022-12-25,,1,onsite,2396
2942,Sameh,Abbas,sameh.abbas2942@nileco.example,1,1,3882.10,0.00,2025-06-05,,1,hybrid,2902
2943,Sara,Fouad,sara.fouad2943@nileco.example,1,3,22173.17,0.00,2020-06-22,,1,onsite,93
2944,Andrew,Salem,andrew.salem2944@nileco.example,9,41,13372.93,0.00,2021-11-22,,1,onsite,4762
2945,Hussein,Roushdy,hussein.roushdy2945@nileco.example,1,3,21621.83,0.00,2020-10-15,,1,onsite,1208
2946,Dalia,Ali,dalia.ali2946@nileco.example,7,33,18966.82,0.00,2025-10-11,,1,hybrid,932
2947,دينا,عباس,dina.abbas2947@nileco.example,9,42,21834.71,0.00,2020-04-13,,1,onsite,1575
2948,Walid,Hassan,walid.hassan2948@nileco.example,6,28,9676.30,0.00,2023-11-23,,1,onsite,3329
2949,Mohamed,Ezzat,mohamed.ezzat2949@nileco.example,3,11,7440.60,0.00,2026-01-17,,1,onsite,3615
2950,يوسف,شوقي,youssef.shawky2950@nileco.example,6,28,9428.78,0.00,2022-02-06,2024-10-02,0,onsite,1547
2951,Fatma,Nasser,fatma.nasser2951@nileco.example,1,5,51534.76,0.00,2019-08-10,,1,remote,
2952,Mariam,Abbas,mariam.abbas2952@nileco.example,9,41,8628.49,0.00,2025-07-22,,1,onsite,4851
2953,Nada,Khalil,nada.khalil2953@nileco.example,4,17,22966.08,0.00,2020-11-25,,1,hybrid,2437
2954,أميرة,سالم,amira.salem2954@nileco.example,4,17,15689.37,0.00,2025-12-25,,1,onsite,3128
2955,Heba,Elshamy,heba.elshamy2955@nileco.example,2,8,18957.15,5.00,2019-07-30,,1,onsite,1124
2956,وليد,رشدي,walid.roushdy2956@nileco.example,7,34,30490.97,0.00,2022-09-14,,1,hybrid,2256
2957,Hany,Sobhy,hany.sobhy2957@nileco.example,7,34,30788.45,0.00,2018-07-09,2022-07-14,0,onsite,1091
2958,Amira,Elshamy,amira.elshamy2958@nileco.example,9,43,39945.38,0.00,2018-03-30,,1,onsite,2229
2959,Aya,Zaki,aya.zaki2959@nileco.example,9,40,6545.68,0.00,2026-01-22,,1,hybrid,4808
2960,Mahmoud,Sayed,mahmoud.sayed2960@nileco.example,9,41,10953.04,0.00,2025-02-13,,1,onsite,2962
2961,Aya,Abdelaziz,aya.abdelaziz2961@nileco.example,1,3,21247.66,0.00,2021-12-25,,1,hybrid,3654
2962,Mohamed,Mahmoud,mohamed.mahmoud2962@nileco.example,9,42,21288.22,0.00,2021-12-09,,1,remote,3370
2963,Hossam,Ismail,hossam.ismail2963@nileco.example,2,8,17572.63,5.00,2025-02-10,2025-12-19,0,remote,3729
2964,Ali,Abbas,ali.abbas2964@nileco.example,7,33,21008.01,0.00,2020-04-13,,1,onsite,4849
2965,أندرو,رشدي,andrew.roushdy2965@nileco.example,7,33,17753.14,0.00,2021-08-20,,1,onsite,2977
2966,هبة,بدوي,heba.badawy2966@nileco.example,2,8,21424.03,5.00,2019-01-16,,1,hybrid,847
2967,مروان,موسى,marwan.moussa2967@nileco.example,1,5,41139.05,0.00,2017-03-16,2018-07-29,0,onsite,2086
2968,Omar,Ramadan,omar.ramadan2968@nileco.example,1,5,47131.71,0.00,2019-09-07,,1,onsite,2522
2969,Wael,Ali,wael.ali2969@nileco.example,2,8,21164.34,5.00,2021-02-13,,1,onsite,1573
2970,Reem,Saeed,reem.saeed2970@nileco.example,7,32,12060.94,0.00,2023-02-06,,1,onsite,2946
2971,Ayman,Moussa,ayman.moussa2971@nileco.example,1,3,17998.18,0.00,2024-12-29,,1,hybrid,4824
2972,آية,عباس,aya.abbas2972@nileco.example,9,43,30659.97,0.00,2017-05-18,2018-10-26,0,onsite,2449
2973,Mahmoud,Zaki,mahmoud.zaki2973@nileco.example,6,28,8920.71,0.00,2024-03-07,,1,onsite,3306
2974,Rania,Ezzat,rania.ezzat2974@nileco.example,2,9,23456.50,5.00,2024-11-26,,1,onsite,1141
2975,Andrew,Mahmoud,andrew.mahmoud2975@nileco.example,1,3,20314.05,0.00,2022-04-24,,1,onsite,2602
2976,Shaimaa,Kamal,shaimaa.kamal2976@nileco.example,8,38,21354.73,0.00,2021-12-05,,1,hybrid,3098
2977,Youssef,Naguib,youssef.naguib2977@nileco.example,7,35,48691.12,0.00,2020-05-29,,1,onsite,3214
2978,Walid,Helmy,walid.helmy2978@nileco.example,6,29,19626.42,0.00,2021-12-11,2025-12-22,0,hybrid,667
2979,Sara,Hamdy,sara.hamdy2979@nileco.example,4,18,30307.50,0.00,2017-12-10,,1,onsite,2756
2980,Youssef,Ali,youssef.ali2980@nileco.example,4,17,20081.70,0.00,2023-09-20,,1,onsite,2246
2981,زياد,فاروق,ziad.farouk2981@nileco.example,6,30,36690.71,0.00,2017-12-08,,1,hybrid,4331
2982,Hussein,Salem,hussein.salem2982@nileco.example,1,4,31023.94,0.00,2024-03-29,,1,hybrid,4824
2983,Sameh,Nasser,sameh.nasser2983@nileco.example,3,11,6503.99,0.00,2025-12-19,,1,onsite,4996
2984,Mahmoud,Sayed,mahmoud.sayed2984@nileco.example,1,3,20846.61,0.00,2022-08-07,,1,hybrid,2550
2985,بسمة,الشامي,basma.elshamy2985@nileco.example,1,1,6006.40,0.00,2025-04-05,,1,onsite,1993
2986,Nada,Rashwan,nada.rashwan2986@nileco.example,2,8,23929.88,5.00,2019-05-03,,1,hybrid,4537
2987,Nada,Hassan,nada.hassan2987@nileco.example,2,6,6378.04,5.00,2026-03-13,,1,onsite,1929
2988,بسمة,فتحي,basma.fathy2988@nileco.example,1,4,40643.32,0.00,2017-01-19,,1,hybrid,983
2989,Hoda,Saeed,hoda.saeed2989@nileco.example,6,27,6170.56,0.00,2024-04-17,,1,remote,4689
2990,Shaimaa,Rashwan,shaimaa.rashwan2990@nileco.example,6,29,21450.17,0.00,2020-08-02,,1,remote,1450
2991,علي,محمود,ali.mahmoud2991@nileco.example,7,33,21667.52,0.00,2019-12-03,,1,hybrid,3443
2992,خالد,علي,khaled.ali2992@nileco.example,9,41,15275.16,0.00,2022-05-30,,1,onsite,4851
2993,Heba,Fouad,heba.fouad2993@nileco.example,5,23,17139.56,0.00,2023-03-26,,1,hybrid,2462
2994,Amira,Rashwan,amira.rashwan2994@nileco.example,2,6,5854.42,5.00,2025-04-01,,1,hybrid,2923
2995,داليا,رمضان,dalia.ramadan2995@nileco.example,6,28,12727.84,0.00,2025-10-15,2026-03-18,0,remote,1042
2996,هدى,محمود,hoda.mahmoud2996@nileco.example,4,15,6220.61,0.00,2024-12-31,,1,remote,2108
2997,Hassan,Ahmed,hassan.ahmed2997@nileco.example,6,29,17767.71,0.00,2025-03-13,,1,onsite,1608
2998,Amr,Elshamy,amr.elshamy2998@nileco.example,1,4,34203.70,0.00,2020-07-20,,1,onsite,3037
2999,Ayman,Salem,ayman.salem2999@nileco.example,5,24,26211.84,0.00,2017-03-30,2017-12-14,0,onsite,1690
3000,ندى,رشدي,nada.roushdy3000@nileco.example,6,28,10651.64,0.00,2022-11-09,,1,onsite,1446
3001,Dina,Sobhy,dina.sobhy3001@nileco.example,6,29,18362.23,0.00,2021-11-27,,1,onsite,1450
3002,Youssef,Kamal,youssef.kamal3002@nileco.example,7,34,34528.59,0.00,2020-01-12,,1,hybrid,2872
3003,Rania,Zaki,rania.zaki3003@nileco.example,1,1,5856.21,0.00,2026-07-06,,1,hybrid,3926
3004,Noha,Youssef,noha.youssef3004@nileco.example,7,34,30477.23,0.00,2022-05-22,,1,hybrid,3333
3005,Hassan,Hamdy,hassan.hamdy3005@nileco.example,9,41,10383.88,0.00,2023-04-28,2025-05-30,0,hybrid,2958
3006,حسام,حمدي,hossam.hamdy3006@nileco.example,4,19,53044.06,0.00,2019-03-13,,1,onsite,3214
3007,Marwan,Hamdy,marwan.hamdy3007@nileco.example,1,3,18323.19,0.00,2024-03-20,,1,onsite,4769
3008,ياسمين,علي,yasmin.ali3008@nileco.example,1,3,19618.62,0.00,2025-04-13,,1,hybrid,1854
3009,Hossam,Ali,hossam.ali3009@nileco.example,1,3,22217.02,0.00,2023-02-14,,1,hybrid,4403
3010,Reem,Mansour,reem.mansour3010@nileco.example,7,33,18159.81,0.00,2022-11-16,,1,remote,3476
3011,Nour,Farouk,nour.farouk3011@nileco.example,1,3,18371.56,0.00,2024-10-21,,1,onsite,2639
3012,Hoda,Roushdy,hoda.roushdy3012@nileco.example,2,8,20209.25,5.00,2021-05-15,,1,onsite,2194
3013,Hussein,Naguib,hussein.naguib3013@nileco.example,1,1,7535.21,0.00,2025-01-09,2026-08-17,0,hybrid,908
3014,محمد,رشوان,mohamed.rashwan3014@nileco.example,4,18,34446.27,0.00,2017-12-04,,1,remote,1786
3015,Heba,Ali,heba.ali3015@nileco.example,1,4,33792.04,0.00,2019-04-12,,1,hybrid,2677
3016,Nour,Abbas,nour.abbas3016@nileco.example,6,30,27616.30,0.00,2024-07-29,,1,hybrid,3757
3017,Salma,Helmy,salma.helmy3017@nileco.example,6,29,19904.98,0.00,2023-09-02,,1,hybrid,246
3018,سارة,حمدي,sara.hamdy3018@nileco.example,3,12,7644.23,0.00,2026-04-10,,1,onsite,4405
3019,آية,فؤاد,aya.fouad3019@nileco.example,5,23,23515.76,0.00,2019-01-07,,1,hybrid,1999
3020,Nour,Ahmed,nour.ahmed3020@nileco.example,2,8,19529.46,5.00,2020-06-03,2021-07-10,0,onsite,3053
3021,سلمى,علي,salma.ali3021@nileco.example,2,9,26925.50,5.00,2024-01-22,,1,hybrid,1053
3022,Tamer,Farouk,tamer.farouk3022@nileco.example,2,7,9748.18,5.00,2026-02-18,,1,hybrid,1582
3023,Hoda,Ramadan,hoda.ramadan3023@nileco.example,7,32,9842.85,0.00,2023-11-05,,1,onsite,1062
3024,شيماء,ناصر,shaimaa.nasser3024@nileco.example,7,34,38963.18,0.00,2018-02-01,,1,onsite,653
3025,وائل,نجيب,wael.naguib3025@nileco.example,1,4,36453.50,0.00,2017-05-28,,1,hybrid,1440
3026,Ibrahim,Abbas,ibrahim.abbas3026@nileco.example,1,2,10859.99,0.00,2023-10-02,,1,onsite,1399
3027,Walid,Ramadan,walid.ramadan3027@nileco.example,4,15,3690.00,0.00,2025-11-19,2026-03-24,0,onsite,255
3028,Shaimaa,Fouad,shaimaa.fouad3028@nileco.example,3,12,9131.83,0.00,2025-08-08,,1,remote,3294
3029,Mariam,Shawky,mariam.shawky3029@nileco.example,6,29,24170.98,0.00,2019-07-22,,1,hybrid,3743
3030,خالد,الشامي,khaled.elshamy3030@nileco.example,6,29,19396.36,0.00,2021-11-02,,1,onsite,4126
3031,Fatma,Ramadan,fatma.ramadan3031@nileco.example,3,14,37039.88,0.00,2018-10-12,,1,remote,4396
3032,Omar,Khalil,omar.khalil3032@nileco.example,5,25,49519.99,0.00,2016-09-13,,1,remote,4200
3033,Sherif,Tawfik,sherif.tawfik3033@nileco.example,7,31,5267.31,0.00,2024-12-11,,1,onsite,427
3034,خالد,خليل,khaled.khalil3034@nileco.example,2,8,16094.68,5.00,2025-06-02,,1,onsite,2917
3035,Karim,Nasser,karim.nasser3035@nileco.example,1,2,13533.50,0.00,2021-10-08,,1,hybrid,3673
3036,ريم,الشامي,reem.elshamy3036@nileco.example,6,29,22660.23,0.00,2019-02-16,,1,onsite,1071
3037,Karim,Helmy,karim.helmy3037@nileco.example,1,5,52752.84,0.00,2019-06-22,,1,onsite,2449
3038,يوسف,رشدي,youssef.roushdy3038@nileco.example,1,4,29398.75,0.00,2021-11-23,,1,onsite,4250
3039,Marwan,Sobhy,marwan.sobhy3039@nileco.example,7,33,14791.71,0.00,2025-04-04,,1,hybrid,2925
3040,بسمة,سعيد,basma.saeed3040@nileco.example,1,3,17874.84,0.00,2025-02-17,,1,onsite,3697
3041,Walid,Gaber,walid.gaber3041@nileco.example,9,41,9976.83,0.00,2025-10-03,,1,hybrid,2042
3042,Aya,Abdelaziz,aya.abdelaziz3042@nileco.example,1,3,18648.17,0.00,2024-12-12,,1,onsite,721
3043,Karim,Ezzat,karim.ezzat3043@nileco.example,7,34,35435.65,0.00,2018-07-09,,1,onsite,2256
3044,Fatma,Ali,fatma.ali3044@nileco.example,6,28,9008.79,0.00,2021-07-28,,1,remote,4451
3045,Walid,Hassan,walid.hassan3045@nileco.example,7,33,20530.06,0.00,2024-05-04,,1,onsite,4131
3046,حسن,حلمي,hassan.helmy3046@nileco.example,5,23,13360.00,0.00,2024-04-21,2025-03-22,0,hybrid,2868
3047,Hoda,Sayed,hoda.sayed3047@nileco.example,1,3,21777.78,0.00,2024-08-06,,1,onsite,1891
3048,Walid,Zaki,walid.zaki3048@nileco.example,2,8,20700.93,5.00,2023-09-28,,1,hybrid,2891
3049,Khaled,Hamdy,khaled.hamdy3049@nileco.example,4,17,22612.78,0.00,2019-09-01,,1,hybrid,1313
3050,Ziad,Tawfik,ziad.tawfik3050@nileco.example,2,10,49600.19,5.00,2017-05-08,,1,hybrid,3214
3051,Wael,Abdelaziz,wael.abdelaziz3051@nileco.example,9,42,17913.92,0.00,2022-09-04,,1,onsite,967
3052,Tarek,Youssef,tarek.youssef3052@nileco.example,7,33,16521.19,0.00,2025-09-06,,1,remote,62
3053,رانيا,شوقي,rania.shawky3053@nileco.example,2,9,30988.00,5.00,2017-09-30,,1,onsite,1755
3054,Hassan,Salem,hassan.salem3054@nileco.example,9,40,3690.00,0.00,2024-10-15,,1,onsite,1130
3055,Hoda,Moussa,hoda.moussa3055@nileco.example,1,3,25283.72,0.00,2019-03-20,,1,onsite,1324
3056,Hussein,Moussa,hussein.moussa3056@nileco.example,6,29,22873.98,0.00,2022-06-17,,1,onsite,3864
3057,Rania,Ismail,rania.ismail3057@nileco.example,2,9,31131.95,5.00,2022-05-18,,1,onsite,4735
3058,Shaimaa,Roushdy,shaimaa.roushdy3058@nileco.example,6,27,6418.05,0.00,2024-03-03,,1,onsite,3549
3059,Ali,Ahmed,ali.ahmed3059@nileco.example,6,29,17197.29,0.00,2021-08-15,,1,remote,3991
3060,Salma,Saeed,salma.saeed3060@nileco.example,7,33,22687.91,0.00,2024-01-18,,1,onsite,3002
3061,Basma,Hassan,basma.hassan3061@nileco.example,1,2,9249.45,0.00,2025-05-18,,1,onsite,933
3062,زياد,فتحي,ziad.fathy3062@nileco.example,3,13,21172.45,0.00,2020-02-14,,1,onsite,73
3063,ندى,موسى,nada.moussa3063@nileco.example,6,29,23166.89,0.00,2020-08-03,,1,onsite,1474
3064,Mohamed,Abbas,mohamed.abbas3064@nileco.example,1,3,20567.89,0.00,2023-01-02,,1,onsite,3739
3065,Yasmin,Mahmoud,yasmin.mahmoud3065@nileco.example,2,6,4419.75,5.00,2025-12-11,2026-07-20,0,onsite,2052
3066,Walid,Ramadan,walid.ramadan3066@nileco.example,1,2,9997.38,0.00,2025-07-03,,1,remote,1112
3067,خالد,سعيد,khaled.saeed3067@nileco.example,1,3,17314.55,0.00,2025-07-24,2026-03-14,0,onsite,4364
3068,Marwan,Mansour,marwan.mansour3068@nileco.example,1,4,30874.12,0.00,2019-03-23,2021-08-31,0,onsite,1667
3069,Sara,Ahmed,sara.ahmed3069@nileco.example,1,5,50726.12,0.00,2019-05-14,,1,onsite,4477
3070,Tarek,Fouad,tarek.fouad3070@nileco.example,8,37,9008.40,0.00,2025-03-19,,1,hybrid,1241
3071,سامح,منصور,sameh.mansour3071@nileco.example,9,43,29983.90,0.00,2024-12-24,,1,hybrid,1892
3072,ليلى,أحمد,laila.ahmed3072@nileco.example,2,7,10343.62,5.00,2022-01-14,,1,onsite,2240
3073,مريم,سليم,mariam.selim3073@nileco.example,5,25,53129.05,0.00,2018-05-10,,1,onsite,3698
3074,Marwan,Abdelaziz,marwan.abdelaziz3074@nileco.example,9,42,21055.54,0.00,2023-08-29,,1,onsite,1684
3075,Hossam,Selim,hossam.selim3075@nileco.example,1,4,34353.29,0.00,2021-02-04,,1,onsite,521
3076,Fatma,Moussa,fatma.moussa3076@nileco.example,2,10,42658.93,5.00,2016-08-08,2020-02-28,0,hybrid,2367
3077,Michael,Selim,michael.selim3077@nileco.example,7,34,28229.06,0.00,2022-03-19,2025-04-01,0,remote,4839
3078,عمر,فاروق,omar.farouk3078@nileco.example,6,29,18605.68,0.00,2025-02-12,2026-08-13,0,onsite,4401
3079,بسمة,رشوان,basma.rashwan3079@nileco.example,1,4,34765.57,0.00,2020-04-19,,1,onsite,803
3080,Fatma,Roushdy,fatma.roushdy3080@nileco.example,6,29,19578.53,0.00,2024-03-09,,1,hybrid,547
3081,Laila,Kamal,laila.kamal3081@nileco.example,5,23,20600.97,0.00,2019-06-28,,1,onsite,3757
3082,Ibrahim,Sobhy,ibrahim.sobhy3082@nileco.example,2,7,12545.57,5.00,2021-05-15,,1,onsite,4301
3083,Ziad,Hassan,ziad.hassan3083@nileco.example,2,7,13693.50,5.00,2021-07-26,,1,onsite,4513
3084,Farida,Kamal,farida.kamal3084@nileco.example,2,9,33891.91,5.00,2018-08-29,,1,remote,916
3085,رانيا,حلمي,rania.helmy3085@nileco.example,6,29,17375.88,0.00,2023-01-04,,1,onsite,4869
3086,Shaimaa,Ezzat,shaimaa.ezzat3086@nileco.example,1,3,17791.68,0.00,2023-09-01,,1,onsite,59
3087,Basma,Moussa,basma.moussa3087@nileco.example,1,2,11813.48,0.00,2024-02-20,,1,onsite,3956
3088,Hossam,Helmy,hossam.helmy3088@nileco.example,4,17,19511.75,0.00,2025-12-14,,1,remote,3583
3089,Omar,Naguib,omar.naguib3089@nileco.example,3,12,9849.26,0.00,2025-05-02,,1,remote,3250
3090,Yasmin,Hamdy,yasmin.hamdy3090@nileco.example,9,41,11280.68,0.00,2022-02-07,,1,hybrid,1165
3091,Mahmoud,Salem,mahmoud.salem3091@nileco.example,3,12,11356.27,0.00,2026-01-01,,1,remote,342
3092,Farida,Metwally,farida.metwally3092@nileco.example,7,34,29063.86,0.00,2022-09-05,,1,onsite,347
3093,Hussein,Fathy,hussein.fathy3093@nileco.example,2,9,37525.00,5.00,2017-10-05,,1,onsite,2113
3094,أيمن,عزت,ayman.ezzat3094@nileco.example,7,31,6112.66,0.00,2025-01-17,,1,onsite,1281
3095,Nour,Metwally,nour.metwally3095@nileco.example,6,29,18305.37,0.00,2020-09-09,2023-11-19,0,hybrid,888
3096,Basma,Nasser,basma.nasser3096@nileco.example,6,29,23487.33,0.00,2019-05-21,,1,onsite,4724
3097,Nour,Farouk,nour.farouk3097@nileco.example,9,41,10646.82,0.00,2022-06-18,,1,onsite,3867
3098,علي,أحمد,ali.ahmed3098@nileco.example,8,39,29261.58,0.00,2019-07-27,,1,hybrid,3583
3099,زياد,متولي,ziad.metwally3099@nileco.example,3,11,6000.24,0.00,2024-10-25,,1,onsite,4120
3100,Nada,Zaki,nada.zaki3100@nileco.example,6,29,20672.12,0.00,2023-05-26,,1,onsite,3702
3101,Amira,Helmy,amira.helmy3101@nileco.example,5,23,14336.24,0.00,2023-02-24,,1,onsite,3717
3102,زياد,ناصر,ziad.nasser3102@nileco.example,1,2,11857.29,0.00,2025-01-24,,1,remote,3069
3103,زياد,صبحي,ziad.sobhy3103@nileco.example,6,27,5229.63,0.00,2026-04-23,,1,onsite,4721
3104,بسمة,إسماعيل,basma.ismail3104@nileco.example,6,28,11077.11,0.00,2021-01-26,,1,onsite,2920
3105,فريدة,رشوان,farida.rashwan3105@nileco.example,4,17,21535.24,0.00,2022-01-23,,1,remote,1794
3106,سامح,نجيب,sameh.naguib3106@nileco.example,2,8,14443.28,5.00,2024-05-13,,1,onsite,2031
3107,Mona,Ramadan,mona.ramadan3107@nileco.example,7,33,20982.99,0.00,2022-07-24,,1,onsite,4307
3108,تامر,كمال,tamer.kamal3108@nileco.example,7,33,20952.03,0.00,2022-03-03,,1,onsite,2518
3109,Sara,Nasser,sara.nasser3109@nileco.example,1,2,9620.42,0.00,2026-07-30,,1,onsite,1593
3110,Noha,Shawky,noha.shawky3110@nileco.example,7,33,22413.59,0.00,2022-01-18,,1,onsite,359
3111,منى,نجيب,mona.naguib3111@nileco.example,7,32,10891.50,0.00,2023-12-29,,1,onsite,3401
3112,علي,منصور,ali.mansour3112@nileco.example,1,2,10138.59,0.00,2023-05-09,,1,hybrid,3141
3113,Salma,Fouad,salma.fouad3113@nileco.example,2,8,14311.51,5.00,2024-05-30,,1,remote,243
3114,Nada,Hamdy,nada.hamdy3114@nileco.example,2,8,23408.06,5.00,2020-08-16,,1,remote,512
3115,دينا,فاروق,dina.farouk3115@nileco.example,6,28,8006.32,0.00,2025-05-10,2026-01-18,0,onsite,1337
3116,Hany,Ramadan,hany.ramadan3116@nileco.example,4,17,24337.92,0.00,2019-09-15,,1,hybrid,3014
3117,Heba,Metwally,heba.metwally3117@nileco.example,1,4,42731.88,0.00,2018-04-04,,1,onsite,1074
3118,شريف,عبد العزيز,sherif.abdelaziz3118@nileco.example,7,32,11359.84,0.00,2021-07-02,,1,hybrid,3233
3119,إبراهيم,منصور,ibrahim.mansour3119@nileco.example,3,11,6523.44,0.00,2025-05-17,,1,remote,2276
3120,أيمن,فتحي,ayman.fathy3120@nileco.example,6,30,29835.00,0.00,2022-04-15,,1,hybrid,2114
3121,عمر,رشوان,omar.rashwan3121@nileco.example,4,18,28285.44,0.00,2021-11-16,2024-03-26,0,onsite,3979
3122,Salma,Moussa,salma.moussa3122@nileco.example,7,32,9705.80,0.00,2026-06-10,,1,onsite,4286
3123,Wael,Ramadan,wael.ramadan3123@nileco.example,2,6,4109.59,5.00,2026-02-08,,1,hybrid,2098
3124,Ahmed,Fathy,ahmed.fathy3124@nileco.example,2,7,12491.01,5.00,2025-11-18,,1,onsite,3246
3125,أميرة,رمضان,amira.ramadan3125@nileco.example,5,23,21149.32,0.00,2021-03-06,,1,hybrid,286
3126,Mahmoud,Naguib,mahmoud.naguib3126@nileco.example,1,3,20539.99,0.00,2023-10-22,,1,onsite,3652
3127,Shaimaa,Selim,shaimaa.selim3127@nileco.example,2,8,22960.46,5.00,2022-04-05,,1,onsite,561
3128,Andrew,Fouad,andrew.fouad3128@nileco.example,4,18,31214.29,0.00,2023-03-12,,1,hybrid,193
3129,وليد,حسن,walid.hassan3129@nileco.example,1,2,11246.58,0.00,2021-09-04,,1,onsite,4388
3130,Ayman,Elshamy,ayman.elshamy3130@nileco.example,6,28,11287.31,0.00,2026-06-03,,1,onsite,2487
3131,Heba,Fouad,heba.fouad3131@nileco.example,1,4,32493.89,0.00,2023-08-13,,1,onsite,1667
3132,مصطفى,فتحي,mostafa.fathy3132@nileco.example,5,21,7745.58,0.00,2025-02-14,,1,hybrid,1160
3133,Farida,Ismail,farida.ismail3133@nileco.example,5,22,11111.13,0.00,2021-04-15,2024-02-16,0,onsite,3896
3134,نور,فؤاد,nour.fouad3134@nileco.example,5,24,35424.84,0.00,2017-12-09,,1,onsite,286
3135,Noha,Sobhy,noha.sobhy3135@nileco.example,9,42,19080.93,0.00,2021-10-04,,1,remote,4398
3136,Mariam,Farouk,mariam.farouk3136@nileco.example,6,29,25462.94,0.00,2021-01-21,,1,onsite,1865
3137,Khaled,Mahmoud,khaled.mahmoud3137@nileco.example,1,3,20327.49,0.00,2022-06-14,,1,onsite,820
3138,Basma,Hassan,basma.hassan3138@nileco.example,6,29,16059.99,0.00,2024-12-02,,1,onsite,2040
3139,Wael,Farouk,wael.farouk3139@nileco.example,1,2,7346.51,0.00,2026-06-01,,1,remote,4364
3140,Laila,Naguib,laila.naguib3140@nileco.example,7,33,19769.68,0.00,2021-09-16,,1,hybrid,2623
3141,Ali,Hassan,ali.hassan3141@nileco.example,1,3,19997.84,0.00,2022-01-08,,1,hybrid,1440
3142,Adel,Elshamy,adel.elshamy3142@nileco.example,5,24,37805.25,0.00,2021-01-22,,1,hybrid,2114
3143,Hassan,Helmy,hassan.helmy3143@nileco.example,9,42,18225.85,0.00,2025-07-10,,1,onsite,1957
3144,أندرو,فؤاد,andrew.fouad3144@nileco.example,4,18,36002.61,0.00,2019-08-10,,1,onsite,4430
3145,إبراهيم,أحمد,ibrahim.ahmed3145@nileco.example,4,19,47143.51,0.00,2020-09-20,2022-04-10,0,hybrid,3583
3146,Heba,Hamdy,heba.hamdy3146@nileco.example,2,7,13082.33,5.00,2021-02-10,,1,onsite,3272
3147,يوسف,نجيب,youssef.naguib3147@nileco.example,1,3,21679.45,0.00,2021-02-07,,1,onsite,684
3148,Salma,Ramadan,salma.ramadan3148@nileco.example,3,13,19192.14,0.00,2024-11-01,,1,onsite,61
3149,Nour,Fathy,nour.fathy3149@nileco.example,1,4,31395.91,0.00,2024-12-20,,1,onsite,1267
3150,Heba,Naguib,heba.naguib3150@nileco.example,1,3,23995.33,0.00,2019-05-08,,1,onsite,4446
3151,Hoda,Mahmoud,hoda.mahmoud3151@nileco.example,7,33,18468.56,0.00,2020-08-13,,1,hybrid,3527
3152,Mariam,Abdelaziz,mariam.abdelaziz3152@nileco.example,5,23,14444.21,0.00,2023-10-15,,1,remote,4171
3153,Adel,Ramadan,adel.ramadan3153@nileco.example,1,2,10068.32,0.00,2024-11-18,2026-04-21,0,hybrid,4362
3154,Khaled,Fathy,khaled.fathy3154@nileco.example,7,34,27231.38,0.00,2017-03-29,2020-01-09,0,hybrid,1091
3155,Karim,Mansour,karim.mansour3155@nileco.example,3,14,27933.11,0.00,2024-10-03,,1,hybrid,2638
3156,هاني,صبحي,hany.sobhy3156@nileco.example,9,42,16006.68,0.00,2021-07-01,2022-02-09,0,hybrid,4007
3157,Ziad,Moussa,ziad.moussa3157@nileco.example,5,23,23917.41,0.00,2019-11-07,,1,onsite,162
3158,Hany,Sayed,hany.sayed3158@nileco.example,6,29,16076.04,0.00,2025-05-28,,1,onsite,1031
3159,Aya,Gaber,aya.gaber3159@nileco.example,5,22,9719.17,0.00,2026-02-06,,1,hybrid,4636
3160,Mariam,Salem,mariam.salem3160@nileco.example,6,29,24518.93,0.00,2019-02-12,,1,onsite,3270
3161,حسام,صبحي,hossam.sobhy3161@nileco.example,9,40,7003.45,0.00,2026-07-06,,1,onsite,3744
3162,وائل,سليم,wael.selim3162@nileco.example,1,4,35537.48,0.00,2020-09-14,,1,hybrid,4892
3163,Tarek,Ezzat,tarek.ezzat3163@nileco.example,2,6,7102.69,5.00,2026-05-18,,1,hybrid,793
3164,أيمن,رمضان,ayman.ramadan3164@nileco.example,1,1,5682.75,0.00,2024-09-13,,1,onsite,1020
3165,Aya,Metwally,aya.metwally3165@nileco.example,2,8,17931.75,5.00,2022-04-11,,1,onsite,2841
3166,Salma,Ramadan,salma.ramadan3166@nileco.example,7,32,11365.75,0.00,2025-12-20,,1,remote,4584
3167,Hussein,Elshamy,hussein.elshamy3167@nileco.example,6,27,4958.94,0.00,2024-06-27,2025-12-08,0,onsite,1211
3168,عمرو,منصور,amr.mansour3168@nileco.example,6,28,10531.70,0.00,2025-12-09,,1,onsite,3529
3169,Youssef,Fathy,youssef.fathy3169@nileco.example,7,33,22541.51,0.00,2022-10-09,,1,hybrid,4457
3170,Ali,Selim,ali.selim3170@nileco.example,5,24,35121.66,0.00,2021-06-07,,1,onsite,1167
3171,Dina,Salem,dina.salem3171@nileco.example,1,2,9466.19,0.00,2022-05-08,,1,onsite,2423
3172,Ziad,Kamal,ziad.kamal3172@nileco.example,6,29,21158.88,0.00,2020-04-24,,1,onsite,1285
3173,Hany,Selim,hany.selim3173@nileco.example,4,17,27438.71,0.00,2019-01-09,,1,remote,4265
3174,Karim,Mansour,karim.mansour3174@nileco.example,9,41,12831.21,0.00,2021-02-21,,1,onsite,3694
3175,Ziad,Shawky,ziad.shawky3175@nileco.example,1,1,6001.94,0.00,2025-01-04,,1,hybrid,4729
3176,Hoda,Khalil,hoda.khalil3176@nileco.example,6,28,12503.84,0.00,2021-01-31,,1,hybrid,1747
3177,Laila,Naguib,laila.naguib3177@nileco.example,2,8,18672.65,5.00,2023-03-09,,1,onsite,4574
3178,Tamer,Hamdy,tamer.hamdy3178@nileco.example,3,13,23989.80,0.00,2023-08-14,,1,onsite,1927
3179,Nour,Tawfik,nour.tawfik3179@nileco.example,8,38,20283.93,0.00,2023-05-23,,1,onsite,1589
3180,Amr,Mansour,amr.mansour3180@nileco.example,2,8,20359.99,5.00,2021-06-12,,1,onsite,2891
3181,رانيا,إسماعيل,rania.ismail3181@nileco.example,3,12,12059.05,0.00,2025-06-08,,1,remote,1157
3182,Khaled,Sobhy,khaled.sobhy3182@nileco.example,5,25,55680.66,0.00,2017-07-01,,1,remote,3698
3183,Sherif,Hamdy,sherif.hamdy3183@nileco.example,6,29,20109.08,0.00,2023-07-17,2025-12-30,0,hybrid,4155
3184,Ali,Sobhy,ali.sobhy3184@nileco.example,9,43,29102.52,0.00,2021-07-24,,1,onsite,2367
3185,Karim,Helmy,karim.helmy3185@nileco.example,1,2,10709.99,0.00,2023-08-20,,1,remote,4364
3186,Ibrahim,Helmy,ibrahim.helmy3186@nileco.example,6,29,19255.93,0.00,2022-03-23,,1,remote,348
3187,Tarek,Metwally,tarek.metwally3187@nileco.example,1,4,39398.98,0.00,2020-09-21,,1,onsite,2968
3188,ريم,فؤاد,reem.fouad3188@nileco.example,3,12,11546.19,0.00,2025-08-31,,1,hybrid,2470
3189,يوسف,حلمي,youssef.helmy3189@nileco.example,6,28,9381.60,0.00,2024-11-05,,1,onsite,1131
3190,Rania,Sobhy,rania.sobhy3190@nileco.example,1,4,31774.00,0.00,2022-12-30,,1,hybrid,4514
3191,Andrew,Mahmoud,andrew.mahmoud3191@nileco.example,7,34,31545.49,0.00,2023-12-06,,1,onsite,1520
3192,Yasmin,Kamal,yasmin.kamal3192@nileco.example,2,7,9620.88,5.00,2023-11-17,,1,onsite,2645
3193,Omar,Selim,omar.selim3193@nileco.example,9,42,24567.74,0.00,2019-12-21,,1,onsite,1684
3194,خالد,بدوي,khaled.badawy3194@nileco.example,5,22,11078.80,0.00,2023-01-09,,1,hybrid,3157
3195,أندرو,نجيب,andrew.naguib3195@nileco.example,1,4,30309.63,0.00,2022-12-25,2025-07-19,0,onsite,1468
3196,فريدة,سعيد,farida.saeed3196@nileco.example,1,1,3690.00,0.00,2025-12-18,,1,hybrid,4998
3197,Marwan,Rashwan,marwan.rashwan3197@nileco.example,5,23,13360.00,0.00,2019-01-28,2019-09-13,0,onsite,4810
3198,Ahmed,Hamdy,ahmed.hamdy3198@nileco.example,6,29,22516.16,0.00,2019-12-27,,1,hybrid,2380
3199,Tarek,Ezzat,tarek.ezzat3199@nileco.example,1,5,49647.83,0.00,2019-06-24,,1,hybrid,4477
3200,أندرو,نجيب,andrew.naguib3200@nileco.example,4,17,18281.45,0.00,2023-11-23,,1,hybrid,2979
3201,Hoda,Shawky,hoda.shawky3201@nileco.example,3,12,7250.00,0.00,2026-06-07,,1,onsite,2395
3202,عمر,حمدي,omar.hamdy3202@nileco.example,1,3,20567.85,0.00,2019-06-06,,1,onsite,2418
3203,وليد,أحمد,walid.ahmed3203@nileco.example,6,28,11328.71,0.00,2026-01-05,2026-06-29,0,onsite,3552
3204,Wael,Youssef,wael.youssef3204@nileco.example,1,2,12127.59,0.00,2022-11-17,,1,onsite,2852
3205,Sameh,Mahmoud,sameh.mahmoud3205@nileco.example,1,3,16763.27,0.00,2022-05-22,,1,remote,1529
3206,سارة,صبحي,sara.sobhy3206@nileco.example,1,3,23937.49,0.00,2020-03-23,,1,hybrid,104
3207,حسن,منصور,hassan.mansour3207@nileco.example,6,29,15003.35,0.00,2024-07-13,,1,onsite,4724
3208,عادل,موسى,adel.moussa3208@nileco.example,1,2,9392.78,0.00,2025-11-06,,1,hybrid,2079
3209,يوسف,محمود,youssef.mahmoud3209@nileco.example,1,2,12869.20,0.00,2021-11-26,,1,hybrid,1831
3210,أيمن,عباس,ayman.abbas3210@nileco.example,3,13,19752.33,0.00,2024-04-07,,1,onsite,1927
3211,Salma,Rashwan,salma.rashwan3211@nileco.example,1,4,26846.24,0.00,2023-06-06,,1,remote,1542
3212,آية,علي,aya.ali3212@nileco.example,1,5,47110.51,0.00,2022-05-14,,1,onsite,3757
3213,Walid,Youssef,walid.youssef3213@nileco.example,2,8,17184.36,5.00,2022-08-05,,1,hybrid,1902
3214,Noha,Selim,noha.selim3214@nileco.example,4,20,71836.67,0.00,2018-10-09,,1,hybrid,
3215,دينا,ناصر,dina.nasser3215@nileco.example,1,4,28801.76,0.00,2024-06-30,,1,onsite,3762
3216,Ali,Abbas,ali.abbas3216@nileco.example,7,33,24577.28,0.00,2019-12-09,,1,hybrid,3796
3217,Fatma,Youssef,fatma.youssef3217@nileco.example,9,42,15673.15,0.00,2023-09-18,,1,remote,4156
3218,Dina,Salem,dina.salem3218@nileco.example,6,28,8649.20,0.00,2026-02-25,,1,onsite,1420
3219,Ibrahim,Mansour,ibrahim.mansour3219@nileco.example,2,8,17224.40,5.00,2024-08-15,,1,onsite,3977
3220,Amira,Mahmoud,amira.mahmoud3220@nileco.example,9,40,7508.90,0.00,2026-01-07,,1,hybrid,4365
3221,Walid,Ramadan,walid.ramadan3221@nileco.example,9,43,35094.77,0.00,2024-03-23,,1,onsite,4532
3222,مريم,حمدي,mariam.hamdy3222@nileco.example,5,21,6834.56,0.00,2025-10-08,,1,onsite,143
3223,Reem,Metwally,reem.metwally3223@nileco.example,6,28,7939.45,0.00,2023-11-21,,1,onsite,1297
3224,أيمن,علي,ayman.ali3224@nileco.example,1,4,37561.30,0.00,2018-02-24,,1,hybrid,4596
3225,Sherif,Ahmed,sherif.ahmed3225@nileco.example,3,12,15969.21,0.00,2021-10-25,,1,hybrid,2507
3226,Khaled,Elshamy,khaled.elshamy3226@nileco.example,5,22,13216.92,0.00,2024-02-11,,1,onsite,3032
3227,Ahmed,Naguib,ahmed.naguib3227@nileco.example,7,33,20162.56,0.00,2020-11-06,,1,remote,4650
3228,Khaled,Roushdy,khaled.roushdy3228@nileco.example,2,8,19714.47,5.00,2021-04-05,,1,hybrid,2458
3229,وائل,موسى,wael.moussa3229@nileco.example,1,4,35439.33,0.00,2020-12-08,,1,onsite,4654
3230,Ahmed,Mansour,ahmed.mansour3230@nileco.example,5,24,36743.30,0.00,2019-06-06,,1,onsite,3032
3231,Ibrahim,Gaber,ibrahim.gaber3231@nileco.example,2,9,34068.11,5.00,2020-08-03,,1,hybrid,557
3232,هبة,أحمد,heba.ahmed3232@nileco.example,6,27,6857.59,0.00,2024-10-04,,1,onsite,3862
3233,Andrew,Kamal,andrew.kamal3233@nileco.example,7,33,17420.10,0.00,2025-04-22,,1,onsite,4131
3234,شيماء,زكي,shaimaa.zaki3234@nileco.example,9,42,20076.97,0.00,2024-09-26,,1,onsite,776
3235,Mahmoud,Metwally,mahmoud.metwally3235@nileco.example,7,35,49119.03,0.00,2022-02-08,,1,onsite,2114
3236,مريم,علي,mariam.ali3236@nileco.example,1,2,14945.42,0.00,2021-12-24,,1,remote,2807
3237,Tarek,Saeed,tarek.saeed3237@nileco.example,4,16,9499.08,0.00,2026-03-03,,1,hybrid,4930
3238,Adel,Kamal,adel.kamal3238@nileco.example,2,8,21207.84,5.00,2024-02-10,,1,onsite,6
3239,Ali,Moussa,ali.moussa3239@nileco.example,2,8,22766.03,5.00,2022-02-04,,1,hybrid,1053
3240,Mona,Helmy,mona.helmy3240@nileco.example,9,42,21220.49,0.00,2020-08-29,,1,remote,2328
3241,Hassan,Rashwan,hassan.rashwan3241@nileco.example,6,27,8052.32,0.00,2026-03-27,,1,onsite,748
3242,عمرو,سالم,amr.salem3242@nileco.example,6,29,21902.77,0.00,2019-03-16,,1,onsite,2581
3243,Michael,Abbas,michael.abbas3243@nileco.example,2,7,10697.20,5.00,2021-03-25,,1,onsite,2682
3244,Yasmin,Ali,yasmin.ali3244@nileco.example,6,29,18161.80,0.00,2022-01-04,,1,onsite,4470
3245,Amr,Salem,amr.salem3245@nileco.example,4,17,22016.66,0.00,2021-12-21,,1,onsite,3014
3246,Mona,Gaber,mona.gaber3246@nileco.example,2,10,47667.73,5.00,2019-11-24,,1,onsite,2367
3247,Ibrahim,Ramadan,ibrahim.ramadan3247@nileco.example,1,3,19768.87,0.00,2022-06-19,,1,onsite,995
3248,Ayman,Shawky,ayman.shawky3248@nileco.example,1,5,54660.22,0.00,2018-01-29,,1,hybrid,3757
3249,أندرو,حسن,andrew.hassan3249@nileco.example,7,34,28223.76,0.00,2023-02-04,,1,onsite,774
3250,Nada,Hassan,nada.hassan3250@nileco.example,3,13,17973.99,0.00,2025-05-22,,1,onsite,2276
3251,كريم,فؤاد,karim.fouad3251@nileco.example,1,3,23935.64,0.00,2022-01-11,,1,onsite,3680
3252,Farida,Metwally,farida.metwally3252@nileco.example,1,3,22652.44,0.00,2022-02-02,,1,hybrid,1702
3253,Sameh,Roushdy,sameh.roushdy3253@nileco.example,9,42,20500.97,0.00,2021-03-16,,1,onsite,3265
3254,مروان,الشامي,marwan.elshamy3254@nileco.example,5,24,29161.67,0.00,2022-10-14,,1,hybrid,286
3255,Dina,Sayed,dina.sayed3255@nileco.example,1,2,12531.89,0.00,2025-07-02,,1,onsite,1606
3256,Youssef,Metwally,youssef.metwally3256@nileco.example,5,25,55040.27,0.00,2018-12-01,,1,hybrid,341
3257,Hassan,Abdelaziz,hassan.abdelaziz3257@nileco.example,2,9,36394.34,5.00,2018-05-18,2021-03-28,0,onsite,4720
3258,Dalia,Helmy,dalia.helmy3258@nileco.example,9,41,10991.71,0.00,2026-03-16,,1,hybrid,3321
3259,Nour,Ramadan,nour.ramadan3259@nileco.example,1,4,29488.55,0.00,2024-08-05,,1,onsite,3477
3260,Ziad,Ali,ziad.ali3260@nileco.example,3,14,29156.79,0.00,2024-01-25,,1,onsite,3214
3261,Sherif,Badawy,sherif.badawy3261@nileco.example,6,28,12658.49,0.00,2021-07-30,,1,onsite,1297
3262,Ibrahim,Abbas,ibrahim.abbas3262@nileco.example,1,2,8100.73,0.00,2026-03-24,,1,remote,1674
3263,أحمد,خليل,ahmed.khalil3263@nileco.example,9,41,8727.98,0.00,2021-06-05,2025-01-07,0,onsite,3370
3264,يوسف,محمود,youssef.mahmoud3264@nileco.example,7,32,12291.00,0.00,2023-12-15,,1,onsite,1489
3265,Sara,Ezzat,sara.ezzat3265@nileco.example,9,43,34258.70,0.00,2021-06-26,,1,remote,3214
3266,طارق,كمال,tarek.kamal3266@nileco.example,2,6,3690.00,5.00,2025-03-26,,1,hybrid,4321
3267,Khaled,Saeed,khaled.saeed3267@nileco.example,7,32,9412.08,0.00,2025-11-24,,1,remote,2415
3268,Mona,Ismail,mona.ismail3268@nileco.example,6,29,18219.53,0.00,2025-04-23,,1,onsite,4869
3269,Mahmoud,Kamal,mahmoud.kamal3269@nileco.example,5,25,59507.92,0.00,2016-01-10,,1,onsite,2649
3270,Tamer,Saeed,tamer.saeed3270@nileco.example,6,30,34630.27,0.00,2019-08-21,,1,hybrid,2449
3271,خالد,توفيق,khaled.tawfik3271@nileco.example,1,1,5900.67,0.00,2026-04-27,,1,onsite,2880
3272,Farida,Zaki,farida.zaki3272@nileco.example,2,8,20165.89,5.00,2023-10-18,,1,hybrid,28
3273,Basma,Abbas,basma.abbas3273@nileco.example,7,34,29498.48,0.00,2023-10-23,,1,remote,944
3274,Noha,Zaki,noha.zaki3274@nileco.example,6,28,9345.66,0.00,2024-07-16,,1,hybrid,1097
3275,Nada,Ali,nada.ali3275@nileco.example,1,4,32672.08,0.00,2023-09-04,2026-02-26,0,hybrid,4889
3276,سامح,فؤاد,sameh.fouad3276@nileco.example,1,1,7414.80,0.00,2024-02-15,,1,onsite,506
3277,Hussein,Elshamy,hussein.elshamy3277@nileco.example,5,23,15750.09,0.00,2024-10-17,,1,hybrid,188
3278,Hassan,Gaber,hassan.gaber3278@nileco.example,6,29,21322.27,0.00,2021-03-14,,1,onsite,1096
3279,Ziad,Moussa,ziad.moussa3279@nileco.example,1,3,16749.13,0.00,2025-04-13,,1,remote,232
3280,Mariam,Ezzat,mariam.ezzat3280@nileco.example,1,3,22367.05,0.00,2024-06-24,,1,onsite,4079
3281,Tarek,Abbas,tarek.abbas3281@nileco.example,3,13,15347.04,0.00,2024-12-02,,1,hybrid,3155
3282,خالد,شوقي,khaled.shawky3282@nileco.example,1,3,17883.36,0.00,2023-06-17,,1,onsite,1831
3283,Wael,Roushdy,wael.roushdy3283@nileco.example,1,3,19447.46,0.00,2022-08-31,,1,hybrid,4323
3284,Mona,Rashwan,mona.rashwan3284@nileco.example,2,6,3921.74,5.00,2024-03-14,,1,onsite,865
3285,Tarek,Mansour,tarek.mansour3285@nileco.example,2,7,9107.99,5.00,2021-12-30,2024-10-19,0,remote,1829
3286,Yasmin,Ismail,yasmin.ismail3286@nileco.example,1,5,45262.33,0.00,2021-03-01,,1,onsite,1892
3287,خالد,يوسف,khaled.youssef3287@nileco.example,5,25,48874.19,0.00,2018-12-01,,1,onsite,2522
3288,هدى,زكي,hoda.zaki3288@nileco.example,6,28,9465.17,0.00,2026-02-23,,1,onsite,3674
3289,Shaimaa,Khalil,shaimaa.khalil3289@nileco.example,3,13,18719.84,0.00,2024-12-03,,1,remote,262
3290,Khaled,Khalil,khaled.khalil3290@nileco.example,4,17,15018.35,0.00,2020-12-07,,1,hybrid,1562
3291,هدى,علي,hoda.ali3291@nileco.example,6,30,38113.57,0.00,2020-06-12,,1,hybrid,2649
3292,Hussein,Moussa,hussein.moussa3292@nileco.example,2,7,9382.91,5.00,2026-04-16,,1,hybrid,1766
3293,Dina,Youssef,dina.youssef3293@nileco.example,1,3,17824.30,0.00,2025-05-15,,1,onsite,2664
3294,عمرو,شوقي,amr.shawky3294@nileco.example,3,14,35997.81,0.00,2017-04-26,,1,onsite,3214
3295,Ahmed,Khalil,ahmed.khalil3295@nileco.example,3,12,12729.26,0.00,2021-03-09,,1,remote,2106
3296,إبراهيم,شوقي,ibrahim.shawky3296@nileco.example,3,13,16962.62,0.00,2023-09-22,,1,remote,4884
3297,Khaled,Abdelaziz,khaled.abdelaziz3297@nileco.example,1,2,9315.74,0.00,2025-08-04,,1,onsite,2083
3298,ليلى,السيد,laila.sayed3298@nileco.example,4,18,28207.06,0.00,2022-04-01,2024-09-01,0,onsite,193
3299,Mahmoud,Salem,mahmoud.salem3299@nileco.example,6,29,19099.41,0.00,2025-08-05,,1,onsite,753
3300,Reem,Hassan,reem.hassan3300@nileco.example,1,1,4131.81,0.00,2025-12-13,,1,hybrid,1702
3301,Tarek,Abbas,tarek.abbas3301@nileco.example,6,28,12510.30,0.00,2025-11-18,,1,onsite,4818
3302,دينا,زكي,dina.zaki3302@nileco.example,2,8,20057.38,5.00,2019-10-06,,1,hybrid,4027
3303,Mohamed,Sayed,mohamed.sayed3303@nileco.example,6,27,5307.65,0.00,2025-11-29,,1,onsite,2610
3304,Amira,Ramadan,amira.ramadan3304@nileco.example,6,28,12634.98,0.00,2025-03-22,,1,remote,1429
3305,زياد,زكي,ziad.zaki3305@nileco.example,3,13,17176.36,0.00,2024-07-05,,1,hybrid,394
3306,Tamer,Ezzat,tamer.ezzat3306@nileco.example,6,29,16590.41,0.00,2025-07-12,,1,onsite,2851
3307,Salma,Salem,salma.salem3307@nileco.example,2,7,10802.54,5.00,2023-11-16,,1,onsite,2862
3308,أميرة,رشوان,amira.rashwan3308@nileco.example,5,23,18335.94,0.00,2023-11-14,,1,remote,2747
3309,Rania,Zaki,rania.zaki3309@nileco.example,5,24,28806.57,0.00,2024-01-17,,1,onsite,2649
3310,Tamer,Zaki,tamer.zaki3310@nileco.example,8,38,18003.88,0.00,2022-06-23,2024-08-03,0,onsite,1909
3311,زياد,زكي,ziad.zaki3311@nileco.example,7,32,10680.81,0.00,2022-08-03,,1,onsite,2169
3312,Farida,Fouad,farida.fouad3312@nileco.example,1,4,30256.62,0.00,2024-07-31,,1,hybrid,722
3313,Yasmin,Nasser,yasmin.nasser3313@nileco.example,1,3,21512.39,0.00,2020-06-06,,1,onsite,4417
3314,محمود,حمدي,mahmoud.hamdy3314@nileco.example,9,40,4405.38,0.00,2026-03-10,,1,hybrid,2992
3315,عمر,عزت,omar.ezzat3315@nileco.example,6,28,11902.09,0.00,2025-11-09,,1,onsite,1097
3316,Ibrahim,Moussa,ibrahim.moussa3316@nileco.example,2,7,8658.88,5.00,2026-02-25,,1,remote,3165
3317,Dina,Khalil,dina.khalil3317@nileco.example,1,3,18331.31,0.00,2022-10-13,,1,onsite,659
3318,Hossam,Elshamy,hossam.elshamy3318@nileco.example,1,2,11880.78,0.00,2024-01-09,,1,remote,2639
3319,Mahmoud,Nasser,mahmoud.nasser3319@nileco.example,1,4,26090.26,0.00,2018-09-28,,1,onsite,1485
3320,Walid,Gaber,walid.gaber3320@nileco.example,2,8,16819.50,5.00,2024-11-10,2025-05-31,0,onsite,3231
3321,Wael,Ramadan,wael.ramadan3321@nileco.example,9,42,21725.42,0.00,2021-04-23,,1,onsite,3712
3322,Fatma,Tawfik,fatma.tawfik3322@nileco.example,3,12,10844.74,0.00,2024-03-20,,1,onsite,4827
3323,أندرو,حمدي,andrew.hamdy3323@nileco.example,6,28,10347.90,0.00,2025-03-28,,1,onsite,265
3324,Hoda,Kamal,hoda.kamal3324@nileco.example,1,3,21684.45,0.00,2021-01-28,,1,onsite,1048
3325,ريم,توفيق,reem.tawfik3325@nileco.example,1,3,18642.15,0.00,2025-02-15,,1,onsite,3652
3326,تامر,شوقي,tamer.shawky3326@nileco.example,6,28,9234.31,0.00,2022-08-21,,1,onsite,1758
3327,Marwan,Ahmed,marwan.ahmed3327@nileco.example,2,7,11003.05,5.00,2024-04-11,,1,onsite,4033
3328,Walid,Shawky,walid.shawky3328@nileco.example,9,42,19048.65,0.00,2023-06-15,,1,hybrid,1533
3329,محمد,موسى,mohamed.moussa3329@nileco.example,6,29,20316.34,0.00,2023-10-09,,1,hybrid,1289
3330,ياسمين,فتحي,yasmin.fathy3330@nileco.example,5,23,20094.43,0.00,2020-09-11,,1,onsite,2114
3331,Ali,Badawy,ali.badawy3331@nileco.example,1,4,37495.45,0.00,2019-09-13,,1,onsite,247
3332,Sherif,Naguib,sherif.naguib3332@nileco.example,1,3,17556.29,0.00,2019-04-13,,1,remote,4750
3333,فاطمة,شوقي,fatma.shawky3333@nileco.example,7,35,45642.85,0.00,2021-12-17,,1,onsite,2649
3334,رانيا,منصور,rania.mansour3334@nileco.example,1,3,21833.13,0.00,2022-10-20,,1,onsite,2574
3335,Shaimaa,Ahmed,shaimaa.ahmed3335@nileco.example,6,29,20963.63,0.00,2021-08-05,,1,onsite,4589
3336,Youssef,Ismail,youssef.ismail3336@nileco.example,6,27,5055.99,0.00,2024-10-07,,1,hybrid,4593
3337,حسين,فؤاد,hussein.fouad3337@nileco.example,5,23,21251.08,0.00,2022-05-02,,1,onsite,162
3338,Sameh,Roushdy,sameh.roushdy3338@nileco.example,1,4,35832.07,0.00,2019-08-20,,1,onsite,1324
3339,سلمى,محمود,salma.mahmoud3339@nileco.example,6,29,21369.09,0.00,2021-04-29,,1,onsite,4848
3340,Nada,Saeed,nada.saeed3340@nileco.example,9,41,12414.10,0.00,2021-04-29,,1,onsite,4520
3341,Heba,Elshamy,heba.elshamy3341@nileco.example,5,21,6369.31,0.00,2024-10-29,,1,onsite,610
3342,رانيا,رشوان,rania.rashwan3342@nileco.example,7,33,23304.26,0.00,2020-12-31,,1,onsite,3948
3343,Laila,Ahmed,laila.ahmed3343@nileco.example,6,30,38153.64,0.00,2022-02-24,,1,hybrid,3214
3344,بسمة,متولي,basma.metwally3344@nileco.example,1,2,8553.86,0.00,2024-12-14,,1,onsite,3876
3345,مريم,حسن,mariam.hassan3345@nileco.example,6,29,20854.79,0.00,2022-04-03,,1,onsite,4689
3346,Laila,Zaki,laila.zaki3346@nileco.example,1,1,8134.31,0.00,2024-04-15,,1,onsite,3515
3347,Nada,Ahmed,nada.ahmed3347@nileco.example,6,27,6248.07,0.00,2024-12-29,,1,onsite,145
3348,Marwan,Shawky,marwan.shawky3348@nileco.example,6,29,23077.34,0.00,2021-05-15,,1,onsite,2009
3349,Youssef,Nasser,youssef.nasser3349@nileco.example,1,4,34178.09,0.00,2017-08-26,,1,onsite,1267
3350,Hassan,Moussa,hassan.moussa3350@nileco.example,2,7,13766.51,5.00,2024-06-19,,1,onsite,4106
3351,دينا,خليل,dina.khalil3351@nileco.example,2,7,11063.93,5.00,2021-12-02,2024-11-10,0,onsite,3177
3352,Walid,Kamal,walid.kamal3352@nileco.example,7,32,13122.97,0.00,2022-07-07,,1,onsite,980
3353,Andrew,Metwally,andrew.metwally3353@nileco.example,3,13,20792.68,0.00,2023-12-12,,1,onsite,3913
3354,طارق,جابر,tarek.gaber3354@nileco.example,3,12,8574.72,0.00,2025-03-15,,1,hybrid,2363
3355,Adel,Khalil,adel.khalil3355@nileco.example,1,3,19478.21,0.00,2025-12-12,,1,remote,2752
3356,Ayman,Ahmed,ayman.ahmed3356@nileco.example,1,3,16390.53,0.00,2024-09-12,,1,onsite,2072
3357,Nour,Tawfik,nour.tawfik3357@nileco.example,6,28,8249.86,0.00,2026-02-15,,1,onsite,606
3358,Mona,Saeed,mona.saeed3358@nileco.example,3,13,22159.55,0.00,2019-06-24,,1,onsite,4736
3359,Adel,Kamal,adel.kamal3359@nileco.example,8,37,11813.94,0.00,2024-01-29,,1,onsite,1169
3360,تامر,سالم,tamer.salem3360@nileco.example,9,42,24006.87,0.00,2021-01-09,,1,remote,1121
3361,Hoda,Metwally,hoda.metwally3361@nileco.example,1,2,12009.87,0.00,2024-12-02,,1,onsite,3961
3362,Nada,Elshamy,nada.elshamy3362@nileco.example,1,2,9743.89,0.00,2022-02-05,,1,onsite,93
3363,Shaimaa,Kamal,shaimaa.kamal3363@nileco.example,2,7,11723.20,5.00,2023-08-31,,1,onsite,4279
3364,فاطمة,سليم,fatma.selim3364@nileco.example,8,37,14300.73,0.00,2021-10-13,,1,onsite,2710
3365,Farida,Youssef,farida.youssef3365@nileco.example,1,2,7375.25,0.00,2025-08-14,,1,onsite,959
3366,Hussein,Shawky,hussein.shawky3366@nileco.example,9,43,30588.24,0.00,2021-03-07,,1,remote,3698
3367,بسمة,فاروق,basma.farouk3367@nileco.example,9,41,9552.70,0.00,2025-03-15,,1,hybrid,4015
3368,مصطفى,حلمي,mostafa.helmy3368@nileco.example,5,24,43160.42,0.00,2018-11-14,,1,onsite,3445
3369,ندى,زكي,nada.zaki3369@nileco.example,7,35,57564.76,0.00,2017-11-15,,1,hybrid,341
3370,Hussein,Mansour,hussein.mansour3370@nileco.example,9,43,28160.06,0.00,2024-03-26,,1,onsite,2449
3371,Adel,Sayed,adel.sayed3371@nileco.example,1,4,28157.89,0.00,2023-05-26,,1,onsite,856
3372,Farida,Fouad,farida.fouad3372@nileco.example,2,10,48913.76,5.00,2021-01-07,,1,onsite,4200
3373,Youssef,Shawky,youssef.shawky3373@nileco.example,1,4,27694.10,0.00,2023-10-04,,1,onsite,2579
3374,Khaled,Hassan,khaled.hassan3374@nileco.example,4,17,18679.34,0.00,2021-03-15,,1,onsite,487
3375,دينا,السيد,dina.sayed3375@nileco.example,1,2,9465.43,0.00,2026-02-18,,1,hybrid,4012
3376,Mostafa,Youssef,mostafa.youssef3376@nileco.example,9,42,20114.88,0.00,2021-02-20,,1,onsite,4696
3377,Aya,Abdelaziz,aya.abdelaziz3377@nileco.example,3,13,17993.40,0.00,2022-11-23,,1,onsite,682
3378,Ali,Nasser,ali.nasser3378@nileco.example,1,3,20105.28,0.00,2024-07-08,,1,onsite,2826
3379,Dina,Salem,dina.salem3379@nileco.example,2,8,21771.42,5.00,2022-09-22,,1,remote,4182
3380,فاطمة,فاروق,fatma.farouk3380@nileco.example,2,8,20336.99,5.00,2023-10-07,,1,remote,2706
3381,Mariam,Zaki,mariam.zaki3381@nileco.example,7,32,11618.37,0.00,2023-08-07,,1,remote,4457
3382,Ibrahim,Ahmed,ibrahim.ahmed3382@nileco.example,2,10,47606.98,5.00,2021-12-12,,1,hybrid,3896
3383,Salma,Badawy,salma.badawy3383@nileco.example,1,3,18553.65,0.00,2025-08-11,,1,hybrid,2511
3384,هاني,عباس,hany.abbas3384@nileco.example,9,42,18882.73,0.00,2024-04-22,,1,hybrid,4917
3385,Mahmoud,Badawy,mahmoud.badawy3385@nileco.example,1,4,33094.21,0.00,2022-07-05,,1,hybrid,4276
3386,Adel,Ezzat,adel.ezzat3386@nileco.example,1,3,16867.90,0.00,2025-06-25,,1,onsite,1891
3387,Mostafa,Ezzat,mostafa.ezzat3387@nileco.example,6,28,12607.98,0.00,2022-06-23,,1,onsite,2323
3388,Nour,Fathy,nour.fathy3388@nileco.example,3,12,8085.09,0.00,2026-07-03,,1,remote,2825
3389,Hossam,Gaber,hossam.gaber3389@nileco.example,3,12,8614.14,0.00,2022-11-11,2024-08-02,0,onsite,4410
3390,أيمن,نجيب,ayman.naguib3390@nileco.example,7,32,8057.68,0.00,2023-06-24,2024-12-05,0,remote,3043
3391,Basma,Salem,basma.salem3391@nileco.example,1,3,19580.67,0.00,2022-09-18,,1,onsite,4195
3392,Sherif,Sobhy,sherif.sobhy3392@nileco.example,6,29,18808.16,0.00,2020-06-14,,1,onsite,1187
3393,Mostafa,Gaber,mostafa.gaber3393@nileco.example,1,1,4879.93,0.00,2025-03-13,,1,remote,4330
3394,تامر,ناصر,tamer.nasser3394@nileco.example,1,4,34449.68,0.00,2018-12-16,,1,hybrid,566
3395,Michael,Fathy,michael.fathy3395@nileco.example,3,13,23567.64,0.00,2019-09-11,,1,onsite,2374
3396,Tarek,Ramadan,tarek.ramadan3396@nileco.example,7,34,30904.58,0.00,2019-05-19,,1,onsite,4578
3397,نور,علي,nour.ali3397@nileco.example,1,4,28963.40,0.00,2023-07-04,,1,onsite,4364
3398,بسمة,ناصر,basma.nasser3398@nileco.example,6,29,18398.95,0.00,2023-07-16,,1,hybrid,1314
3399,ندى,السيد,nada.sayed3399@nileco.example,6,30,30031.42,0.00,2020-02-20,2023-11-06,0,remote,1892
3400,علي,السيد,ali.sayed3400@nileco.example,6,29,21121.69,0.00,2020-06-27,,1,onsite,1577
3401,Sherif,Ismail,sherif.ismail3401@nileco.example,7,33,22452.40,0.00,2020-07-27,,1,onsite,1466
3402,Ali,Fouad,ali.fouad3402@nileco.example,7,33,22847.89,0.00,2019-11-10,,1,hybrid,1455
3403,Noha,Youssef,noha.youssef3403@nileco.example,3,13,21705.26,0.00,2024-06-28,,1,remote,1402
3404,داليا,خليل,dalia.khalil3404@nileco.example,1,2,7465.02,0.00,2025-02-25,,1,remote,2224
3405,Khaled,Ahmed,khaled.ahmed3405@nileco.example,9,42,17692.45,0.00,2022-03-29,,1,remote,280
3406,Fatma,Zaki,fatma.zaki3406@nileco.example,7,32,9390.35,0.00,2023-02-24,,1,onsite,4806
3407,مصطفى,سالم,mostafa.salem3407@nileco.example,6,28,10183.83,0.00,2026-02-15,,1,onsite,3761
3408,حسن,زكي,hassan.zaki3408@nileco.example,6,29,22757.21,0.00,2021-08-12,,1,onsite,2451
3409,زياد,فؤاد,ziad.fouad3409@nileco.example,7,31,5385.07,0.00,2025-08-01,,1,hybrid,3941
3410,Yasmin,Ahmed,yasmin.ahmed3410@nileco.example,6,30,32003.34,0.00,2023-06-12,,1,hybrid,2522
3411,Dalia,Fathy,dalia.fathy3411@nileco.example,7,34,31217.16,0.00,2017-10-06,,1,onsite,2642
3412,Sameh,Gaber,sameh.gaber3412@nileco.example,1,4,36610.59,0.00,2023-02-05,,1,onsite,2382
3413,وليد,نجيب,walid.naguib3413@nileco.example,3,11,5014.21,0.00,2024-06-02,,1,onsite,1206
3414,Hussein,Hamdy,hussein.hamdy3414@nileco.example,2,8,19295.78,5.00,2021-03-02,,1,onsite,4306
3415,Karim,Saeed,karim.saeed3415@nileco.example,7,32,10484.84,0.00,2022-12-08,,1,onsite,3216
3416,Adel,Naguib,adel.naguib3416@nileco.example,5,22,8399.12,0.00,2024-03-23,2026-04-16,0,hybrid,1254
3417,Basma,Gaber,basma.gaber3417@nileco.example,8,39,31773.22,0.00,2023-10-24,,1,remote,3896
3418,Youssef,Khalil,youssef.khalil3418@nileco.example,1,2,11380.76,0.00,2024-06-03,,1,hybrid,2278
3419,Noha,Shawky,noha.shawky3419@nileco.example,6,29,24535.00,0.00,2019-03-05,,1,onsite,2009
3420,Khaled,Hamdy,khaled.hamdy3420@nileco.example,8,39,35345.56,0.00,2021-12-20,,1,onsite,4200
3421,منى,نجيب,mona.naguib3421@nileco.example,1,2,13096.67,0.00,2022-12-07,,1,onsite,3383
3422,طارق,جابر,tarek.gaber3422@nileco.example,9,41,12362.88,0.00,2022-09-26,,1,hybrid,4893
3423,Omar,Abbas,omar.abbas3423@nileco.example,6,30,36914.32,0.00,2017-11-01,,1,onsite,2522
3424,Mohamed,Sayed,mohamed.sayed3424@nileco.example,4,19,47518.31,0.00,2022-10-09,,1,onsite,4532
3425,عمر,كمال,omar.kamal3425@nileco.example,2,9,29043.48,5.00,2024-02-10,,1,hybrid,4357
3426,Aya,Sayed,aya.sayed3426@nileco.example,1,3,24142.23,0.00,2022-04-18,,1,onsite,3412
3427,Mohamed,Kamal,mohamed.kamal3427@nileco.example,1,3,19549.78,0.00,2020-12-22,,1,onsite,1804
3428,Yasmin,Abdelaziz,yasmin.abdelaziz3428@nileco.example,6,29,19007.65,0.00,2022-04-02,,1,onsite,4483
3429,ليلى,أحمد,laila.ahmed3429@nileco.example,4,18,35510.58,0.00,2019-05-29,,1,onsite,1794
3430,سلمى,سعيد,salma.saeed3430@nileco.example,4,17,19290.31,0.00,2024-11-06,,1,onsite,2979
3431,خالد,الشامي,khaled.elshamy3431@nileco.example,6,29,17345.33,0.00,2020-10-02,2022-09-04,0,hybrid,2380
3432,Amira,Sayed,amira.sayed3432@nileco.example,8,38,19721.87,0.00,2022-09-07,2026-02-23,0,remote,3787
3433,Ali,Mahmoud,ali.mahmoud3433@nileco.example,7,32,13577.56,0.00,2024-09-06,,1,hybrid,4104
3434,Karim,Gaber,karim.gaber3434@nileco.example,9,42,18819.68,0.00,2023-03-16,,1,onsite,122
3435,Sameh,Hamdy,sameh.hamdy3435@nileco.example,5,22,11174.23,0.00,2025-11-09,,1,remote,4759
3436,ندى,عبد العزيز,nada.abdelaziz3436@nileco.example,5,24,30983.86,0.00,2023-08-18,,1,hybrid,2203
3437,شيماء,الشامي,shaimaa.elshamy3437@nileco.example,4,18,34536.94,0.00,2022-02-19,,1,hybrid,735
3438,Ali,Ismail,ali.ismail3438@nileco.example,1,1,5708.16,0.00,2026-03-12,,1,hybrid,1781
3439,ريم,الشامي,reem.elshamy3439@nileco.example,2,7,11655.59,5.00,2021-11-22,,1,onsite,4152
3440,Tarek,Selim,tarek.selim3440@nileco.example,6,28,12062.61,0.00,2025-10-25,,1,onsite,249
3441,نهى,محمود,noha.mahmoud3441@nileco.example,9,42,16687.46,0.00,2024-02-18,,1,remote,958
3442,Heba,Tawfik,heba.tawfik3442@nileco.example,6,28,10439.30,0.00,2024-09-29,,1,remote,257
3443,Aya,Elshamy,aya.elshamy3443@nileco.example,7,34,36638.16,0.00,2018-09-30,,1,onsite,3235
3444,نهى,توفيق,noha.tawfik3444@nileco.example,6,29,23302.02,0.00,2020-03-19,,1,onsite,1728
3445,هاني,بدوي,hany.badawy3445@nileco.example,5,25,51778.64,0.00,2020-05-10,,1,hybrid,3757
3446,Mariam,Moussa,mariam.moussa3446@nileco.example,6,30,27477.05,0.00,2024-10-02,,1,onsite,4396
3447,Ziad,Mansour,ziad.mansour3447@nileco.example,5,22,11276.37,0.00,2022-03-26,,1,onsite,2876
3448,Mona,Ramadan,mona.ramadan3448@nileco.example,6,28,10302.98,0.00,2026-03-07,,1,onsite,2489
3449,Mahmoud,Roushdy,mahmoud.roushdy3449@nileco.example,1,3,18486.03,0.00,2020-06-02,2023-02-27,0,onsite,2355
3450,Walid,Naguib,walid.naguib3450@nileco.example,6,28,13608.17,0.00,2021-02-07,,1,hybrid,257
3451,Tarek,Moussa,tarek.moussa3451@nileco.example,9,42,19019.48,0.00,2021-02-26,,1,remote,1235
3452,علي,متولي,ali.metwally3452@nileco.example,1,3,16500.40,0.00,2024-12-06,,1,remote,2148
3453,Mahmoud,Rashwan,mahmoud.rashwan3453@nileco.example,2,8,17375.65,5.00,2024-04-12,2025-12-07,0,hybrid,2795
3454,مروان,السيد,marwan.sayed3454@nileco.example,2,7,7934.04,5.00,2026-04-25,,1,onsite,1626
3455,Tarek,Helmy,tarek.helmy3455@nileco.example,1,3,16388.95,0.00,2025-08-27,2026-05-13,0,hybrid,4195
3456,Walid,Hamdy,walid.hamdy3456@nileco.example,7,34,40710.22,0.00,2017-08-29,,1,onsite,1427
3457,Sherif,Khalil,sherif.khalil3457@nileco.example,7,33,19043.79,0.00,2021-06-22,,1,hybrid,4650
3458,Sameh,Fathy,sameh.fathy3458@nileco.example,3,13,16438.22,0.00,2024-02-10,,1,onsite,2844
3459,Hany,Hamdy,hany.hamdy3459@nileco.example,7,34,36570.69,0.00,2017-09-15,,1,onsite,1353
3460,Sara,Kamal,sara.kamal3460@nileco.example,3,12,12237.71,0.00,2024-08-01,,1,onsite,626
3461,سامح,كمال,sameh.kamal3461@nileco.example,9,41,9619.49,0.00,2024-02-22,,1,onsite,3360
3462,Dina,Elshamy,dina.elshamy3462@nileco.example,6,28,8144.40,0.00,2024-05-17,,1,onsite,2071
3463,Karim,Nasser,karim.nasser3463@nileco.example,8,39,24391.26,0.00,2023-03-09,2024-02-21,0,onsite,3698
3464,عمر,توفيق,omar.tawfik3464@nileco.example,1,3,17802.12,0.00,2025-03-04,,1,hybrid,1464
3465,Hussein,Abbas,hussein.abbas3465@nileco.example,1,2,12203.06,0.00,2022-09-22,,1,onsite,3464
3466,Hassan,Fouad,hassan.fouad3466@nileco.example,1,3,19065.83,0.00,2023-02-12,,1,hybrid,3190
3467,مصطفى,عبد العزيز,mostafa.abdelaziz3467@nileco.example,1,4,29883.31,0.00,2024-06-19,,1,hybrid,856
3468,Laila,Nasser,laila.nasser3468@nileco.example,9,43,30249.20,0.00,2018-10-22,2020-12-16,0,hybrid,1378
3469,Reem,Roushdy,reem.roushdy3469@nileco.example,7,32,7250.00,0.00,2026-04-26,,1,hybrid,364
3470,داليا,نجيب,dalia.naguib3470@nileco.example,1,3,16638.20,0.00,2022-09-16,,1,onsite,160
3471,ريم,حلمي,reem.helmy3471@nileco.example,1,3,20297.31,0.00,2020-11-24,,1,onsite,1522
3472,Marwan,Hassan,marwan.hassan3472@nileco.example,2,7,8736.15,5.00,2022-07-25,,1,hybrid,4301
3473,Michael,Abbas,michael.abbas3473@nileco.example,2,8,20800.97,5.00,2021-08-27,,1,onsite,3021
3474,نهى,توفيق,noha.tawfik3474@nileco.example,7,35,59042.59,0.00,2016-10-19,,1,onsite,4331
3475,Hussein,Moussa,hussein.moussa3475@nileco.example,6,29,23256.73,0.00,2022-02-16,,1,onsite,2041
3476,Khaled,Ali,khaled.ali3476@nileco.example,7,34,28845.51,0.00,2022-06-29,,1,hybrid,3474
3477,Michael,Ahmed,michael.ahmed3477@nileco.example,1,5,53160.12,0.00,2020-03-11,,1,hybrid,4200
3478,Noha,Youssef,noha.youssef3478@nileco.example,7,34,29341.42,0.00,2023-11-21,,1,onsite,1427
3479,ندى,الشامي,nada.elshamy3479@nileco.example,1,3,24055.71,0.00,2019-06-08,,1,onsite,404
3480,Ayman,Ezzat,ayman.ezzat3480@nileco.example,9,42,21776.35,0.00,2022-06-19,,1,onsite,1161
3481,Nour,Ezzat,nour.ezzat3481@nileco.example,1,3,21350.15,0.00,2020-01-24,,1,onsite,463
3482,Shaimaa,Salem,shaimaa.salem3482@nileco.example,1,3,19439.37,0.00,2022-11-12,,1,onsite,1717
3483,عادل,رشدي,adel.roushdy3483@nileco.example,2,9,31493.86,5.00,2022-04-09,,1,onsite,1182
3484,Adel,Hamdy,adel.hamdy3484@nileco.example,1,2,9676.68,0.00,2024-02-07,,1,hybrid,3251
3485,Fatma,Ahmed,fatma.ahmed3485@nileco.example,2,8,19171.32,5.00,2024-11-05,,1,onsite,2010
3486,ندى,الشامي,nada.elshamy3486@nileco.example,1,5,48240.74,0.00,2020-01-27,,1,hybrid,341
3487,Dina,Saeed,dina.saeed3487@nileco.example,1,2,11286.60,0.00,2023-12-01,,1,onsite,4277
3488,Dina,Metwally,dina.metwally3488@nileco.example,9,41,12455.96,0.00,2024-01-23,,1,remote,3768
3489,سامح,إسماعيل,sameh.ismail3489@nileco.example,9,41,13020.45,0.00,2022-04-30,,1,hybrid,4164
3490,Ibrahim,Shawky,ibrahim.shawky3490@nileco.example,7,34,28217.33,0.00,2018-01-25,2019-02-09,0,onsite,315
3491,Tarek,Abbas,tarek.abbas3491@nileco.example,8,37,9516.99,0.00,2024-10-14,,1,onsite,3880
3492,Sara,Fouad,sara.fouad3492@nileco.example,9,40,6095.39,0.00,2024-04-25,,1,onsite,256
3493,Wael,Helmy,wael.helmy3493@nileco.example,2,9,32968.54,5.00,2021-01-15,,1,remote,1141
3494,سارة,عزت,sara.ezzat3494@nileco.example,6,29,16942.17,0.00,2024-02-06,,1,onsite,4126
3495,Hassan,Sayed,hassan.sayed3495@nileco.example,1,2,13341.99,0.00,2021-05-03,,1,onsite,331
3496,طارق,حسن,tarek.hassan3496@nileco.example,9,43,28322.00,0.00,2024-12-14,,1,onsite,1949
3497,Ibrahim,Salem,ibrahim.salem3497@nileco.example,2,10,42772.90,5.00,2022-12-15,,1,hybrid,2229
3498,Amr,Naguib,amr.naguib3498@nileco.example,1,3,23615.23,0.00,2019-03-08,,1,hybrid,1464
3499,Farida,Abdelaziz,farida.abdelaziz3499@nileco.example,5,25,40244.07,0.00,2017-03-30,2017-09-08,0,onsite,2649
3500,Hussein,Elshamy,hussein.elshamy3500@nileco.example,2,9,33418.42,5.00,2020-05-26,2024-02-16,0,onsite,1743
3501,أحمد,السيد,ahmed.sayed3501@nileco.example,6,30,41855.84,0.00,2018-12-05,,1,hybrid,2114
3502,Nada,Naguib,nada.naguib3502@nileco.example,7,33,18809.72,0.00,2024-08-28,,1,onsite,2835
3503,Laila,Ahmed,laila.ahmed3503@nileco.example,3,13,16268.07,0.00,2025-01-27,,1,hybrid,4634
3504,أميرة,توفيق,amira.tawfik3504@nileco.example,9,42,22078.17,0.00,2020-09-14,,1,onsite,1844
3505,تامر,توفيق,tamer.tawfik3505@nileco.example,2,10,41642.59,5.00,2020-11-12,,1,onsite,4477
3506,Dina,Badawy,dina.badawy3506@nileco.example,6,28,10694.41,0.00,2024-07-04,,1,hybrid,2705
3507,Wael,Hassan,wael.hassan3507@nileco.example,7,32,8011.87,0.00,2026-03-24,,1,onsite,2433
3508,Michael,Helmy,michael.helmy3508@nileco.example,6,28,10063.05,0.00,2023-08-09,,1,hybrid,184
3509,داليا,سالم,dalia.salem3509@nileco.example,6,29,25075.47,0.00,2020-10-19,,1,onsite,2523
3510,Shaimaa,Farouk,shaimaa.farouk3510@nileco.example,3,12,10728.79,0.00,2024-02-01,,1,onsite,2049
3511,Ahmed,Rashwan,ahmed.rashwan3511@nileco.example,1,3,17501.04,0.00,2024-02-07,,1,onsite,1662
3512,سلمى,كمال,salma.kamal3512@nileco.example,6,29,25063.64,0.00,2019-07-28,,1,hybrid,3991
3513,Hussein,Roushdy,hussein.roushdy3513@nileco.example,2,7,11086.64,5.00,2021-07-19,,1,onsite,266
3514,رانيا,رشوان,rania.rashwan3514@nileco.example,1,4,33892.61,0.00,2021-06-13,2024-07-21,0,onsite,3248
3515,Heba,Ali,heba.ali3515@nileco.example,1,2,12938.62,0.00,2025-01-27,,1,hybrid,2939
3516,Ahmed,Fathy,ahmed.fathy3516@nileco.example,9,41,14962.22,0.00,2021-02-11,,1,onsite,171
3517,Adel,Saeed,adel.saeed3517@nileco.example,2,9,25929.85,5.00,2024-02-03,,1,onsite,916
3518,فريدة,توفيق,farida.tawfik3518@nileco.example,9,42,19117.45,0.00,2022-05-19,,1,onsite,3724
3519,زياد,فاروق,ziad.farouk3519@nileco.example,4,17,18226.30,0.00,2020-02-06,,1,onsite,3943
3520,هاني,حلمي,hany.helmy3520@nileco.example,6,27,6354.46,0.00,2024-11-13,,1,onsite,158
3521,مروان,فتحي,marwan.fathy3521@nileco.example,6,28,11247.21,0.00,2025-08-12,,1,onsite,174
3522,Omar,Rashwan,omar.rashwan3522@nileco.example,6,29,18214.73,0.00,2025-10-21,,1,onsite,4951
3523,وائل,سالم,wael.salem3523@nileco.example,4,17,18453.53,0.00,2024-07-11,,1,onsite,1769
3524,Sara,Ramadan,sara.ramadan3524@nileco.example,5,24,29004.68,0.00,2022-07-10,2023-05-31,0,onsite,3256
3525,هبة,الشامي,heba.elshamy3525@nileco.example,1,5,54173.67,0.00,2018-09-03,,1,onsite,1949
3526,Tamer,Roushdy,tamer.roushdy3526@nileco.example,9,43,26854.53,0.00,2021-06-15,,1,onsite,
3527,Farida,Khalil,farida.khalil3527@nileco.example,7,34,35187.03,0.00,2018-06-11,,1,onsite,350
3528,Rania,Ahmed,rania.ahmed3528@nileco.example,6,30,27934.23,0.00,2022-08-17,,1,hybrid,2367
3529,Ziad,Ramadan,ziad.ramadan3529@nileco.example,6,29,19946.26,0.00,2025-10-17,,1,onsite,914
3530,مصطفى,الشامي,mostafa.elshamy3530@nileco.example,2,6,5361.07,5.00,2025-10-08,,1,onsite,3625
3531,Nada,Hamdy,nada.hamdy3531@nileco.example,1,2,10096.70,0.00,2023-04-24,2024-10-21,0,hybrid,138
3532,Khaled,Ahmed,khaled.ahmed3532@nileco.example,1,5,50047.81,0.00,2021-03-31,,1,onsite,4396
3533,Michael,Saeed,michael.saeed3533@nileco.example,2,8,25463.62,5.00,2020-12-01,,1,onsite,2931
3534,Sherif,Saeed,sherif.saeed3534@nileco.example,2,7,10398.66,5.00,2021-09-17,,1,remote,3219
3535,Heba,Tawfik,heba.tawfik3535@nileco.example,4,16,15042.95,0.00,2022-03-04,,1,onsite,4331
3536,Dalia,Metwally,dalia.metwally3536@nileco.example,1,4,34607.03,0.00,2022-11-18,,1,onsite,4596
3537,Reem,Sayed,reem.sayed3537@nileco.example,9,41,10540.29,0.00,2022-05-17,,1,onsite,4479
3538,Mohamed,Fouad,mohamed.fouad3538@nileco.example,2,8,19131.14,5.00,2022-11-08,,1,onsite,4306
3539,Fatma,Naguib,fatma.naguib3539@nileco.example,6,30,37055.42,0.00,2019-04-28,,1,hybrid,1378
3540,Khaled,Abdelaziz,khaled.abdelaziz3540@nileco.example,1,5,52250.14,0.00,2020-11-17,,1,onsite,
3541,مصطفى,السيد,mostafa.sayed3541@nileco.example,1,3,18575.53,0.00,2023-05-29,,1,hybrid,1509
3542,Salma,Selim,salma.selim3542@nileco.example,2,8,18516.19,5.00,2024-10-09,2025-12-15,0,hybrid,2841
3543,Youssef,Ismail,youssef.ismail3543@nileco.example,6,30,32990.90,0.00,2021-01-13,,1,remote,4331
3544,Nour,Rashwan,nour.rashwan3544@nileco.example,6,29,22987.34,0.00,2020-09-10,,1,hybrid,4621
3545,إبراهيم,جابر,ibrahim.gaber3545@nileco.example,1,2,8522.77,0.00,2026-02-09,2026-07-21,0,onsite,741
3546,Tamer,Mahmoud,tamer.mahmoud3546@nileco.example,5,24,30537.30,0.00,2022-10-02,,1,hybrid,4036
3547,أميرة,نجيب,amira.naguib3547@nileco.example,7,34,34947.90,0.00,2021-06-18,,1,hybrid,3474
3548,مايكل,فؤاد,michael.fouad3548@nileco.example,1,2,11555.41,0.00,2021-03-25,,1,hybrid,4012
3549,حسن,خليل,hassan.khalil3549@nileco.example,6,28,10718.77,0.00,2023-02-06,,1,remote,923
3550,Salma,Abdelaziz,salma.abdelaziz3550@nileco.example,6,28,12145.22,0.00,2025-09-11,,1,onsite,2104
3551,Walid,Moussa,walid.moussa3551@nileco.example,6,27,3690.00,0.00,2024-12-08,,1,hybrid,492
3552,Reem,Ezzat,reem.ezzat3552@nileco.example,6,30,34432.88,0.00,2020-11-23,,1,hybrid,
3553,فاطمة,عبد العزيز,fatma.abdelaziz3553@nileco.example,2,10,46136.25,5.00,2020-10-22,,1,onsite,3896
3554,Yasmin,Elshamy,yasmin.elshamy3554@nileco.example,5,23,23171.47,0.00,2021-08-23,,1,remote,2707
3555,تامر,عبد العزيز,tamer.abdelaziz3555@nileco.example,7,33,23743.79,0.00,2019-07-30,,1,onsite,589
3556,دينا,عباس,dina.abbas3556@nileco.example,6,29,22926.90,0.00,2020-12-24,,1,remote,20
3557,Marwan,Fathy,marwan.fathy3557@nileco.example,6,29,18575.23,0.00,2024-08-17,,1,onsite,4097
3558,Andrew,Tawfik,andrew.tawfik3558@nileco.example,1,3,19462.23,0.00,2023-07-23,,1,onsite,3878
3559,Aya,Elshamy,aya.elshamy3559@nileco.example,6,28,12665.59,0.00,2023-01-25,,1,onsite,624
3560,Ziad,Youssef,ziad.youssef3560@nileco.example,8,37,11730.38,0.00,2021-09-20,,1,hybrid,2422
3561,Yasmin,Mansour,yasmin.mansour3561@nileco.example,1,3,19297.59,0.00,2021-09-29,,1,hybrid,1424
3562,Amira,Ismail,amira.ismail3562@nileco.example,1,3,17109.50,0.00,2021-07-29,,1,remote,2091
3563,حسام,حسن,hossam.hassan3563@nileco.example,1,1,6759.32,0.00,2024-06-17,,1,onsite,4114
3564,كريم,زكي,karim.zaki3564@nileco.example,6,29,16242.58,0.00,2023-12-06,,1,hybrid,4450
3565,Ayman,Hamdy,ayman.hamdy3565@nileco.example,9,42,16468.05,0.00,2025-03-24,,1,hybrid,2958
3566,Walid,Roushdy,walid.roushdy3566@nileco.example,3,13,17866.62,0.00,2025-07-01,2026-04-22,0,onsite,464
3567,خالد,منصور,khaled.mansour3567@nileco.example,1,4,36488.50,0.00,2021-10-27,2024-07-24,0,onsite,1550
3568,إبراهيم,شوقي,ibrahim.shawky3568@nileco.example,7,33,20552.83,0.00,2022-02-01,,1,hybrid,3092
3569,Amira,Sayed,amira.sayed3569@nileco.example,1,4,36769.76,0.00,2018-06-08,,1,onsite,1607
3570,Nada,Ismail,nada.ismail3570@nileco.example,7,32,11579.63,0.00,2022-03-19,,1,onsite,1629
3571,Noha,Shawky,noha.shawky3571@nileco.example,1,2,11186.42,0.00,2023-03-20,,1,onsite,3995
3572,حسن,فاروق,hassan.farouk3572@nileco.example,1,4,32955.89,0.00,2021-11-13,,1,remote,4514
3573,فريدة,يوسف,farida.youssef3573@nileco.example,2,8,17892.95,5.00,2025-06-26,,1,onsite,1141
3574,Omar,Fouad,omar.fouad3574@nileco.example,7,32,7557.22,0.00,2026-04-10,,1,hybrid,3092
3575,Hossam,Khalil,hossam.khalil3575@nileco.example,7,32,10631.07,0.00,2023-06-07,,1,hybrid,1092
3576,هدى,فاروق,hoda.farouk3576@nileco.example,6,28,8465.98,0.00,2024-11-11,2025-10-20,0,remote,1758
3577,منى,نجيب,mona.naguib3577@nileco.example,5,22,10839.62,0.00,2023-08-28,,1,onsite,1089
3578,Dalia,Tawfik,dalia.tawfik3578@nileco.example,8,38,20791.90,0.00,2021-06-18,,1,onsite,3787
3579,Karim,Shawky,karim.shawky3579@nileco.example,7,32,11031.24,0.00,2021-12-16,,1,hybrid,929
3580,Michael,Roushdy,michael.roushdy3580@nileco.example,6,28,10447.40,0.00,2022-09-28,,1,onsite,4583
3581,ياسمين,حمدي,yasmin.hamdy3581@nileco.example,9,41,10936.84,0.00,2023-12-08,,1,remote,3234
3582,Shaimaa,Ezzat,shaimaa.ezzat3582@nileco.example,3,13,21498.54,0.00,2019-05-23,,1,hybrid,4039
3583,Karim,Badawy,karim.badawy3583@nileco.example,4,20,80633.69,0.00,2014-01-18,,1,hybrid,
3584,Shaimaa,Ramadan,shaimaa.ramadan3584@nileco.example,7,32,11432.80,0.00,2025-06-23,,1,onsite,677
3585,خالد,رمضان,khaled.ramadan3585@nileco.example,9,40,7610.19,0.00,2026-03-19,,1,onsite,1942
3586,Noha,Elshamy,noha.elshamy3586@nileco.example,1,2,12021.57,0.00,2022-02-03,,1,onsite,2988
3587,مريم,توفيق,mariam.tawfik3587@nileco.example,7,33,19145.29,0.00,2024-11-27,,1,onsite,1326
3588,Wael,Elshamy,wael.elshamy3588@nileco.example,1,3,17920.67,0.00,2022-04-11,,1,onsite,4373
3589,Nada,Ismail,nada.ismail3589@nileco.example,2,7,11373.78,5.00,2023-01-19,,1,onsite,323
3590,Adel,Fathy,adel.fathy3590@nileco.example,1,3,17486.23,0.00,2023-03-25,,1,hybrid,1125
3591,Michael,Farouk,michael.farouk3591@nileco.example,1,4,30700.35,0.00,2023-03-31,,1,onsite,4998
3592,Hoda,Saeed,hoda.saeed3592@nileco.example,2,7,8308.31,5.00,2024-04-15,,1,onsite,3382
3593,Hossam,Shawky,hossam.shawky3593@nileco.example,6,29,17439.76,0.00,2023-12-30,,1,onsite,667
3594,Laila,Gaber,laila.gaber3594@nileco.example,3,12,13547.28,0.00,2021-03-10,,1,onsite,2861
3595,Michael,Ramadan,michael.ramadan3595@nileco.example,1,4,39184.37,0.00,2018-08-21,,1,onsite,1682
3596,Fatma,Helmy,fatma.helmy3596@nileco.example,1,3,22913.66,0.00,2019-11-29,,1,hybrid,3131
3597,Marwan,Helmy,marwan.helmy3597@nileco.example,5,25,52518.92,0.00,2021-01-15,,1,onsite,1378
3598,Shaimaa,Youssef,shaimaa.youssef3598@nileco.example,6,30,27561.50,0.00,2023-03-06,,1,remote,2719
3599,Dina,Elshamy,dina.elshamy3599@nileco.example,1,2,12728.27,0.00,2021-05-29,2024-10-07,0,onsite,1399
3600,Sherif,Abbas,sherif.abbas3600@nileco.example,2,8,20268.27,5.00,2019-08-13,2022-04-14,0,hybrid,4602
3601,Youssef,Hamdy,youssef.hamdy3601@nileco.example,7,32,9889.91,0.00,2026-04-15,,1,onsite,225
3602,مايكل,سالم,michael.salem3602@nileco.example,4,16,8324.96,0.00,2025-04-15,,1,hybrid,3105
3603,Mariam,Tawfik,mariam.tawfik3603@nileco.example,6,29,19109.49,0.00,2021-07-28,,1,onsite,4517
3604,Mahmoud,Ismail,mahmoud.ismail3604@nileco.example,5,23,16419.66,0.00,2024-02-28,,1,remote,188
3605,Ayman,Abdelaziz,ayman.abdelaziz3605@nileco.example,6,28,10700.07,0.00,2021-07-27,,1,onsite,1788
3606,آية,زكي,aya.zaki3606@nileco.example,9,42,23150.06,0.00,2019-06-06,,1,onsite,122
3607,Sherif,Gaber,sherif.gaber3607@nileco.example,1,1,5338.20,0.00,2024-05-26,,1,onsite,3861
3608,Hany,Helmy,hany.helmy3608@nileco.example,1,3,19846.84,0.00,2024-10-15,,1,onsite,1590
3609,Tamer,Fouad,tamer.fouad3609@nileco.example,1,3,17584.57,0.00,2025-06-18,,1,hybrid,1464
3610,Salma,Ezzat,salma.ezzat3610@nileco.example,1,2,11303.57,0.00,2022-05-28,,1,onsite,4673
3611,Rania,Saeed,rania.saeed3611@nileco.example,1,4,27497.44,0.00,2024-08-21,2025-01-01,0,onsite,1147
3612,Youssef,Selim,youssef.selim3612@nileco.example,4,17,21915.40,0.00,2022-05-20,,1,onsite,2284
3613,Hoda,Elshamy,hoda.elshamy3613@nileco.example,7,32,8650.20,0.00,2025-02-04,,1,onsite,2510
3614,Sameh,Badawy,sameh.badawy3614@nileco.example,3,12,13726.71,0.00,2021-07-18,,1,hybrid,4110
3615,Tamer,Mansour,tamer.mansour3615@nileco.example,3,12,10073.05,0.00,2021-09-03,,1,remote,1371
3616,Fatma,Abdelaziz,fatma.abdelaziz3616@nileco.example,6,28,11067.80,0.00,2026-03-07,,1,hybrid,4507
3617,هبة,جابر,heba.gaber3617@nileco.example,1,4,27842.41,0.00,2022-10-31,,1,onsite,1448
3618,Nada,Ahmed,nada.ahmed3618@nileco.example,5,23,22954.82,0.00,2021-08-19,2025-04-05,0,hybrid,2186
3619,Hoda,Sayed,hoda.sayed3619@nileco.example,5,25,56646.59,0.00,2016-02-20,,1,onsite,4477
3620,Fatma,Ezzat,fatma.ezzat3620@nileco.example,1,2,9609.05,0.00,2022-09-15,,1,onsite,4270
3621,علي,فؤاد,ali.fouad3621@nileco.example,2,8,18961.96,5.00,2019-12-30,,1,hybrid,2447
3622,ياسمين,سالم,yasmin.salem3622@nileco.example,1,3,24233.58,0.00,2020-07-07,,1,onsite,2602
3623,Hossam,Ismail,hossam.ismail3623@nileco.example,8,38,23014.70,0.00,2024-08-21,,1,onsite,2361
3624,Wael,Fathy,wael.fathy3624@nileco.example,1,1,3690.00,0.00,2024-08-18,,1,onsite,3711
3625,نور,إسماعيل,nour.ismail3625@nileco.example,2,10,51088.73,5.00,2018-07-21,,1,remote,2522
3626,Reem,Mansour,reem.mansour3626@nileco.example,1,3,13360.00,0.00,2025-06-19,,1,hybrid,2988
3627,Laila,Ali,laila.ali3627@nileco.example,4,16,10625.19,0.00,2024-11-08,,1,onsite,3173
3628,Marwan,Fathy,marwan.fathy3628@nileco.example,6,28,11339.77,0.00,2024-04-29,,1,onsite,2676
3629,ريم,فاروق,reem.farouk3629@nileco.example,1,2,10039.10,0.00,2025-02-19,,1,onsite,1220
3630,هدى,حمدي,hoda.hamdy3630@nileco.example,5,23,22023.89,0.00,2022-06-06,,1,onsite,3073
3631,رانيا,زكي,rania.zaki3631@nileco.example,9,43,35314.86,0.00,2024-05-22,,1,onsite,3583
3632,Noha,Moussa,noha.moussa3632@nileco.example,4,15,4534.67,0.00,2026-03-25,,1,onsite,4406
3633,Mahmoud,Farouk,mahmoud.farouk3633@nileco.example,1,3,17021.93,0.00,2022-08-27,,1,hybrid,4402
3634,Ayman,Youssef,ayman.youssef3634@nileco.example,3,13,17074.43,0.00,2025-04-10,,1,onsite,799
3635,Farida,Mahmoud,farida.mahmoud3635@nileco.example,2,8,16261.51,5.00,2021-02-15,2021-07-21,0,onsite,2314
3636,عمر,فاروق,omar.farouk3636@nileco.example,4,16,9911.43,0.00,2021-12-15,,1,onsite,3214
3637,Heba,Mansour,heba.mansour3637@nileco.example,1,3,19932.09,0.00,2020-07-01,,1,onsite,1375
3638,Andrew,Tawfik,andrew.tawfik3638@nileco.example,6,29,18276.94,0.00,2019-01-26,,1,hybrid,812
3639,مايكل,رمضان,michael.ramadan3639@nileco.example,5,23,19456.02,0.00,2023-03-05,,1,onsite,2535
3640,Khaled,Tawfik,khaled.tawfik3640@nileco.example,1,3,19549.55,0.00,2023-02-25,,1,hybrid,3572
3641,Hoda,Shawky,hoda.shawky3641@nileco.example,2,8,22147.83,5.00,2020-09-09,,1,onsite,4328
3642,Dalia,Sobhy,dalia.sobhy3642@nileco.example,6,29,15828.97,0.00,2023-08-11,,1,onsite,1285
3643,Mahmoud,Saeed,mahmoud.saeed3643@nileco.example,9,42,24973.36,0.00,2020-04-29,,1,onsite,2958
3644,شريف,عبد العزيز,sherif.abdelaziz3644@nileco.example,6,29,22362.52,0.00,2019-02-12,,1,remote,3501
3645,Mona,Farouk,mona.farouk3645@nileco.example,1,1,4573.46,0.00,2024-04-09,,1,remote,871
3646,Sameh,Abdelaziz,sameh.abdelaziz3646@nileco.example,7,33,14378.40,0.00,2022-10-25,,1,onsite,3043
3647,Yasmin,Ahmed,yasmin.ahmed3647@nileco.example,1,1,7055.65,0.00,2024-10-16,,1,onsite,3209
3648,Khaled,Moussa,khaled.moussa3648@nileco.example,1,4,32104.83,0.00,2023-10-02,,1,remote,2511
3649,شيماء,الشامي,shaimaa.elshamy3649@nileco.example,9,41,9956.24,0.00,2021-12-15,2023-04-16,0,hybrid,1907
3650,سامح,متولي,sameh.metwally3650@nileco.example,7,33,17790.14,0.00,2023-09-23,,1,hybrid,1091
3651,Noha,Hassan,noha.hassan3651@nileco.example,5,23,19084.24,0.00,2024-10-06,,1,onsite,1933
3652,هاني,سالم,hany.salem3652@nileco.example,1,4,35340.17,0.00,2020-03-04,,1,remote,4812
3653,Dina,Sayed,dina.sayed3653@nileco.example,3,13,20240.89,0.00,2024-02-07,,1,onsite,830
3654,Ziad,Salem,ziad.salem3654@nileco.example,1,4,35271.53,0.00,2020-08-07,,1,onsite,1667
3655,مريم,ناصر,mariam.nasser3655@nileco.example,2,8,24363.96,5.00,2019-03-20,,1,hybrid,3425
3656,شريف,نجيب,sherif.naguib3656@nileco.example,1,3,26662.81,0.00,2020-08-08,,1,hybrid,697
3657,عمرو,توفيق,amr.tawfik3657@nileco.example,6,29,19016.72,0.00,2024-09-07,,1,hybrid,3759
3658,بسمة,حسن,basma.hassan3658@nileco.example,2,9,27442.84,5.00,2024-06-24,,1,onsite,1790
3659,Michael,Elshamy,michael.elshamy3659@nileco.example,9,41,8530.40,0.00,2024-12-01,,1,onsite,1393
3660,Khaled,Naguib,khaled.naguib3660@nileco.example,7,33,18467.35,0.00,2024-04-09,,1,remote,3396
3661,Mariam,Gaber,mariam.gaber3661@nileco.example,1,3,18698.37,0.00,2020-02-27,,1,onsite,3954
3662,Salma,Youssef,salma.youssef3662@nileco.example,2,8,17438.94,5.00,2023-04-11,,1,onsite,3493
3663,Amr,Youssef,amr.youssef3663@nileco.example,7,32,12570.19,0.00,2021-10-03,,1,onsite,209
3664,Youssef,Ali,youssef.ali3664@nileco.example,1,3,19177.72,0.00,2024-09-30,,1,onsite,3739
3665,Hussein,Abdelaziz,hussein.abdelaziz3665@nileco.example,3,13,19594.24,0.00,2021-08-06,,1,hybrid,4110
3666,علي,منصور,ali.mansour3666@nileco.example,1,3,17919.62,0.00,2022-05-10,,1,hybrid,1655
3667,Ayman,Farouk,ayman.farouk3667@nileco.example,9,41,9560.99,0.00,2026-03-27,,1,onsite,2696
3668,Andrew,Farouk,andrew.farouk3668@nileco.example,1,3,22387.28,0.00,2023-12-18,,1,remote,4079
3669,Michael,Shawky,michael.shawky3669@nileco.example,1,3,17760.02,0.00,2024-10-12,,1,hybrid,120
3670,Ahmed,Ahmed,ahmed.ahmed3670@nileco.example,2,7,10504.76,5.00,2025-09-14,,1,hybrid,1746
3671,Laila,Abbas,laila.abbas3671@nileco.example,4,16,9446.13,0.00,2026-02-23,,1,remote,2412
3672,Sameh,Hassan,sameh.hassan3672@nileco.example,8,37,13202.51,0.00,2023-02-14,,1,hybrid,727
3673,Salma,Hassan,salma.hassan3673@nileco.example,1,3,21370.72,0.00,2021-10-29,,1,onsite,2902
3674,وليد,فتحي,walid.fathy3674@nileco.example,6,30,36000.02,0.00,2019-06-29,,1,onsite,1949
3675,Nour,Abdelaziz,nour.abdelaziz3675@nileco.example,1,4,31498.05,0.00,2020-03-25,,1,remote,1885
3676,Aya,Ahmed,aya.ahmed3676@nileco.example,1,3,18732.34,0.00,2024-04-19,,1,hybrid,3286
3677,ريم,سعيد,reem.saeed3677@nileco.example,7,35,48518.10,0.00,2019-10-09,,1,onsite,1378
3678,Rania,Kamal,rania.kamal3678@nileco.example,1,3,18143.29,0.00,2024-11-29,,1,onsite,853
3679,سارة,جابر,sara.gaber3679@nileco.example,4,15,6401.48,0.00,2024-04-23,,1,onsite,4196
3680,Sherif,Abdelaziz,sherif.abdelaziz3680@nileco.example,1,4,33305.29,0.00,2023-12-23,,1,onsite,4824
3681,منى,سليم,mona.selim3681@nileco.example,1,2,10908.67,0.00,2026-05-07,,1,remote,1323
3682,Mariam,Ahmed,mariam.ahmed3682@nileco.example,2,8,19804.65,5.00,2023-12-18,,1,onsite,3848
3683,Aya,Sobhy,aya.sobhy3683@nileco.example,2,7,11378.55,5.00,2022-04-30,,1,onsite,4832
3684,Basma,Shawky,basma.shawky3684@nileco.example,1,2,7250.00,0.00,2026-04-08,,1,hybrid,686
3685,Wael,Kamal,wael.kamal3685@nileco.example,5,23,16838.25,0.00,2019-06-20,,1,onsite,4186
3686,Farida,Fouad,farida.fouad3686@nileco.example,2,8,19349.10,5.00,2020-06-16,,1,remote,3848
3687,Mohamed,Moussa,mohamed.moussa3687@nileco.example,7,34,34429.96,0.00,2020-01-03,,1,onsite,3677
3688,Wael,Hamdy,wael.hamdy3688@nileco.example,7,33,21686.54,0.00,2023-07-14,,1,remote,3456
3689,Hossam,Abdelaziz,hossam.abdelaziz3689@nileco.example,2,8,25510.86,5.00,2019-05-05,,1,onsite,1743
3690,يوسف,رشدي,youssef.roushdy3690@nileco.example,2,9,37469.77,5.00,2017-02-06,,1,onsite,4357
3691,Sara,Badawy,sara.badawy3691@nileco.example,2,7,12695.71,5.00,2022-11-07,,1,onsite,2240
3692,Mariam,Fathy,mariam.fathy3692@nileco.example,3,13,17911.20,0.00,2022-02-02,,1,onsite,1741
3693,Salma,Nasser,salma.nasser3693@nileco.example,2,8,19202.69,5.00,2020-01-29,2022-05-02,0,remote,2244
3694,مصطفى,رشوان,mostafa.rashwan3694@nileco.example,9,43,28619.02,0.00,2023-04-03,,1,hybrid,3896
3695,Ali,Tawfik,ali.tawfik3695@nileco.example,2,9,25780.97,5.00,2018-08-19,2019-02-28,0,onsite,3804
3696,Reem,Ahmed,reem.ahmed3696@nileco.example,7,33,20533.23,0.00,2021-04-16,,1,onsite,379
3697,Hossam,Gaber,hossam.gaber3697@nileco.example,1,4,33755.10,0.00,2020-03-05,,1,hybrid,439
3698,إبراهيم,فاروق,ibrahim.farouk3698@nileco.example,5,26,75670.39,0.00,2019-12-30,,1,remote,
3699,Sameh,Rashwan,sameh.rashwan3699@nileco.example,1,3,19154.78,0.00,2024-06-14,,1,hybrid,3224
3700,Dina,Ahmed,dina.ahmed3700@nileco.example,3,13,26325.09,0.00,2019-08-17,,1,onsite,4779
3701,أندرو,موسى,andrew.moussa3701@nileco.example,4,17,16942.07,0.00,2025-08-28,,1,onsite,1671
3702,Tamer,Hassan,tamer.hassan3702@nileco.example,6,30,30727.30,0.00,2021-09-11,,1,hybrid,4477
3703,Andrew,Ali,andrew.ali3703@nileco.example,1,4,26918.69,0.00,2023-10-18,2026-04-08,0,remote,1528
3704,Mahmoud,Shawky,mahmoud.shawky3704@nileco.example,1,5,54446.38,0.00,2021-04-04,,1,onsite,2649
3705,أحمد,رشوان,ahmed.rashwan3705@nileco.example,1,3,20204.82,0.00,2020-08-24,,1,onsite,4777
3706,هبة,حلمي,heba.helmy3706@nileco.example,8,38,23108.30,0.00,2022-04-05,,1,hybrid,777
3707,Ibrahim,Zaki,ibrahim.zaki3707@nileco.example,1,5,38485.73,0.00,2020-05-23,2020-10-22,0,hybrid,4200
3708,Hany,Youssef,hany.youssef3708@nileco.example,2,8,20939.44,5.00,2024-02-07,,1,onsite,2152
3709,Khaled,Tawfik,khaled.tawfik3709@nileco.example,7,32,11034.48,0.00,2021-02-04,2022-11-07,0,hybrid,4047
3710,Ziad,Farouk,ziad.farouk3710@nileco.example,1,3,23620.05,0.00,2019-11-24,,1,hybrid,1831
3711,Mostafa,Shawky,mostafa.shawky3711@nileco.example,1,2,7754.53,0.00,2026-03-28,,1,onsite,4014
3712,Dalia,Youssef,dalia.youssef3712@nileco.example,9,43,34976.76,0.00,2018-05-11,,1,onsite,3698
3713,سارة,فتحي,sara.fathy3713@nileco.example,7,31,6767.12,0.00,2024-12-19,,1,onsite,3023
3714,مصطفى,أحمد,mostafa.ahmed3714@nileco.example,8,37,12958.02,0.00,2022-01-12,,1,hybrid,4422
3715,Omar,Shawky,omar.shawky3715@nileco.example,2,9,29326.39,5.00,2020-10-08,,1,onsite,1973
3716,Adel,Elshamy,adel.elshamy3716@nileco.example,7,34,38088.26,0.00,2018-05-03,,1,onsite,520
3717,Ayman,Mansour,ayman.mansour3717@nileco.example,5,26,83335.54,0.00,2015-01-03,,1,onsite,
3718,Sherif,Sobhy,sherif.sobhy3718@nileco.example,2,7,9417.63,5.00,2024-09-28,,1,onsite,3380
3719,خالد,رشوان,khaled.rashwan3719@nileco.example,1,3,23557.56,0.00,2019-10-29,,1,onsite,981
3720,Omar,Ahmed,omar.ahmed3720@nileco.example,6,29,23790.78,0.00,2020-03-10,,1,onsite,3864
3721,Karim,Badawy,karim.badawy3721@nileco.example,6,30,32910.42,0.00,2021-06-12,,1,onsite,4396
3722,Khaled,Gaber,khaled.gaber3722@nileco.example,1,3,19802.38,0.00,2021-12-13,,1,onsite,2671
3723,Ibrahim,Naguib,ibrahim.naguib3723@nileco.example,7,33,19273.77,0.00,2024-08-31,,1,onsite,4849
3724,Basma,Metwally,basma.metwally3724@nileco.example,9,43,35152.47,0.00,2023-11-06,,1,remote,4532
3725,Adel,Helmy,adel.helmy3725@nileco.example,7,34,32991.71,0.00,2020-11-10,,1,remote,944
3726,Amira,Abbas,amira.abbas3726@nileco.example,1,2,10225.56,0.00,2024-06-03,,1,onsite,4966
3727,Mostafa,Nasser,mostafa.nasser3727@nileco.example,2,9,30421.44,5.00,2021-12-03,,1,remote,1061
3728,Heba,Hamdy,heba.hamdy3728@nileco.example,2,7,9723.52,5.00,2021-10-04,,1,onsite,2180
3729,Adel,Khalil,adel.khalil3729@nileco.example,2,9,34944.90,5.00,2022-07-13,,1,onsite,440
3730,سامح,توفيق,sameh.tawfik3730@nileco.example,3,12,14392.73,0.00,2022-02-09,,1,hybrid,4475
3731,Marwan,Sobhy,marwan.sobhy3731@nileco.example,2,6,4750.73,5.00,2024-10-01,,1,hybrid,614
3732,Laila,Farouk,laila.farouk3732@nileco.example,9,42,14891.01,0.00,2023-06-08,,1,onsite,967
3733,Marwan,Selim,marwan.selim3733@nileco.example,2,6,4889.63,5.00,2026-02-06,,1,onsite,1656
3734,هدى,صبحي,hoda.sobhy3734@nileco.example,5,23,21018.56,0.00,2020-08-02,,1,onsite,1163
3735,Sherif,Salem,sherif.salem3735@nileco.example,1,4,28732.16,0.00,2022-05-09,2024-12-21,0,hybrid,3037
3736,Mahmoud,Youssef,mahmoud.youssef3736@nileco.example,1,4,34544.41,0.00,2022-10-09,2025-09-12,0,hybrid,4514
3737,Reem,Khalil,reem.khalil3737@nileco.example,2,7,10454.21,5.00,2026-01-16,,1,onsite,4271
3738,Yasmin,Ahmed,yasmin.ahmed3738@nileco.example,8,38,19534.53,0.00,2022-03-26,,1,hybrid,3868
3739,Dina,Abbas,dina.abbas3739@nileco.example,1,4,41263.13,0.00,2017-09-05,,1,onsite,1267
3740,Tamer,Farouk,tamer.farouk3740@nileco.example,6,29,25939.57,0.00,2022-10-16,,1,hybrid,3528
3741,منى,صبحي,mona.sobhy3741@nileco.example,7,34,36269.46,0.00,2017-02-26,,1,hybrid,2670
3742,Ahmed,Badawy,ahmed.badawy3742@nileco.example,2,7,10343.88,5.00,2026-03-27,,1,onsite,294
3743,Rania,Ali,rania.ali3743@nileco.example,6,30,37428.18,0.00,2020-08-17,,1,onsite,4477
3744,Laila,Khalil,laila.khalil3744@nileco.example,9,41,13646.87,0.00,2022-04-28,,1,onsite,4973
3745,شيماء,حسن,shaimaa.hassan3745@nileco.example,3,11,4778.32,0.00,2024-07-25,,1,onsite,3225
3746,نور,سليم,nour.selim3746@nileco.example,9,42,17662.36,0.00,2023-04-07,,1,onsite,2328
3747,Mariam,Abdelaziz,mariam.abdelaziz3747@nileco.example,9,42,20537.08,0.00,2020-06-09,,1,hybrid,967
3748,محمد,إسماعيل,mohamed.ismail3748@nileco.example,8,38,14612.47,0.00,2025-08-26,,1,remote,4948
3749,محمد,عبد العزيز,mohamed.abdelaziz3749@nileco.example,6,29,20249.23,0.00,2022-01-20,,1,hybrid,1289
3750,Mona,Rashwan,mona.rashwan3750@nileco.example,1,2,10868.29,0.00,2026-07-13,,1,onsite,2026
3751,Marwan,Badawy,marwan.badawy3751@nileco.example,7,32,11708.44,0.00,2024-05-20,,1,onsite,4334
3752,Andrew,Hamdy,andrew.hamdy3752@nileco.example,5,21,6933.70,0.00,2024-07-12,,1,hybrid,4176
3753,Sameh,Selim,sameh.selim3753@nileco.example,5,22,12008.53,0.00,2024-07-17,2026-09-04,0,onsite,1458
3754,Amira,Badawy,amira.badawy3754@nileco.example,7,33,16262.96,0.00,2024-01-29,,1,hybrid,3476
3755,Shaimaa,Moussa,shaimaa.moussa3755@nileco.example,2,8,16003.36,5.00,2024-07-20,,1,remote,2569
3756,Dalia,Tawfik,dalia.tawfik3756@nileco.example,6,28,11186.49,0.00,2023-05-30,,1,hybrid,1042
3757,Rania,Ahmed,rania.ahmed3757@nileco.example,5,26,71579.87,0.00,2017-09-25,,1,hybrid,
3758,Dalia,Ali,dalia.ali3758@nileco.example,1,3,23881.66,0.00,2019-03-13,,1,onsite,1448
3759,Michael,Nasser,michael.nasser3759@nileco.example,6,30,34188.90,0.00,2021-11-10,,1,onsite,4477
3760,Hussein,Saeed,hussein.saeed3760@nileco.example,1,4,34706.17,0.00,2019-08-22,,1,onsite,1448
3761,Dalia,Fouad,dalia.fouad3761@nileco.example,6,29,21071.04,0.00,2020-03-14,,1,onsite,2904
3762,Amira,Elshamy,amira.elshamy3762@nileco.example,1,5,55560.58,0.00,2016-03-07,,1,onsite,1949
3763,Mohamed,Shawky,mohamed.shawky3763@nileco.example,7,34,33009.22,0.00,2020-03-13,,1,onsite,2642
3764,Walid,Ahmed,walid.ahmed3764@nileco.example,3,14,29720.23,0.00,2022-08-31,,1,hybrid,4396
3765,حسين,ناصر,hussein.nasser3765@nileco.example,1,3,20486.77,0.00,2023-01-15,,1,hybrid,1751
3766,Dalia,Sobhy,dalia.sobhy3766@nileco.example,9,43,31775.67,0.00,2024-07-07,,1,hybrid,2114
3767,نهى,منصور,noha.mansour3767@nileco.example,2,8,18037.44,5.00,2024-07-16,,1,onsite,2314
3768,داليا,حلمي,dalia.helmy3768@nileco.example,9,42,20661.62,0.00,2025-08-09,,1,hybrid,2958
3769,Ziad,Roushdy,ziad.roushdy3769@nileco.example,7,31,4372.84,0.00,2024-12-29,,1,onsite,420
3770,رانيا,رشوان,rania.rashwan3770@nileco.example,5,22,10947.82,0.00,2026-01-11,,1,onsite,3277
3771,Hassan,Tawfik,hassan.tawfik3771@nileco.example,3,13,18141.60,0.00,2022-10-21,,1,hybrid,4361
3772,Hoda,Mahmoud,hoda.mahmoud3772@nileco.example,9,42,14958.95,0.00,2025-01-30,,1,onsite,1684
3773,Sameh,Metwally,sameh.metwally3773@nileco.example,1,2,13974.12,0.00,2021-03-28,,1,onsite,810
3774,Ibrahim,Salem,ibrahim.salem3774@nileco.example,9,41,14456.04,0.00,2022-01-30,,1,onsite,3496
3775,Ali,Metwally,ali.metwally3775@nileco.example,2,8,16262.18,5.00,2023-06-19,,1,onsite,2515
3776,Salma,Mahmoud,salma.mahmoud3776@nileco.example,3,13,22898.88,0.00,2023-11-25,,1,onsite,2928
3777,Youssef,Mansour,youssef.mansour3777@nileco.example,4,15,5534.94,0.00,2025-06-06,,1,onsite,2499
3778,أيمن,رمضان,ayman.ramadan3778@nileco.example,7,33,21264.33,0.00,2022-08-01,,1,onsite,321
3779,Dalia,Ezzat,dalia.ezzat3779@nileco.example,9,41,9723.03,0.00,2026-07-17,,1,hybrid,4247
3780,Yasmin,Ali,yasmin.ali3780@nileco.example,2,7,13825.26,5.00,2021-06-01,,1,onsite,3641
3781,Hany,Fathy,hany.fathy3781@nileco.example,1,2,12557.59,0.00,2024-01-04,,1,onsite,4794
3782,Hany,Khalil,hany.khalil3782@nileco.example,2,8,22977.76,5.00,2021-07-16,,1,hybrid,175
3783,محمد,سالم,mohamed.salem3783@nileco.example,9,41,11676.51,0.00,2023-02-02,,1,hybrid,525
3784,Andrew,Farouk,andrew.farouk3784@nileco.example,7,32,8054.18,0.00,2024-11-25,,1,remote,350
3785,Tamer,Shawky,tamer.shawky3785@nileco.example,8,38,21663.07,0.00,2020-02-26,,1,remote,2236
3786,Ahmed,Fathy,ahmed.fathy3786@nileco.example,9,42,16096.85,0.00,2024-01-02,2026-07-15,0,onsite,870
3787,Hoda,Saeed,hoda.saeed3787@nileco.example,8,39,35358.43,0.00,2020-11-20,,1,onsite,3717
3788,Laila,Selim,laila.selim3788@nileco.example,5,22,9823.05,0.00,2022-07-24,2024-07-13,0,remote,2864
3789,سارة,منصور,sara.mansour3789@nileco.example,3,13,22232.91,0.00,2020-07-26,,1,hybrid,61
3790,Karim,Sobhy,karim.sobhy3790@nileco.example,2,8,16715.05,5.00,2025-11-21,,1,onsite,74
3791,Hussein,Metwally,hussein.metwally3791@nileco.example,6,27,4330.24,0.00,2026-06-15,,1,hybrid,1469
3792,Hassan,Gaber,hassan.gaber3792@nileco.example,7,31,4397.99,0.00,2026-02-06,,1,onsite,4078
3793,Walid,Elshamy,walid.elshamy3793@nileco.example,2,9,38201.69,5.00,2017-06-11,,1,onsite,4328
3794,داليا,محمود,dalia.mahmoud3794@nileco.example,3,12,11361.81,0.00,2025-11-07,2026-07-28,0,hybrid,3929
3795,Heba,Helmy,heba.helmy3795@nileco.example,6,29,21720.03,0.00,2020-03-29,,1,onsite,2981
3796,Sara,Roushdy,sara.roushdy3796@nileco.example,7,34,29856.11,0.00,2022-05-20,,1,onsite,2256
3797,يوسف,الشامي,youssef.elshamy3797@nileco.example,1,2,12210.39,0.00,2021-02-07,,1,hybrid,3856
3798,Khaled,Sayed,khaled.sayed3798@nileco.example,4,16,11955.98,0.00,2026-02-10,2026-07-07,0,hybrid,4359
3799,Sherif,Ezzat,sherif.ezzat3799@nileco.example,7,33,20066.34,0.00,2023-08-05,,1,onsite,467
3800,Hossam,Sayed,hossam.sayed3800@nileco.example,5,23,19118.03,0.00,2022-01-19,,1,remote,67
3801,رانيا,نجيب,rania.naguib3801@nileco.example,1,2,9464.15,0.00,2023-03-10,2024-01-29,0,onsite,4000
3802,Ibrahim,Mansour,ibrahim.mansour3802@nileco.example,7,33,20220.05,0.00,2022-09-03,,1,hybrid,3396
3803,Karim,Shawky,karim.shawky3803@nileco.example,6,29,19235.23,0.00,2019-10-21,,1,onsite,1071
3804,Tarek,Mahmoud,tarek.mahmoud3804@nileco.example,2,10,45599.29,5.00,2019-12-10,,1,hybrid,1949
3805,Tamer,Metwally,tamer.metwally3805@nileco.example,6,28,8596.76,0.00,2025-07-03,,1,onsite,2546
3806,Youssef,Ezzat,youssef.ezzat3806@nileco.example,2,7,11904.62,5.00,2025-02-10,,1,onsite,3533
3807,علي,رمضان,ali.ramadan3807@nileco.example,2,7,11728.02,5.00,2022-06-24,2026-02-08,0,remote,2439
3808,Laila,Helmy,laila.helmy3808@nileco.example,1,2,11016.35,0.00,2026-02-26,,1,hybrid,2971
3809,يوسف,منصور,youssef.mansour3809@nileco.example,6,29,20271.14,0.00,2023-09-26,,1,hybrid,4228
3810,ليلى,عباس,laila.abbas3810@nileco.example,1,3,16303.24,0.00,2022-10-02,,1,onsite,3675
3811,وليد,فاروق,walid.farouk3811@nileco.example,6,29,21390.06,0.00,2020-12-15,,1,onsite,4264
3812,Ayman,Gaber,ayman.gaber3812@nileco.example,4,16,10686.33,0.00,2025-11-16,,1,onsite,3612
3813,Rania,Salem,rania.salem3813@nileco.example,6,29,21876.24,0.00,2022-02-27,,1,hybrid,2380
3814,Karim,Ismail,karim.ismail3814@nileco.example,4,15,8087.66,0.00,2025-10-08,,1,onsite,4868
3815,Hussein,Tawfik,hussein.tawfik3815@nileco.example,7,31,7726.71,0.00,2025-01-03,,1,hybrid,3433
3816,Wael,Salem,wael.salem3816@nileco.example,3,12,9373.54,0.00,2024-02-21,,1,hybrid,4043
3817,Dalia,Ramadan,dalia.ramadan3817@nileco.example,5,22,12541.43,0.00,2021-03-29,,1,hybrid,2692
3818,Reem,Mansour,reem.mansour3818@nileco.example,6,29,17807.49,0.00,2020-09-02,,1,hybrid,4155
3819,Mostafa,Ramadan,mostafa.ramadan3819@nileco.example,5,23,16764.35,0.00,2019-05-02,2023-04-25,0,hybrid,2868
3820,خالد,زكي,khaled.zaki3820@nileco.example,5,24,35394.51,0.00,2020-05-19,,1,remote,1569
3821,داليا,زكي,dalia.zaki3821@nileco.example,4,18,33609.31,0.00,2021-01-29,,1,hybrid,1949
3822,عمر,فؤاد,omar.fouad3822@nileco.example,6,28,7999.18,0.00,2025-09-25,,1,hybrid,4518
3823,Hussein,Nasser,hussein.nasser3823@nileco.example,1,1,3690.00,0.00,2026-06-09,,1,remote,2377
3824,Mona,Sayed,mona.sayed3824@nileco.example,7,32,13520.76,0.00,2021-04-17,,1,onsite,3650
3825,Mahmoud,Ramadan,mahmoud.ramadan3825@nileco.example,1,3,19854.28,0.00,2023-05-26,,1,onsite,4122
3826,خالد,رشدي,khaled.roushdy3826@nileco.example,1,1,6857.10,0.00,2026-05-20,,1,hybrid,1767
3827,Fatma,Mahmoud,fatma.mahmoud3827@nileco.example,7,35,48302.01,0.00,2018-09-01,2019-03-10,0,hybrid,2649
3828,شريف,خليل,sherif.khalil3828@nileco.example,3,13,22709.17,0.00,2019-10-22,,1,onsite,1402
3829,Rania,Farouk,rania.farouk3829@nileco.example,2,8,13783.60,5.00,2021-10-15,2022-05-24,0,onsite,1207
3830,Marwan,Sobhy,marwan.sobhy3830@nileco.example,7,33,18946.24,0.00,2021-10-08,,1,onsite,520
3831,أندرو,فاروق,andrew.farouk3831@nileco.example,2,10,50893.16,5.00,2019-03-30,,1,onsite,1892
3832,علي,رشوان,ali.rashwan3832@nileco.example,3,13,22349.06,0.00,2021-09-09,,1,onsite,311
3833,شيماء,إسماعيل,shaimaa.ismail3833@nileco.example,6,28,8425.68,0.00,2026-04-06,,1,onsite,249
3834,سلمى,رشدي,salma.roushdy3834@nileco.example,2,8,22991.11,5.00,2019-09-17,,1,onsite,3848
3835,Wael,Selim,wael.selim3835@nileco.example,8,38,15945.50,0.00,2022-07-30,,1,onsite,4950
3836,Tamer,Ahmed,tamer.ahmed3836@nileco.example,8,39,37359.02,0.00,2018-10-25,,1,hybrid,3896
3837,Ali,Ahmed,ali.ahmed3837@nileco.example,7,32,10270.01,0.00,2024-02-01,,1,onsite,1115
3838,Yasmin,Ismail,yasmin.ismail3838@nileco.example,6,27,8108.15,0.00,2026-03-17,,1,remote,1612
3839,منى,بدوي,mona.badawy3839@nileco.example,6,28,8478.99,0.00,2026-05-03,,1,onsite,3509
3840,Ahmed,Ali,ahmed.ali3840@nileco.example,6,28,12142.45,0.00,2023-08-10,,1,onsite,3207
3841,محمد,علي,mohamed.ali3841@nileco.example,5,21,3940.34,0.00,2024-09-29,,1,hybrid,4641
3842,Hussein,Metwally,hussein.metwally3842@nileco.example,5,23,19397.89,0.00,2024-05-19,,1,hybrid,2868
3843,Ayman,Roushdy,ayman.roushdy3843@nileco.example,3,11,6781.05,0.00,2026-05-20,,1,hybrid,4996
3844,Tamer,Moussa,tamer.moussa3844@nileco.example,6,29,17425.42,0.00,2025-06-29,,1,onsite,4228
3845,حسن,عزت,hassan.ezzat3845@nileco.example,4,16,12504.16,0.00,2024-11-14,,1,onsite,4285
3846,Mostafa,Ezzat,mostafa.ezzat3846@nileco.example,1,3,20404.75,0.00,2022-08-02,,1,onsite,981
3847,Mariam,Abbas,mariam.abbas3847@nileco.example,6,30,38611.24,0.00,2018-04-22,,1,remote,1892
3848,أيمن,فتحي,ayman.fathy3848@nileco.example,2,9,34246.38,5.00,2022-12-07,,1,hybrid,2113
3849,نهى,كمال,noha.kamal3849@nileco.example,7,33,23379.86,0.00,2023-08-30,,1,hybrid,218
3850,Marwan,Youssef,marwan.youssef3850@nileco.example,7,31,6584.26,0.00,2026-03-23,,1,onsite,3951
3851,Heba,Fouad,heba.fouad3851@nileco.example,7,34,27977.79,0.00,2024-03-12,,1,remote,1348
3852,Marwan,Selim,marwan.selim3852@nileco.example,3,12,10948.64,0.00,2023-02-21,,1,onsite,1784
3853,Reem,Youssef,reem.youssef3853@nileco.example,5,24,33726.08,0.00,2019-11-02,,1,onsite,216
3854,Dalia,Mahmoud,dalia.mahmoud3854@nileco.example,6,28,10928.89,0.00,2024-11-21,,1,onsite,1149
3855,Mostafa,Salem,mostafa.salem3855@nileco.example,2,9,32708.59,5.00,2020-03-24,,1,onsite,1182
3856,Hoda,Youssef,hoda.youssef3856@nileco.example,1,3,23429.29,0.00,2022-04-23,,1,onsite,1424
3857,Yasmin,Naguib,yasmin.naguib3857@nileco.example,6,29,19660.10,0.00,2024-10-23,,1,hybrid,558
3858,Tarek,Khalil,tarek.khalil3858@nileco.example,1,4,45520.00,0.00,2017-12-10,,1,hybrid,1074
3859,Dina,Tawfik,dina.tawfik3859@nileco.example,3,12,10562.85,0.00,2025-01-31,,1,onsite,4283
3860,Farida,Ahmed,farida.ahmed3860@nileco.example,2,9,42483.19,5.00,2019-08-10,,1,remote,554
3861,Ibrahim,Moussa,ibrahim.moussa3861@nileco.example,1,2,13498.92,0.00,2024-02-13,,1,remote,848
3862,مريم,سالم,mariam.salem3862@nileco.example,6,28,9062.46,0.00,2025-01-05,,1,onsite,4512
3863,Yasmin,Mahmoud,yasmin.mahmoud3863@nileco.example,6,29,16173.33,0.00,2025-12-10,,1,remote,1548
3864,Mostafa,Fouad,mostafa.fouad3864@nileco.example,6,30,35526.30,0.00,2021-09-16,,1,remote,2522
3865,هبة,إسماعيل,heba.ismail3865@nileco.example,2,8,18126.91,5.00,2024-12-19,,1,hybrid,3057
3866,Walid,Kamal,walid.kamal3866@nileco.example,6,29,18956.78,0.00,2022-01-10,,1,hybrid,1096
3867,Noha,Abbas,noha.abbas3867@nileco.example,9,43,31937.80,0.00,2022-08-06,,1,onsite,2522
3868,Aya,Moussa,aya.moussa3868@nileco.example,8,39,34205.26,0.00,2019-05-27,,1,onsite,1892
3869,Adel,Abdelaziz,adel.abdelaziz3869@nileco.example,9,43,40160.68,0.00,2019-05-17,,1,onsite,3583
3870,Andrew,Sobhy,andrew.sobhy3870@nileco.example,5,24,30394.79,0.00,2020-11-22,,1,onsite,2203
3871,رانيا,شوقي,rania.shawky3871@nileco.example,7,33,22145.69,0.00,2019-09-04,,1,onsite,809
3872,Khaled,Fathy,khaled.fathy3872@nileco.example,7,31,4467.17,0.00,2026-01-31,,1,hybrid,4571
3873,Michael,Ali,michael.ali3873@nileco.example,6,29,21899.27,0.00,2020-05-03,,1,onsite,624
3874,Amira,Gaber,amira.gaber3874@nileco.example,6,28,11958.62,0.00,2023-01-25,,1,hybrid,2689
3875,Noha,Ramadan,noha.ramadan3875@nileco.example,5,23,18080.19,0.00,2022-02-08,,1,hybrid,1690
3876,أندرو,كمال,andrew.kamal3876@nileco.example,1,3,21801.41,0.00,2021-03-06,,1,hybrid,684
3877,خالد,فؤاد,khaled.fouad3877@nileco.example,7,33,21002.59,0.00,2024-12-21,,1,onsite,3851
3878,Dina,Nasser,dina.nasser3878@nileco.example,1,4,29401.59,0.00,2021-07-07,,1,hybrid,1323
3879,يوسف,جابر,youssef.gaber3879@nileco.example,1,4,30495.33,0.00,2020-11-19,,1,onsite,4892
3880,شيماء,منصور,shaimaa.mansour3880@nileco.example,8,38,20090.12,0.00,2022-06-12,,1,remote,3420
3881,طارق,سالم,tarek.salem3881@nileco.example,2,7,11828.48,5.00,2022-12-22,,1,onsite,3272
3882,Sameh,Badawy,sameh.badawy3882@nileco.example,6,29,16868.63,0.00,2019-05-15,2020-10-02,0,onsite,166
3883,Salma,Fouad,salma.fouad3883@nileco.example,6,28,13038.16,0.00,2021-05-08,,1,onsite,4979
3884,هاني,السيد,hany.sayed3884@nileco.example,1,4,22480.00,0.00,2023-03-22,2023-11-25,0,remote,4514
3885,Basma,Ali,basma.ali3885@nileco.example,8,37,12814.33,0.00,2023-04-29,,1,onsite,4982
3886,Adel,Ahmed,adel.ahmed3886@nileco.example,7,33,19335.63,0.00,2024-01-09,,1,remote,1455
3887,نور,سليم,nour.selim3887@nileco.example,2,9,38797.19,5.00,2017-05-19,,1,onsite,1053
3888,سامح,سعيد,sameh.saeed3888@nileco.example,1,2,10000.18,0.00,2025-07-04,,1,onsite,3283
3889,علي,شوقي,ali.shawky3889@nileco.example,5,24,36763.96,0.00,2020-01-06,,1,hybrid,3287
3890,زياد,جابر,ziad.gaber3890@nileco.example,2,8,25198.00,5.00,2020-07-24,,1,onsite,2635
3891,مصطفى,سعيد,mostafa.saeed3891@nileco.example,9,42,17861.62,0.00,2022-08-08,2026-02-12,0,hybrid,3869
3892,أندرو,الشامي,andrew.elshamy3892@nileco.example,6,29,19261.17,0.00,2021-07-31,,1,onsite,2071
3893,أيمن,رمضان,ayman.ramadan3893@nileco.example,2,7,10588.78,5.00,2024-11-26,,1,remote,3379
3894,Ali,Kamal,ali.kamal3894@nileco.example,6,30,35284.84,0.00,2020-02-27,,1,remote,4477
3895,Nada,Khalil,nada.khalil3895@nileco.example,9,42,22978.54,0.00,2020-06-15,,1,hybrid,4194
3896,طارق,جابر,tarek.gaber3896@nileco.example,5,26,85260.03,0.00,2014-11-28,,1,hybrid,
3897,رانيا,زكي,rania.zaki3897@nileco.example,2,7,7250.00,5.00,2026-03-21,,1,hybrid,4027
3898,Ibrahim,Rashwan,ibrahim.rashwan3898@nileco.example,3,14,39704.01,0.00,2017-04-03,,1,hybrid,2367
3899,Noha,Fathy,noha.fathy3899@nileco.example,1,4,33602.54,0.00,2018-04-28,,1,onsite,1550
3900,Dina,Hassan,dina.hassan3900@nileco.example,9,41,12452.35,0.00,2022-09-17,2025-02-06,0,remote,1143
3901,Heba,Metwally,heba.metwally3901@nileco.example,7,32,9235.74,0.00,2026-05-28,,1,hybrid,4053
3902,Laila,Khalil,laila.khalil3902@nileco.example,6,28,11332.89,0.00,2025-01-24,,1,onsite,4624
3903,نور,نجيب,nour.naguib3903@nileco.example,1,3,20881.81,0.00,2021-05-08,,1,hybrid,1590
3904,علي,سالم,ali.salem3904@nileco.example,1,2,11319.49,0.00,2024-12-29,,1,onsite,3147
3905,Dina,Helmy,dina.helmy3905@nileco.example,5,23,18811.60,0.00,2024-05-03,,1,hybrid,3032
3906,Ziad,Roushdy,ziad.roushdy3906@nileco.example,2,8,18938.90,5.00,2025-07-22,,1,onsite,4944
3907,Mohamed,Sobhy,mohamed.sobhy3907@nileco.example,9,42,22992.59,0.00,2022-02-14,,1,onsite,3712
3908,Amira,Ali,amira.ali3908@nileco.example,6,29,17747.53,0.00,2020-07-07,,1,remote,3598
3909,Ibrahim,Ismail,ibrahim.ismail3909@nileco.example,9,40,7543.32,0.00,2024-01-24,,1,onsite,1584
3910,Fatma,Zaki,fatma.zaki3910@nileco.example,6,30,31937.55,0.00,2022-05-19,,1,onsite,2719
3911,Wael,Ezzat,wael.ezzat3911@nileco.example,9,41,10741.86,0.00,2026-02-16,,1,onsite,280
3912,Nour,Saeed,nour.saeed3912@nileco.example,3,14,26891.79,0.00,2024-09-18,,1,remote,1949
3913,Farida,Abdelaziz,farida.abdelaziz3913@nileco.example,3,14,29812.85,0.00,2022-02-16,,1,remote,3757
3914,Marwan,Ismail,marwan.ismail3914@nileco.example,1,3,17869.30,0.00,2022-12-08,2025-04-11,0,onsite,4750
3915,Nada,Badawy,nada.badawy3915@nileco.example,9,41,9394.56,0.00,2024-09-30,,1,onsite,1833
3916,Amira,Khalil,amira.khalil3916@nileco.example,6,28,8736.83,0.00,2025-12-30,,1,hybrid,4097
3917,Aya,Ramadan,aya.ramadan3917@nileco.example,6,30,22480.00,0.00,2024-03-07,2024-11-29,0,onsite,2114
3918,Ayman,Saeed,ayman.saeed3918@nileco.example,2,9,30333.62,5.00,2018-10-13,2020-11-16,0,onsite,2113
3919,Salma,Sayed,salma.sayed3919@nileco.example,6,27,3907.56,0.00,2026-05-08,,1,hybrid,4553
3920,Rania,Ramadan,rania.ramadan3920@nileco.example,1,2,11707.81,0.00,2022-10-05,,1,onsite,1217
3921,Mahmoud,Mansour,mahmoud.mansour3921@nileco.example,4,16,14171.09,0.00,2021-08-08,,1,hybrid,1661
3922,خالد,عزت,khaled.ezzat3922@nileco.example,7,32,11466.99,0.00,2024-08-05,,1,onsite,3568
3923,طارق,عباس,tarek.abbas3923@nileco.example,3,13,22881.51,0.00,2021-01-03,,1,onsite,2374
3924,Ayman,Tawfik,ayman.tawfik3924@nileco.example,8,38,15701.11,0.00,2025-09-06,,1,onsite,505
3925,سلمى,شوقي,salma.shawky3925@nileco.example,3,13,23990.38,0.00,2021-02-14,,1,onsite,4922
3926,Fatma,Hamdy,fatma.hamdy3926@nileco.example,1,2,10496.20,0.00,2023-06-27,,1,onsite,466
3927,أميرة,سليم,amira.selim3927@nileco.example,7,33,22460.58,0.00,2019-04-17,,1,onsite,4509
3928,Laila,Moussa,laila.moussa3928@nileco.example,2,6,4991.53,5.00,2024-09-27,,1,remote,549
3929,Sherif,Abbas,sherif.abbas3929@nileco.example,3,13,19512.22,0.00,2025-10-17,,1,hybrid,4361
3930,سارة,فؤاد,sara.fouad3930@nileco.example,1,3,20854.46,0.00,2019-09-30,,1,hybrid,3704
3931,Mariam,Farouk,mariam.farouk3931@nileco.example,3,12,9795.89,0.00,2024-12-13,,1,hybrid,3148
3932,حسين,عبد العزيز,hussein.abdelaziz3932@nileco.example,1,3,16937.64,0.00,2021-09-02,,1,onsite,3229
3933,هدى,نجيب,hoda.naguib3933@nileco.example,1,4,32663.57,0.00,2020-12-19,,1,onsite,4817
3934,Ayman,Fouad,ayman.fouad3934@nileco.example,5,22,9651.52,0.00,2023-12-12,,1,onsite,4704
3935,كريم,زكي,karim.zaki3935@nileco.example,7,32,11371.07,0.00,2021-04-17,,1,onsite,2373
3936,Wael,Shawky,wael.shawky3936@nileco.example,1,4,30662.17,0.00,2024-01-07,,1,onsite,3704
3937,Laila,Mahmoud,laila.mahmoud3937@nileco.example,7,31,8836.41,0.00,2024-10-04,,1,onsite,3352
3938,Rania,Ahmed,rania.ahmed3938@nileco.example,8,39,36942.56,0.00,2017-08-26,,1,onsite,4331
3939,Shaimaa,Badawy,shaimaa.badawy3939@nileco.example,1,2,12714.59,0.00,2021-03-17,,1,remote,3656
3940,Shaimaa,Hassan,shaimaa.hassan3940@nileco.example,1,2,7686.49,0.00,2026-01-20,,1,onsite,160
3941,Rania,Sayed,rania.sayed3941@nileco.example,7,35,49389.42,0.00,2021-09-26,,1,onsite,2114
3942,Adel,Naguib,adel.naguib3942@nileco.example,9,40,4712.77,0.00,2025-02-06,2026-04-06,0,hybrid,3489
3943,Omar,Zaki,omar.zaki3943@nileco.example,4,18,38391.56,0.00,2020-07-07,,1,remote,1736
3944,Farida,Saeed,farida.saeed3944@nileco.example,1,3,22338.77,0.00,2020-02-08,,1,remote,3331
3945,Hany,Sayed,hany.sayed3945@nileco.example,9,41,9244.69,0.00,2025-07-08,,1,remote,1357
3946,Laila,Youssef,laila.youssef3946@nileco.example,5,23,27322.04,0.00,2019-09-24,,1,onsite,769
3947,تامر,حمدي,tamer.hamdy3947@nileco.example,6,29,23743.02,0.00,2020-02-28,,1,hybrid,1500
3948,مروان,سليم,marwan.selim3948@nileco.example,7,34,32335.16,0.00,2017-09-19,,1,onsite,3941
3949,Mariam,Helmy,mariam.helmy3949@nileco.example,3,13,22409.98,0.00,2022-02-16,,1,onsite,4800
3950,Ali,Moussa,ali.moussa3950@nileco.example,9,41,8457.53,0.00,2023-01-05,,1,onsite,3993
3951,Walid,Abbas,walid.abbas3951@nileco.example,7,32,11458.32,0.00,2024-05-30,,1,onsite,4578
3952,Mariam,Fouad,mariam.fouad3952@nileco.example,2,10,47498.13,5.00,2019-02-06,,1,onsite,2449
3953,Sherif,Shawky,sherif.shawky3953@nileco.example,3,13,18641.01,0.00,2023-09-05,,1,remote,1402
3954,ياسمين,نجيب,yasmin.naguib3954@nileco.example,1,4,38415.25,0.00,2017-05-22,,1,hybrid,566
3955,Shaimaa,Youssef,shaimaa.youssef3955@nileco.example,1,1,6540.31,0.00,2026-02-22,,1,remote,2304
3956,Hassan,Youssef,hassan.youssef3956@nileco.example,1,3,19457.32,0.00,2022-04-01,,1,onsite,721
3957,Sameh,Elshamy,sameh.elshamy3957@nileco.example,6,27,8046.43,0.00,2025-01-30,2026-06-18,0,onsite,2319
3958,Aya,Naguib,aya.naguib3958@nileco.example,5,24,24419.54,0.00,2024-07-30,,1,hybrid,4813
3959,وائل,عباس,wael.abbas3959@nileco.example,4,17,22303.84,0.00,2021-06-16,,1,onsite,1562
3960,Ziad,Roushdy,ziad.roushdy3960@nileco.example,1,3,22608.47,0.00,2020-04-02,,1,onsite,566
3961,Andrew,Hamdy,andrew.hamdy3961@nileco.example,1,3,14808.02,0.00,2024-04-05,,1,remote,1457
3962,Basma,Mansour,basma.mansour3962@nileco.example,1,3,17721.71,0.00,2021-02-27,,1,remote,2721
3963,Rania,Salem,rania.salem3963@nileco.example,6,29,22322.60,0.00,2023-06-20,,1,onsite,4621
3964,Ziad,Shawky,ziad.shawky3964@nileco.example,2,6,3781.98,5.00,2026-02-18,,1,hybrid,2334
3965,هبة,إسماعيل,heba.ismail3965@nileco.example,3,12,8122.04,0.00,2025-11-18,,1,onsite,1157
3966,عمر,رشوان,omar.rashwan3966@nileco.example,5,23,21475.71,0.00,2019-05-01,,1,onsite,3546
3967,عادل,عبد العزيز,adel.abdelaziz3967@nileco.example,7,33,16196.16,0.00,2022-01-11,2023-04-14,0,remote,1170
3968,داليا,موسى,dalia.moussa3968@nileco.example,2,8,15110.34,5.00,2024-07-08,,1,onsite,3021
3969,أميرة,موسى,amira.moussa3969@nileco.example,4,19,48062.62,0.00,2022-06-22,,1,onsite,2719
3970,Hany,Shawky,hany.shawky3970@nileco.example,2,7,8932.88,5.00,2025-04-18,,1,remote,1746
3971,Ibrahim,Gaber,ibrahim.gaber3971@nileco.example,2,8,17339.33,5.00,2024-06-06,,1,hybrid,512
3972,Amr,Ali,amr.ali3972@nileco.example,5,21,5025.16,0.00,2024-12-24,,1,onsite,3226
3973,تامر,خليل,tamer.khalil3973@nileco.example,5,22,8798.76,0.00,2025-10-27,,1,remote,3337
3974,Heba,Kamal,heba.kamal3974@nileco.example,6,28,10520.55,0.00,2023-10-18,,1,onsite,1851
3975,Aya,Naguib,aya.naguib3975@nileco.example,7,32,11833.25,0.00,2024-01-25,,1,hybrid,894
3976,Hoda,Gaber,hoda.gaber3976@nileco.example,5,22,16907.41,0.00,2021-07-17,,1,hybrid,4932
3977,Nada,Mahmoud,nada.mahmoud3977@nileco.example,2,9,31936.83,5.00,2022-03-05,,1,onsite,1566
3978,هاني,شوقي,hany.shawky3978@nileco.example,4,15,6472.63,0.00,2025-01-15,,1,onsite,599
3979,Heba,Fathy,heba.fathy3979@nileco.example,4,19,52988.56,0.00,2017-09-17,,1,hybrid,4331
3980,دينا,ناصر,dina.nasser3980@nileco.example,9,42,18666.19,0.00,2021-08-02,,1,hybrid,4917
3981,تامر,جابر,tamer.gaber3981@nileco.example,1,3,17343.49,0.00,2022-12-30,,1,onsite,4191
3982,فريدة,رمضان,farida.ramadan3982@nileco.example,6,29,18301.09,0.00,2022-05-14,,1,hybrid,1096
3983,Amira,Mansour,amira.mansour3983@nileco.example,3,14,34626.55,0.00,2019-08-07,,1,onsite,4331
3984,Rania,Fathy,rania.fathy3984@nileco.example,6,29,15668.33,0.00,2023-10-30,2024-05-20,0,remote,4740
3985,Omar,Mahmoud,omar.mahmoud3985@nileco.example,1,2,10925.67,0.00,2021-04-03,,1,hybrid,3248
3986,حسام,الشامي,hossam.elshamy3986@nileco.example,3,11,7538.11,0.00,2024-06-08,,1,hybrid,1299
3987,Dina,Rashwan,dina.rashwan3987@nileco.example,5,22,12494.61,0.00,2024-02-03,,1,hybrid,1623
3988,Ahmed,Ahmed,ahmed.ahmed3988@nileco.example,6,28,9843.65,0.00,2025-05-14,,1,remote,4818
3989,Andrew,Ismail,andrew.ismail3989@nileco.example,5,22,13029.03,0.00,2024-05-18,,1,onsite,4747
3990,Karim,Ahmed,karim.ahmed3990@nileco.example,7,33,20798.88,0.00,2021-12-11,,1,onsite,3456
3991,Khaled,Hassan,khaled.hassan3991@nileco.example,6,30,37374.42,0.00,2017-04-25,,1,onsite,4200
3992,Reem,Elshamy,reem.elshamy3992@nileco.example,2,8,23957.92,5.00,2019-03-24,,1,onsite,4574
3993,زياد,حلمي,ziad.helmy3993@nileco.example,9,42,21495.75,0.00,2022-02-14,,1,hybrid,1436
3994,Noha,Salem,noha.salem3994@nileco.example,2,7,11718.94,5.00,2024-01-14,,1,onsite,1829
3995,حسن,بدوي,hassan.badawy3995@nileco.example,1,3,23106.72,0.00,2019-05-15,,1,hybrid,1440
3996,Khaled,Zaki,khaled.zaki3996@nileco.example,1,2,9038.94,0.00,2026-06-17,,1,hybrid,4705
3997,مروان,متولي,marwan.metwally3997@nileco.example,6,30,31122.28,0.00,2018-04-10,2020-01-16,0,onsite,341
3998,فريدة,علي,farida.ali3998@nileco.example,9,42,21448.34,0.00,2021-11-14,,1,onsite,970
3999,Ibrahim,Sobhy,ibrahim.sobhy3999@nileco.example,4,16,12901.35,0.00,2021-04-28,,1,hybrid,2103
4000,Khaled,Abdelaziz,khaled.abdelaziz4000@nileco.example,1,3,19710.22,0.00,2023-05-01,,1,onsite,2832
4001,حسن,كمال,hassan.kamal4001@nileco.example,6,28,11136.56,0.00,2026-01-12,,1,hybrid,2555
4002,Khaled,Tawfik,khaled.tawfik4002@nileco.example,2,8,19943.17,5.00,2019-01-19,,1,onsite,131
4003,Ayman,Selim,ayman.selim4003@nileco.example,5,23,20126.00,0.00,2025-07-14,,1,onsite,4186
4004,Hany,Farouk,hany.farouk4004@nileco.example,1,3,17273.30,0.00,2025-12-31,2026-05-01,0,onsite,4529
4005,Dina,Hamdy,dina.hamdy4005@nileco.example,5,23,27188.08,0.00,2020-01-03,,1,onsite,3142
4006,Hoda,Ezzat,hoda.ezzat4006@nileco.example,6,29,26454.41,0.00,2021-07-02,,1,onsite,2836
4007,سارة,سالم,sara.salem4007@nileco.example,9,43,32287.36,0.00,2018-04-17,,1,onsite,2719
4008,Shaimaa,Badawy,shaimaa.badawy4008@nileco.example,7,31,4537.25,0.00,2026-04-12,,1,hybrid,855
4009,نهى,حمدي,noha.hamdy4009@nileco.example,5,22,12679.60,0.00,2022-07-21,,1,onsite,3757
4010,Amr,Sayed,amr.sayed4010@nileco.example,6,29,20724.86,0.00,2023-04-23,,1,onsite,3528
4011,أحمد,زكي,ahmed.zaki4011@nileco.example,2,9,35251.79,5.00,2019-07-23,,1,hybrid,557
4012,سارة,علي,sara.ali4012@nileco.example,1,3,20943.86,0.00,2019-10-22,,1,remote,1311
4013,Hossam,Moussa,hossam.moussa4013@nileco.example,1,3,21541.56,0.00,2020-07-19,,1,onsite,120
4014,Salma,Selim,salma.selim4014@nileco.example,1,3,20964.36,0.00,2023-01-16,,1,onsite,377
4015,سارة,متولي,sara.metwally4015@nileco.example,9,42,21525.43,0.00,2023-11-14,,1,onsite,1436
4016,Aya,Youssef,aya.youssef4016@nileco.example,1,3,23955.11,0.00,2019-01-16,,1,hybrid,2442
4017,ريم,منصور,reem.mansour4017@nileco.example,3,12,11437.75,0.00,2021-05-14,,1,hybrid,615
4018,Ali,Roushdy,ali.roushdy4018@nileco.example,6,29,19191.83,0.00,2023-08-09,2024-05-08,0,onsite,1420
4019,Walid,Khalil,walid.khalil4019@nileco.example,9,40,6203.69,0.00,2026-06-06,,1,remote,3258
4020,Ali,Metwally,ali.metwally4020@nileco.example,1,5,54513.38,0.00,2018-10-29,,1,onsite,1892
4021,Mahmoud,Ali,mahmoud.ali4021@nileco.example,1,2,12853.31,0.00,2022-12-02,,1,onsite,2590
4022,مروان,فؤاد,marwan.fouad4022@nileco.example,6,29,23163.83,0.00,2023-04-19,,1,hybrid,923
4023,Sameh,Ahmed,sameh.ahmed4023@nileco.example,1,2,12742.82,0.00,2026-07-30,,1,onsite,3705
4024,عادل,سالم,adel.salem4024@nileco.example,2,10,59144.19,5.00,2016-02-01,,1,onsite,2114
4025,Heba,Ahmed,heba.ahmed4025@nileco.example,5,25,59681.64,0.00,2016-05-30,,1,onsite,4477
4026,Nada,Youssef,nada.youssef4026@nileco.example,7,34,34144.90,0.00,2020-09-29,,1,onsite,1062
4027,نهى,الشامي,noha.elshamy4027@nileco.example,2,9,35032.89,5.00,2021-01-09,,1,onsite,4305
4028,شيماء,رمضان,shaimaa.ramadan4028@nileco.example,9,41,11296.86,0.00,2021-04-05,,1,onsite,122
4029,أيمن,فاروق,ayman.farouk4029@nileco.example,3,13,25035.79,0.00,2019-12-25,,1,remote,681
4030,Hoda,Mansour,hoda.mansour4030@nileco.example,7,33,21369.36,0.00,2022-09-07,,1,onsite,3687
4031,Amr,Hamdy,amr.hamdy4031@nileco.example,1,2,13082.27,0.00,2021-06-02,,1,onsite,2902
4032,Walid,Nasser,walid.nasser4032@nileco.example,5,23,17318.72,0.00,2023-05-13,,1,onsite,3619
4033,Heba,Farouk,heba.farouk4033@nileco.example,2,8,19145.82,5.00,2019-04-06,,1,remote,3658
4034,Walid,Naguib,walid.naguib4034@nileco.example,1,3,20200.47,0.00,2019-08-21,,1,remote,1087
4035,زياد,خليل,ziad.khalil4035@nileco.example,1,1,5469.42,0.00,2026-05-07,,1,onsite,4701
4036,Sameh,Ramadan,sameh.ramadan4036@nileco.example,5,25,54993.99,0.00,2021-05-18,,1,hybrid,2229
4037,Mona,Salem,mona.salem4037@nileco.example,1,2,10274.16,0.00,2023-09-16,,1,onsite,1659
4038,Ibrahim,Fouad,ibrahim.fouad4038@nileco.example,6,27,7942.92,0.00,2025-05-14,,1,onsite,3326
4039,خالد,يوسف,khaled.youssef4039@nileco.example,3,14,30306.75,0.00,2022-06-07,,1,remote,1949
4040,Tamer,Youssef,tamer.youssef4040@nileco.example,7,32,11352.79,0.00,2023-08-28,,1,onsite,1810
4041,Ibrahim,Gaber,ibrahim.gaber4041@nileco.example,1,3,21172.58,0.00,2021-01-05,,1,onsite,4388
4042,Karim,Kamal,karim.kamal4042@nileco.example,7,33,16874.33,0.00,2025-04-10,,1,onsite,3725
4043,Hassan,Hamdy,hassan.hamdy4043@nileco.example,3,13,23205.55,0.00,2020-02-20,,1,onsite,682
4044,Walid,Farouk,walid.farouk4044@nileco.example,7,33,17882.68,0.00,2024-09-07,2026-03-26,0,onsite,1062
4045,Ali,Abdelaziz,ali.abdelaziz4045@nileco.example,7,32,10799.15,0.00,2023-04-17,,1,onsite,4839
4046,Aya,Roushdy,aya.roushdy4046@nileco.example,6,27,7445.98,0.00,2025-08-15,,1,onsite,1014
4047,Mona,Ali,mona.ali4047@nileco.example,7,33,19459.72,0.00,2025-01-14,,1,hybrid,3024
4048,Mahmoud,Helmy,mahmoud.helmy4048@nileco.example,9,41,11042.27,0.00,2024-01-07,,1,remote,2234
4049,Amr,Ismail,amr.ismail4049@nileco.example,8,36,7019.91,0.00,2024-06-14,,1,onsite,1503
4050,فاطمة,خليل,fatma.khalil4050@nileco.example,2,6,4923.72,5.00,2024-12-19,,1,onsite,248
4051,Ziad,Farouk,ziad.farouk4051@nileco.example,2,8,26074.27,5.00,2019-03-02,,1,remote,3517
4052,Hossam,Kamal,hossam.kamal4052@nileco.example,1,2,11329.77,0.00,2026-05-02,,1,onsite,1216
4053,Karim,Roushdy,karim.roushdy4053@nileco.example,7,33,20027.26,0.00,2021-08-12,,1,onsite,3024
4054,Heba,Kamal,heba.kamal4054@nileco.example,3,13,17517.11,0.00,2023-02-24,,1,onsite,1101
4055,Ayman,Hassan,ayman.hassan4055@nileco.example,9,42,21743.27,0.00,2021-11-04,,1,hybrid,970
4056,Mostafa,Tawfik,mostafa.tawfik4056@nileco.example,8,37,7250.00,0.00,2025-09-03,,1,hybrid,2109
4057,Reem,Shawky,reem.shawky4057@nileco.example,3,12,12410.85,0.00,2022-11-09,,1,onsite,508
4058,Andrew,Badawy,andrew.badawy4058@nileco.example,3,12,10796.89,0.00,2024-01-09,,1,hybrid,1099
4059,Nada,Metwally,nada.metwally4059@nileco.example,5,22,9880.16,0.00,2024-12-17,,1,hybrid,3842
4060,Tamer,Metwally,tamer.metwally4060@nileco.example,8,38,16805.89,0.00,2024-11-09,,1,onsite,4948
4061,Mahmoud,Abbas,mahmoud.abbas4061@nileco.example,2,10,45385.18,5.00,2022-09-14,,1,onsite,3896
4062,ندى,سالم,nada.salem4062@nileco.example,6,30,33390.95,0.00,2019-08-15,,1,onsite,2086
4063,مروان,جابر,marwan.gaber4063@nileco.example,7,34,27620.68,0.00,2024-05-20,,1,onsite,542
4064,Wael,Roushdy,wael.roushdy4064@nileco.example,8,39,33498.10,0.00,2020-02-26,,1,onsite,
4065,Reem,Shawky,reem.shawky4065@nileco.example,7,33,21010.25,0.00,2020-03-21,,1,remote,263
4066,Fatma,Naguib,fatma.naguib4066@nileco.example,6,28,12791.59,0.00,2023-04-02,2025-09-03,0,hybrid,1871
4067,خالد,عبد العزيز,khaled.abdelaziz4067@nileco.example,6,28,9584.27,0.00,2023-12-07,,1,onsite,2755
4068,Dalia,Gaber,dalia.gaber4068@nileco.example,5,25,53405.83,0.00,2017-10-04,,1,hybrid,2649
4069,ياسمين,نجيب,yasmin.naguib4069@nileco.example,2,7,10033.75,5.00,2023-12-18,,1,onsite,343
4070,Walid,Metwally,walid.metwally4070@nileco.example,1,2,11788.48,0.00,2023-12-04,,1,hybrid,910
4071,أيمن,رمضان,ayman.ramadan4071@nileco.example,6,29,20796.73,0.00,2025-10-10,,1,onsite,2333
4072,Farida,Khalil,farida.khalil4072@nileco.example,7,34,33154.76,0.00,2022-12-04,,1,onsite,1574
4073,Yasmin,Saeed,yasmin.saeed4073@nileco.example,1,2,9063.42,0.00,2024-12-17,,1,onsite,2748
4074,Hassan,Saeed,hassan.saeed4074@nileco.example,2,8,18623.01,5.00,2022-09-21,,1,onsite,3848
4075,Heba,Selim,heba.selim4075@nileco.example,3,12,9638.62,0.00,2021-10-22,,1,onsite,1621
4076,Noha,Farouk,noha.farouk4076@nileco.example,3,13,16509.88,0.00,2021-09-24,,1,hybrid,1541
4077,Amr,Farouk,amr.farouk4077@nileco.example,1,5,47497.09,0.00,2021-07-27,2023-09-26,0,onsite,2229
4078,Rania,Gaber,rania.gaber4078@nileco.example,7,32,12385.32,0.00,2021-09-23,,1,onsite,2623
4079,أميرة,حسن,amira.hassan4079@nileco.example,1,4,35929.09,0.00,2018-02-11,,1,onsite,138
4080,Yasmin,Gaber,yasmin.gaber4080@nileco.example,9,43,29919.43,0.00,2024-09-02,,1,onsite,2229
4081,Ziad,Elshamy,ziad.elshamy4081@nileco.example,1,3,17008.49,0.00,2025-03-27,,1,hybrid,2490
4082,Ahmed,Abdelaziz,ahmed.abdelaziz4082@nileco.example,1,4,30615.12,0.00,2024-10-17,,1,hybrid,1398
4083,Walid,Saeed,walid.saeed4083@nileco.example,6,28,13512.56,0.00,2023-03-21,,1,remote,1851
4084,Mariam,Rashwan,mariam.rashwan4084@nileco.example,2,9,32797.98,5.00,2020-09-09,,1,onsite,4735
4085,Laila,Mansour,laila.mansour4085@nileco.example,2,9,25645.12,5.00,2021-11-28,2025-04-04,0,hybrid,1755
4086,عمر,متولي,omar.metwally4086@nileco.example,1,4,34868.93,0.00,2018-01-25,,1,onsite,59
4087,عمر,سعيد,omar.saeed4087@nileco.example,6,30,38160.56,0.00,2021-07-18,,1,remote,3214
4088,طارق,سعيد,tarek.saeed4088@nileco.example,6,28,7250.00,0.00,2026-03-18,,1,onsite,2990
4089,وائل,فتحي,wael.fathy4089@nileco.example,2,8,15621.79,5.00,2025-05-01,,1,hybrid,4360
4090,فاطمة,سعيد,fatma.saeed4090@nileco.example,6,29,21099.20,0.00,2020-12-14,,1,hybrid,4264
4091,Tamer,Kamal,tamer.kamal4091@nileco.example,2,7,11083.32,5.00,2025-01-18,2025-06-03,0,hybrid,2481
4092,Michael,Moussa,michael.moussa4092@nileco.example,2,8,24323.72,5.00,2021-03-22,,1,onsite,25
4093,Tarek,Ali,tarek.ali4093@nileco.example,5,21,8006.79,0.00,2024-10-16,,1,hybrid,3698
4094,Rania,Elshamy,rania.elshamy4094@nileco.example,5,23,17250.18,0.00,2022-04-20,,1,onsite,2747
4095,Ali,Fouad,ali.fouad4095@nileco.example,9,42,18643.64,0.00,2025-04-28,,1,remote,2251
4096,هبة,حمدي,heba.hamdy4096@nileco.example,6,28,10908.91,0.00,2023-03-11,,1,onsite,2451
4097,Tarek,Sayed,tarek.sayed4097@nileco.example,6,30,36520.06,0.00,2019-03-05,,1,onsite,
4098,Sameh,Rashwan,sameh.rashwan4098@nileco.example,6,29,17677.06,0.00,2022-01-01,2025-11-17,0,onsite,4621
4099,Yasmin,Fathy,yasmin.fathy4099@nileco.example,1,3,19189.79,0.00,2023-12-17,,1,onsite,1310
4100,Dina,Elshamy,dina.elshamy4100@nileco.example,7,31,4665.88,0.00,2025-01-24,,1,onsite,629
4101,Noha,Fathy,noha.fathy4101@nileco.example,3,13,19118.23,0.00,2021-06-24,,1,onsite,3898
4102,حسن,رشوان,hassan.rashwan4102@nileco.example,5,23,16233.15,0.00,2024-03-12,,1,onsite,2462
4103,Hussein,Sayed,hussein.sayed4103@nileco.example,6,28,13416.93,0.00,2023-11-25,,1,onsite,754
4104,Hoda,Mahmoud,hoda.mahmoud4104@nileco.example,7,33,16488.96,0.00,2024-03-21,,1,onsite,4839
4105,Fatma,Fouad,fatma.fouad4105@nileco.example,1,4,35530.73,0.00,2020-05-19,,1,onsite,2732
4106,Sherif,Fathy,sherif.fathy4106@nileco.example,2,8,18249.52,5.00,2025-03-06,,1,onsite,471
4107,Heba,Abdelaziz,heba.abdelaziz4107@nileco.example,9,42,24244.10,0.00,2020-12-17,,1,onsite,4708
4108,Omar,Badawy,omar.badawy4108@nileco.example,6,27,6848.96,0.00,2025-04-08,,1,remote,3521
4109,أندرو,عباس,andrew.abbas4109@nileco.example,5,24,39043.72,0.00,2017-12-27,,1,onsite,2074
4110,Hoda,Tawfik,hoda.tawfik4110@nileco.example,3,14,36701.56,0.00,2018-06-09,,1,onsite,3698
4111,ياسمين,كمال,yasmin.kamal4111@nileco.example,9,40,6672.88,0.00,2026-04-13,,1,onsite,392
4112,Adel,Ismail,adel.ismail4112@nileco.example,1,2,11324.49,0.00,2022-02-20,,1,hybrid,2945
4113,Dina,Abdelaziz,dina.abdelaziz4113@nileco.example,1,3,23038.04,0.00,2020-02-15,,1,onsite,1561
4114,Ahmed,Khalil,ahmed.khalil4114@nileco.example,1,4,41853.37,0.00,2018-03-04,,1,hybrid,1607
4115,Heba,Youssef,heba.youssef4115@nileco.example,6,30,31212.91,0.00,2024-01-19,2026-02-05,0,onsite,4396
4116,Farida,Fathy,farida.fathy4116@nileco.example,9,42,19973.55,0.00,2021-07-14,,1,onsite,3366
4117,Sherif,Youssef,sherif.youssef4117@nileco.example,5,23,20334.88,0.00,2023-09-28,,1,onsite,2086
4118,Farida,Fouad,farida.fouad4118@nileco.example,2,7,11040.60,5.00,2025-01-31,,1,onsite,2351
4119,Dina,Ramadan,dina.ramadan4119@nileco.example,1,3,20536.92,0.00,2023-08-05,,1,remote,3117
4120,نهى,جابر,noha.gaber4120@nileco.example,3,12,11096.00,0.00,2024-07-26,,1,onsite,3776
4121,أندرو,حمدي,andrew.hamdy4121@nileco.example,1,2,12644.48,0.00,2022-09-19,,1,onsite,3055
4122,Hany,Sobhy,hany.sobhy4122@nileco.example,1,4,31832.68,0.00,2018-05-07,,1,hybrid,360
4123,Marwan,Farouk,marwan.farouk4123@nileco.example,6,29,16840.06,0.00,2023-05-01,,1,hybrid,1187
4124,Marwan,Rashwan,marwan.rashwan4124@nileco.example,3,12,12924.58,0.00,2023-10-23,,1,onsite,4410
4125,Noha,Youssef,noha.youssef4125@nileco.example,3,12,10872.65,0.00,2025-10-11,,1,onsite,125
4126,Sherif,Metwally,sherif.metwally4126@nileco.example,6,30,29339.93,0.00,2020-08-06,,1,hybrid,3698
4127,Khaled,Tawfik,khaled.tawfik4127@nileco.example,1,2,9676.03,0.00,2024-03-08,,1,hybrid,2264
4128,Fatma,Abbas,fatma.abbas4128@nileco.example,5,23,22235.88,0.00,2021-02-07,,1,hybrid,3870
4129,Mona,Youssef,mona.youssef4129@nileco.example,1,4,32934.86,0.00,2023-02-21,,1,onsite,104
4130,Ziad,Ezzat,ziad.ezzat4130@nileco.example,3,13,19562.79,0.00,2025-01-28,,1,onsite,3260
4131,Sameh,Naguib,sameh.naguib4131@nileco.example,7,34,32880.73,0.00,2022-01-02,,1,onsite,2256
4132,رانيا,عباس,rania.abbas4132@nileco.example,7,32,10768.57,0.00,2026-02-01,2026-06-09,0,hybrid,3401
4133,أحمد,متولي,ahmed.metwally4133@nileco.example,9,41,10841.14,0.00,2022-12-07,,1,onsite,2625
4134,Dalia,Mansour,dalia.mansour4134@nileco.example,2,8,23440.20,5.00,2021-05-28,,1,onsite,4306
4135,Khaled,Zaki,khaled.zaki4135@nileco.example,2,8,18564.55,5.00,2021-06-29,,1,onsite,2486
4136,Noha,Fathy,noha.fathy4136@nileco.example,5,25,49004.95,0.00,2021-10-06,,1,hybrid,2367
4137,Mona,Badawy,mona.badawy4137@nileco.example,1,2,11153.11,0.00,2023-06-24,,1,hybrid,94
4138,سارة,ناصر,sara.nasser4138@nileco.example,6,28,12633.16,0.00,2021-02-04,,1,onsite,3873
4139,فاطمة,عزت,fatma.ezzat4139@nileco.example,7,32,12517.06,0.00,2021-06-15,,1,onsite,319
4140,Fatma,Elshamy,fatma.elshamy4140@nileco.example,3,13,17151.13,0.00,2024-12-21,,1,onsite,799
4141,Hoda,Tawfik,hoda.tawfik4141@nileco.example,6,29,17748.32,0.00,2025-12-21,2026-06-06,0,remote,1096
4142,Walid,Abbas,walid.abbas4142@nileco.example,5,23,23787.36,0.00,2020-06-29,,1,onsite,2870
4143,Nada,Metwally,nada.metwally4143@nileco.example,8,37,10051.44,0.00,2021-11-05,,1,onsite,1241
4144,Hussein,Metwally,hussein.metwally4144@nileco.example,6,28,12211.15,0.00,2024-09-25,,1,remote,766
4145,أميرة,عبد العزيز,amira.abdelaziz4145@nileco.example,2,7,11386.88,5.00,2022-09-03,,1,onsite,4993
4146,مصطفى,فتحي,mostafa.fathy4146@nileco.example,2,10,50841.95,5.00,2017-02-05,,1,onsite,4200
4147,مصطفى,فؤاد,mostafa.fouad4147@nileco.example,2,8,19305.88,5.00,2023-02-16,,1,onsite,3977
4148,Dina,Ali,dina.ali4148@nileco.example,9,41,10145.71,0.00,2026-01-04,,1,onsite,1235
4149,Salma,Kamal,salma.kamal4149@nileco.example,1,2,11669.21,0.00,2021-06-17,2024-05-26,0,onsite,1448
4150,Mariam,Helmy,mariam.helmy4150@nileco.example,5,21,7478.56,0.00,2026-04-25,,1,onsite,4937
4151,Mostafa,Selim,mostafa.selim4151@nileco.example,6,28,9952.37,0.00,2026-05-27,,1,onsite,1792
4152,حسين,ناصر,hussein.nasser4152@nileco.example,2,8,22014.70,5.00,2021-04-18,,1,onsite,2389
4153,Laila,Selim,laila.selim4153@nileco.example,8,38,19089.73,0.00,2023-01-12,,1,onsite,300
4154,Noha,Metwally,noha.metwally4154@nileco.example,6,28,9842.86,0.00,2026-03-06,,1,onsite,4749
4155,Omar,Hassan,omar.hassan4155@nileco.example,6,30,37676.34,0.00,2018-02-13,,1,hybrid,4200
4156,Michael,Ismail,michael.ismail4156@nileco.example,9,43,31892.43,0.00,2021-12-10,,1,onsite,
4157,Ibrahim,Tawfik,ibrahim.tawfik4157@nileco.example,5,22,12135.01,0.00,2024-03-12,,1,hybrid,1867
4158,زياد,فتحي,ziad.fathy4158@nileco.example,2,8,20702.35,5.00,2024-07-19,,1,onsite,367
4159,Mariam,Fouad,mariam.fouad4159@nileco.example,4,17,22587.07,0.00,2019-01-02,,1,onsite,4216
4160,عمرو,رمضان,amr.ramadan4160@nileco.example,2,10,43265.78,5.00,2022-01-13,,1,remote,3214
4161,Rania,Shawky,rania.shawky4161@nileco.example,7,32,11847.09,0.00,2023-08-02,,1,onsite,1952
4162,بسمة,رشوان,basma.rashwan4162@nileco.example,9,41,9742.94,0.00,2022-05-28,,1,onsite,3434
4163,ريم,توفيق,reem.tawfik4163@nileco.example,9,41,10555.99,0.00,2024-02-07,,1,onsite,1251
4164,ليلى,خليل,laila.khalil4164@nileco.example,9,42,25386.97,0.00,2019-03-14,,1,hybrid,4371
4165,Tarek,Kamal,tarek.kamal4165@nileco.example,2,8,21609.38,5.00,2019-05-28,,1,hybrid,2458
4166,Ayman,Ramadan,ayman.ramadan4166@nileco.example,6,28,13093.14,0.00,2022-01-05,,1,remote,895
4167,Laila,Fathy,laila.fathy4167@nileco.example,5,21,5739.97,0.00,2026-02-21,,1,onsite,3435
4168,Ali,Ezzat,ali.ezzat4168@nileco.example,5,23,18082.26,0.00,2023-09-11,,1,onsite,4598
4169,هاني,صبحي,hany.sobhy4169@nileco.example,1,3,20945.46,0.00,2021-05-15,,1,onsite,691
4170,نهى,سالم,noha.salem4170@nileco.example,7,32,10715.89,0.00,2021-09-30,,1,onsite,3039
4171,Hoda,Ali,hoda.ali4171@nileco.example,5,24,34884.55,0.00,2022-04-10,,1,remote,3182
4172,أندرو,رشوان,andrew.rashwan4172@nileco.example,6,29,28271.54,0.00,2020-01-18,,1,onsite,2743
4173,حسين,صبحي,hussein.sobhy4173@nileco.example,3,12,11407.70,0.00,2022-09-06,,1,onsite,2757
4174,حسام,سليم,hossam.selim4174@nileco.example,2,6,4671.92,5.00,2024-10-21,,1,remote,3350
4175,Ali,Gaber,ali.gaber4175@nileco.example,6,29,21118.34,0.00,2021-04-28,,1,onsite,4097
4176,حسين,ناصر,hussein.nasser4176@nileco.example,5,25,54688.54,0.00,2017-11-11,,1,remote,2449
4177,Tarek,Youssef,tarek.youssef4177@nileco.example,1,4,32050.02,0.00,2024-12-02,,1,hybrid,2579
4178,Noha,Helmy,noha.helmy4178@nileco.example,6,29,21220.49,0.00,2021-07-06,,1,onsite,334
4179,Ahmed,Saeed,ahmed.saeed4179@nileco.example,7,32,11524.86,0.00,2021-03-22,2023-01-31,0,onsite,4295
4180,Ali,Hassan,ali.hassan4180@nileco.example,1,2,11996.35,0.00,2021-07-04,,1,onsite,2724
4181,Hossam,Ali,hossam.ali4181@nileco.example,6,29,19627.75,0.00,2019-12-20,,1,hybrid,1577
4182,Mariam,Metwally,mariam.metwally4182@nileco.example,2,9,36269.55,5.00,2020-07-20,,1,hybrid,4305
4183,Adel,Fathy,adel.fathy4183@nileco.example,2,8,25434.94,5.00,2020-03-10,,1,onsite,2496
4184,Reem,Abdelaziz,reem.abdelaziz4184@nileco.example,7,31,7292.23,0.00,2025-12-13,,1,remote,1620
4185,Reem,Kamal,reem.kamal4185@nileco.example,9,42,20272.22,0.00,2021-05-31,,1,remote,1783
4186,Amira,Ezzat,amira.ezzat4186@nileco.example,5,24,36530.08,0.00,2018-06-30,,1,onsite,4636
4187,حسن,شوقي,hassan.shawky4187@nileco.example,5,23,27210.44,0.00,2021-01-06,,1,onsite,3717
4188,نهى,فؤاد,noha.fouad4188@nileco.example,2,7,13054.59,5.00,2022-12-28,,1,onsite,3238
4189,Rania,Gaber,rania.gaber4189@nileco.example,2,7,11604.40,5.00,2024-05-10,,1,onsite,900
4190,Youssef,Ismail,youssef.ismail4190@nileco.example,6,30,30219.60,0.00,2020-03-02,,1,onsite,2719
4191,Ahmed,Gaber,ahmed.gaber4191@nileco.example,1,4,26825.21,0.00,2024-02-13,,1,onsite,1261
4192,محمد,عزت,mohamed.ezzat4192@nileco.example,2,10,51670.87,5.00,2016-08-23,,1,onsite,4331
4193,Marwan,Abdelaziz,marwan.abdelaziz4193@nileco.example,2,8,23456.34,5.00,2023-08-08,,1,onsite,2892
4194,Ziad,Rashwan,ziad.rashwan4194@nileco.example,9,43,31456.48,0.00,2024-03-31,,1,onsite,
4195,Karim,Ahmed,karim.ahmed4195@nileco.example,1,4,29910.58,0.00,2023-03-12,,1,hybrid,3532
4196,Dalia,Metwally,dalia.metwally4196@nileco.example,4,18,30008.21,0.00,2023-05-23,,1,onsite,2756
4197,مصطفى,عزت,mostafa.ezzat4197@nileco.example,3,13,19645.60,0.00,2021-05-24,,1,onsite,2502
4198,Khaled,Kamal,khaled.kamal4198@nileco.example,6,29,24100.37,0.00,2019-07-06,,1,remote,1913
4199,Ziad,Khalil,ziad.khalil4199@nileco.example,6,28,7250.00,0.00,2026-05-25,,1,hybrid,1379
4200,Ziad,Ramadan,ziad.ramadan4200@nileco.example,5,26,80770.86,0.00,2016-06-11,,1,hybrid,
4201,Hassan,Tawfik,hassan.tawfik4201@nileco.example,1,3,21701.59,0.00,2020-07-04,2023-11-01,0,remote,2091
4202,Sameh,Badawy,sameh.badawy4202@nileco.example,2,8,18456.80,5.00,2025-10-29,,1,onsite,2134
4203,Mostafa,Ahmed,mostafa.ahmed4203@nileco.example,2,10,47425.00,5.00,2020-02-01,,1,onsite,2114
4204,Reem,Abbas,reem.abbas4204@nileco.example,1,2,13411.82,0.00,2021-04-20,,1,onsite,2982
4205,Mahmoud,Ramadan,mahmoud.ramadan4205@nileco.example,6,28,10609.15,0.00,2025-07-13,,1,onsite,2141
4206,شريف,رشدي,sherif.roushdy4206@nileco.example,9,41,10572.95,0.00,2025-02-22,2026-08-07,0,onsite,1636
4207,زياد,رشوان,ziad.rashwan4207@nileco.example,4,18,33169.43,0.00,2020-02-11,,1,onsite,3006
4208,Sameh,Khalil,sameh.khalil4208@nileco.example,9,41,8531.06,0.00,2024-07-07,,1,hybrid,1724
4209,Shaimaa,Sayed,shaimaa.sayed4209@nileco.example,1,2,11450.00,0.00,2025-08-04,,1,onsite,1512
4210,أحمد,السيد,ahmed.sayed4210@nileco.example,8,38,15002.52,0.00,2024-01-25,2025-04-10,0,onsite,4950
4211,منى,موسى,mona.moussa4211@nileco.example,6,28,11894.21,0.00,2023-10-17,,1,onsite,3892
4212,Ali,Nasser,ali.nasser4212@nileco.example,1,3,22258.89,0.00,2022-03-08,,1,hybrid,4403
4213,Hoda,Fouad,hoda.fouad4213@nileco.example,1,2,8412.23,0.00,2025-05-06,,1,remote,3664
4214,Mahmoud,Saeed,mahmoud.saeed4214@nileco.example,2,8,16954.43,5.00,2023-06-06,,1,onsite,3658
4215,محمود,منصور,mahmoud.mansour4215@nileco.example,9,41,10689.22,0.00,2021-07-29,,1,onsite,1357
4216,هبة,محمود,heba.mahmoud4216@nileco.example,4,18,33072.32,0.00,2022-06-18,,1,onsite,1786
4217,تامر,توفيق,tamer.tawfik4217@nileco.example,2,9,28329.44,5.00,2024-05-21,,1,onsite,4024
4218,Farida,Ali,farida.ali4218@nileco.example,7,32,9572.36,0.00,2025-05-29,2025-11-27,0,onsite,3990
4219,Aya,Rashwan,aya.rashwan4219@nileco.example,6,30,32519.83,0.00,2021-07-21,,1,onsite,4396
4220,Laila,Shawky,laila.shawky4220@nileco.example,2,7,7250.00,5.00,2026-06-29,,1,hybrid,3165
4221,سارة,جابر,sara.gaber4221@nileco.example,5,24,36713.27,0.00,2018-09-11,,1,hybrid,3619
4222,Yasmin,Sobhy,yasmin.sobhy4222@nileco.example,6,30,35512.30,0.00,2020-12-12,,1,onsite,4396
4223,Mona,Khalil,mona.khalil4223@nileco.example,1,2,10835.48,0.00,2026-01-10,,1,onsite,4614
4224,Nour,Naguib,nour.naguib4224@nileco.example,5,22,9052.47,0.00,2021-01-31,,1,remote,3896
4225,Ahmed,Mahmoud,ahmed.mahmoud4225@nileco.example,6,28,12574.76,0.00,2024-05-11,,1,hybrid,590
4226,Yasmin,Moussa,yasmin.moussa4226@nileco.example,2,6,6937.27,5.00,2024-04-15,,1,hybrid,1929
4227,خالد,فاروق,khaled.farouk4227@nileco.example,9,42,19163.33,0.00,2022-01-27,,1,onsite,776
4228,Adel,Hassan,adel.hassan4228@nileco.example,6,30,36027.48,0.00,2018-01-05,,1,hybrid,341
4229,مايكل,أحمد,michael.ahmed4229@nileco.example,2,6,6233.54,5.00,2024-09-11,,1,remote,1743
4230,Adel,Tawfik,adel.tawfik4230@nileco.example,2,8,20602.81,5.00,2023-04-08,,1,onsite,28
4231,كريم,زكي,karim.zaki4231@nileco.example,4,17,21780.18,0.00,2019-01-17,,1,onsite,3144
4232,Reem,Salem,reem.salem4232@nileco.example,1,2,12402.65,0.00,2022-10-24,,1,onsite,2401
4233,Sherif,Youssef,sherif.youssef4233@nileco.example,1,4,32672.71,0.00,2022-01-17,,1,hybrid,783
4234,Ibrahim,Kamal,ibrahim.kamal4234@nileco.example,1,3,19736.41,0.00,2019-09-25,,1,onsite,697
4235,Mariam,Salem,mariam.salem4235@nileco.example,1,4,36034.04,0.00,2020-11-05,2023-10-18,0,hybrid,1267
4236,منى,إسماعيل,mona.ismail4236@nileco.example,6,30,31390.44,0.00,2024-04-04,,1,hybrid,
4237,أيمن,ناصر,ayman.nasser4237@nileco.example,6,27,5649.12,0.00,2025-06-30,,1,onsite,2491
4238,Salma,Badawy,salma.badawy4238@nileco.example,1,3,20292.11,0.00,2019-06-13,,1,hybrid,1261
4239,Aya,Ali,aya.ali4239@nileco.example,6,30,30179.66,0.00,2021-11-08,,1,hybrid,3757
4240,عمر,يوسف,omar.youssef4240@nileco.example,1,3,22931.71,0.00,2023-05-22,,1,onsite,1924
4241,Mostafa,Saeed,mostafa.saeed4241@nileco.example,6,28,10323.56,0.00,2023-03-02,,1,onsite,3096
4242,أندرو,رشوان,andrew.rashwan4242@nileco.example,9,40,5899.49,0.00,2026-01-14,,1,onsite,1532
4243,Walid,Rashwan,walid.rashwan4243@nileco.example,3,12,11261.50,0.00,2021-05-23,,1,onsite,3403
4244,Hassan,Nasser,hassan.nasser4244@nileco.example,7,34,31491.75,0.00,2018-11-22,,1,hybrid,3333
4245,Basma,Ali,basma.ali4245@nileco.example,4,17,21600.31,0.00,2020-02-15,,1,onsite,4352
4246,Adel,Nasser,adel.nasser4246@nileco.example,1,3,17476.87,0.00,2022-01-13,,1,onsite,3385
4247,Noha,Naguib,noha.naguib4247@nileco.example,9,42,20888.29,0.00,2021-04-11,,1,remote,4837
4248,رانيا,فؤاد,rania.fouad4248@nileco.example,8,38,21871.56,0.00,2021-04-01,,1,onsite,777
4249,Tarek,Shawky,tarek.shawky4249@nileco.example,7,32,7250.00,0.00,2025-03-03,,1,remote,350
4250,Farida,Ahmed,farida.ahmed4250@nileco.example,1,5,57597.97,0.00,2016-11-27,,1,onsite,2367
4251,أندرو,بدوي,andrew.badawy4251@nileco.example,3,14,28630.61,0.00,2024-06-03,,1,hybrid,2367
4252,Adel,Naguib,adel.naguib4252@nileco.example,6,29,25042.88,0.00,2019-05-31,,1,onsite,2028
4253,تامر,عبد العزيز,tamer.abdelaziz4253@nileco.example,3,12,8384.19,0.00,2024-11-20,,1,hybrid,3789
4254,Sameh,Naguib,sameh.naguib4254@nileco.example,9,40,5089.18,0.00,2026-04-16,,1,onsite,800
4255,Fatma,Tawfik,fatma.tawfik4255@nileco.example,6,28,10342.48,0.00,2021-11-28,,1,hybrid,1315
4256,Amr,Fathy,amr.fathy4256@nileco.example,3,13,19298.18,0.00,2022-12-08,,1,onsite,2212
4257,Tarek,Nasser,tarek.nasser4257@nileco.example,5,22,12138.14,0.00,2022-12-29,,1,hybrid,1183
4258,Tarek,Elshamy,tarek.elshamy4258@nileco.example,6,29,19819.36,0.00,2021-10-28,,1,onsite,812
4259,Adel,Saeed,adel.saeed4259@nileco.example,1,1,6467.58,0.00,2024-06-23,2026-01-08,0,onsite,722
4260,Mahmoud,Abdelaziz,mahmoud.abdelaziz4260@nileco.example,6,27,5936.09,0.00,2025-12-26,,1,hybrid,68
4261,منى,الشامي,mona.elshamy4261@nileco.example,1,2,12250.86,0.00,2021-07-22,,1,onsite,346
4262,محمد,عزت,mohamed.ezzat4262@nileco.example,7,32,10872.45,0.00,2026-03-07,,1,onsite,893
4263,Mohamed,Mansour,mohamed.mansour4263@nileco.example,6,29,17608.38,0.00,2023-12-08,,1,onsite,4764
4264,Hossam,Saeed,hossam.saeed4264@nileco.example,6,30,31393.27,0.00,2022-08-13,,1,onsite,2086
4265,Nada,Khalil,nada.khalil4265@nileco.example,4,18,36248.92,0.00,2020-12-07,,1,onsite,1624
4266,منى,رشدي,mona.roushdy4266@nileco.example,9,42,19028.47,0.00,2021-06-07,,1,onsite,4851
4267,Fatma,Helmy,fatma.helmy4267@nileco.example,3,11,7624.46,0.00,2024-12-17,,1,onsite,681
4268,Walid,Naguib,walid.naguib4268@nileco.example,2,8,18277.56,5.00,2020-06-29,,1,onsite,248
4269,Hassan,Nasser,hassan.nasser4269@nileco.example,1,3,16697.60,0.00,2023-08-03,,1,onsite,692
4270,Mahmoud,Hassan,mahmoud.hassan4270@nileco.example,1,4,41638.18,0.00,2018-12-30,,1,onsite,1705
4271,هاني,سعيد,hany.saeed4271@nileco.example,2,8,17832.34,5.00,2025-09-08,,1,onsite,4574
4272,Basma,Nasser,basma.nasser4272@nileco.example,2,9,33824.87,5.00,2022-07-25,,1,onsite,4146
4273,Laila,Roushdy,laila.roushdy4273@nileco.example,1,3,23428.90,0.00,2019-04-10,,1,hybrid,1639
4274,هبة,الشامي,heba.elshamy4274@nileco.example,6,29,20568.16,0.00,2025-11-08,,1,onsite,1543
4275,Basma,Moussa,basma.moussa4275@nileco.example,1,5,49817.14,0.00,2022-03-08,,1,remote,4200
4276,ليلى,موسى,laila.moussa4276@nileco.example,1,5,47339.76,0.00,2019-12-20,,1,onsite,2522
4277,خالد,شوقي,khaled.shawky4277@nileco.example,1,3,26255.17,0.00,2019-02-17,,1,onsite,4403
4278,Ziad,Moussa,ziad.moussa4278@nileco.example,2,6,4875.09,5.00,2026-03-18,,1,onsite,965
4279,Walid,Mansour,walid.mansour4279@nileco.example,2,9,37917.63,5.00,2022-10-01,,1,hybrid,4912
4280,Salma,Youssef,salma.youssef4280@nileco.example,7,32,8415.09,0.00,2023-09-17,,1,hybrid,4496
4281,أندرو,يوسف,andrew.youssef4281@nileco.example,1,2,13796.96,0.00,2022-11-25,,1,onsite,813
4282,Ayman,Khalil,ayman.khalil4282@nileco.example,1,4,27331.17,0.00,2024-12-18,,1,onsite,4020
4283,Salma,Ramadan,salma.ramadan4283@nileco.example,3,13,21894.53,0.00,2020-08-17,,1,onsite,1945
4284,Laila,Helmy,laila.helmy4284@nileco.example,7,32,9422.08,0.00,2025-08-26,,1,onsite,4745
4285,ليلى,محمود,laila.mahmoud4285@nileco.example,4,17,23438.52,0.00,2020-11-28,,1,onsite,4216
4286,سارة,جابر,sara.gaber4286@nileco.example,7,33,19219.45,0.00,2019-06-22,,1,hybrid,1170
4287,داليا,عزت,dalia.ezzat4287@nileco.example,9,42,16201.16,0.00,2025-02-15,,1,onsite,2958
4288,Ali,Mahmoud,ali.mahmoud4288@nileco.example,1,2,12239.94,0.00,2023-03-04,,1,onsite,810
4289,ياسمين,إسماعيل,yasmin.ismail4289@nileco.example,1,3,20100.19,0.00,2020-01-07,,1,onsite,4835
4290,Reem,Elshamy,reem.elshamy4290@nileco.example,9,41,11683.67,0.00,2024-12-18,,1,onsite,887
4291,آية,جابر,aya.gaber4291@nileco.example,1,4,36732.19,0.00,2017-11-02,,1,onsite,360
4292,Reem,Rashwan,reem.rashwan4292@nileco.example,6,29,21477.98,0.00,2019-12-27,,1,onsite,92
4293,Rania,Mansour,rania.mansour4293@nileco.example,7,34,29257.06,0.00,2019-02-23,,1,hybrid,2872
4294,عمرو,توفيق,amr.tawfik4294@nileco.example,9,42,22359.04,0.00,2019-04-08,,1,onsite,4494
4295,Fatma,Abbas,fatma.abbas4295@nileco.example,7,33,18828.60,0.00,2023-09-22,,1,onsite,2308
4296,Basma,Helmy,basma.helmy4296@nileco.example,6,28,10718.83,0.00,2025-09-23,,1,remote,3702
4297,Mona,Mansour,mona.mansour4297@nileco.example,6,30,34371.88,0.00,2019-04-21,,1,onsite,
4298,Hossam,Moussa,hossam.moussa4298@nileco.example,1,1,5331.16,0.00,2026-06-04,,1,onsite,3711
4299,Karim,Salem,karim.salem4299@nileco.example,8,38,19314.52,0.00,2023-10-04,,1,remote,3787
4300,Nada,Fouad,nada.fouad4300@nileco.example,6,28,8718.36,0.00,2022-10-04,,1,onsite,3030
4301,محمود,عباس,mahmoud.abbas4301@nileco.example,2,8,17296.93,5.00,2020-09-09,,1,onsite,2378
4302,Laila,Ezzat,laila.ezzat4302@nileco.example,6,28,9522.84,0.00,2026-06-05,,1,remote,590
4303,مصطفى,يوسف,mostafa.youssef4303@nileco.example,7,32,11154.58,0.00,2024-12-15,,1,onsite,4496
4304,Aya,Saeed,aya.saeed4304@nileco.example,2,7,8280.99,5.00,2024-06-16,,1,onsite,3790
4305,Noha,Youssef,noha.youssef4305@nileco.example,2,10,55977.93,5.00,2018-07-27,,1,remote,2367
4306,Khaled,Farouk,khaled.farouk4306@nileco.example,2,9,34754.56,5.00,2019-04-26,,1,onsite,1236
4307,وائل,عباس,wael.abbas4307@nileco.example,7,34,30107.88,0.00,2023-10-16,,1,onsite,315
4308,Adel,Mahmoud,adel.mahmoud4308@nileco.example,6,29,21553.73,0.00,2022-07-23,,1,remote,2451
4309,تامر,متولي,tamer.metwally4309@nileco.example,7,34,31050.86,0.00,2020-10-20,,1,onsite,3235
4310,Dina,Sobhy,dina.sobhy4310@nileco.example,3,14,37970.61,0.00,2018-11-25,,1,remote,3698
4311,ريم,نجيب,reem.naguib4311@nileco.example,2,8,18384.12,5.00,2023-09-10,,1,onsite,1630
4312,Youssef,Elshamy,youssef.elshamy4312@nileco.example,1,3,22099.14,0.00,2024-03-25,,1,onsite,2968
4313,عمر,جابر,omar.gaber4313@nileco.example,7,34,32439.07,0.00,2020-04-14,,1,onsite,532
4314,Fatma,Khalil,fatma.khalil4314@nileco.example,1,2,14211.72,0.00,2023-02-24,,1,onsite,3856
4315,Heba,Roushdy,heba.roushdy4315@nileco.example,2,8,21863.69,5.00,2021-09-02,,1,onsite,2514
4316,Sameh,Badawy,sameh.badawy4316@nileco.example,1,2,10798.79,0.00,2024-04-03,,1,hybrid,3705
4317,Sherif,Zaki,sherif.zaki4317@nileco.example,2,8,18176.51,5.00,2023-11-12,,1,onsite,4279
4318,Mona,Gaber,mona.gaber4318@nileco.example,1,5,49880.96,0.00,2021-06-08,2024-12-06,0,hybrid,2649
4319,Sherif,Elshamy,sherif.elshamy4319@nileco.example,6,29,18365.31,0.00,2025-08-30,2026-02-05,0,hybrid,2759
4320,Andrew,Sayed,andrew.sayed4320@nileco.example,2,7,10396.74,5.00,2023-11-11,2025-11-25,0,hybrid,3834
4321,Sara,Helmy,sara.helmy4321@nileco.example,2,7,10286.98,5.00,2021-02-16,,1,hybrid,1182
4322,Ayman,Ali,ayman.ali4322@nileco.example,3,13,18265.46,0.00,2022-01-06,,1,hybrid,2055
4323,Hossam,Moussa,hossam.moussa4323@nileco.example,1,4,28219.61,0.00,2023-05-08,,1,hybrid,656
4324,منى,حسن,mona.hassan4324@nileco.example,7,31,7052.90,0.00,2026-04-05,,1,onsite,3352
4325,Hoda,Hamdy,hoda.hamdy4325@nileco.example,3,13,13360.00,0.00,2019-07-27,2022-02-02,0,onsite,3983
4326,Aya,Zaki,aya.zaki4326@nileco.example,2,8,17239.86,5.00,2024-04-25,2025-11-25,0,hybrid,3093
4327,Mariam,Mahmoud,mariam.mahmoud4327@nileco.example,2,8,20191.32,5.00,2020-12-29,,1,onsite,3855
4328,Aya,Salem,aya.salem4328@nileco.example,2,10,46791.61,5.00,2021-04-26,,1,onsite,2449
4329,Laila,Fathy,laila.fathy4329@nileco.example,9,42,18124.57,0.00,2023-08-06,,1,onsite,718
4330,آية,فتحي,aya.fathy4330@nileco.example,1,2,11783.92,0.00,2025-03-29,,1,onsite,2176
4331,نهى,موسى,noha.moussa4331@nileco.example,4,20,88828.15,0.00,2014-12-13,,1,onsite,
4332,Ibrahim,Moussa,ibrahim.moussa4332@nileco.example,6,27,7516.34,0.00,2025-12-20,,1,hybrid,3274
4333,Andrew,Farouk,andrew.farouk4333@nileco.example,1,1,6427.04,0.00,2024-08-21,,1,onsite,3465
4334,Michael,Mahmoud,michael.mahmoud4334@nileco.example,7,33,18312.72,0.00,2023-05-11,,1,hybrid,2642
4335,Dalia,Hamdy,dalia.hamdy4335@nileco.example,2,7,12447.32,5.00,2021-09-25,,1,hybrid,4625
4336,Shaimaa,Ahmed,shaimaa.ahmed4336@nileco.example,6,28,10364.03,0.00,2023-06-25,,1,onsite,788
4337,وليد,شوقي,walid.shawky4337@nileco.example,6,28,12833.37,0.00,2021-07-23,,1,onsite,4198
4338,Tarek,Sobhy,tarek.sobhy4338@nileco.example,6,29,18432.83,0.00,2023-09-04,,1,onsite,3016
4339,Sherif,Sayed,sherif.sayed4339@nileco.example,8,37,9308.79,0.00,2026-05-23,,1,onsite,3880
4340,Yasmin,Elshamy,yasmin.elshamy4340@nileco.example,1,3,22931.69,0.00,2021-03-04,,1,hybrid,2787
4341,Hassan,Farouk,hassan.farouk4341@nileco.example,1,3,20999.72,0.00,2023-01-08,,1,onsite,1550
4342,Tarek,Selim,tarek.selim4342@nileco.example,9,41,10097.82,0.00,2023-01-10,,1,onsite,1143
4343,Ali,Khalil,ali.khalil4343@nileco.example,6,28,12062.84,0.00,2022-03-09,,1,hybrid,3198
4344,Aya,Roushdy,aya.roushdy4344@nileco.example,6,28,11912.85,0.00,2024-11-15,,1,hybrid,213
4345,حسام,إسماعيل,hossam.ismail4345@nileco.example,1,3,21326.56,0.00,2021-04-14,,1,remote,945
4346,هدى,عبد العزيز,hoda.abdelaziz4346@nileco.example,1,3,16702.18,0.00,2023-01-19,,1,remote,1529
4347,Mostafa,Khalil,mostafa.khalil4347@nileco.example,8,36,6334.29,0.00,2024-10-29,,1,onsite,153
4348,خالد,خليل,khaled.khalil4348@nileco.example,9,42,18189.69,0.00,2025-12-02,,1,hybrid,1575
4349,Hany,Roushdy,hany.roushdy4349@nileco.example,8,37,10487.63,0.00,2024-04-16,2026-09-05,0,hybrid,822
4350,Mona,Saeed,mona.saeed4350@nileco.example,1,3,18895.00,0.00,2024-02-25,,1,onsite,104
4351,Amira,Elshamy,amira.elshamy4351@nileco.example,5,24,37430.67,0.00,2018-11-13,,1,onsite,2649
4352,حسين,خليل,hussein.khalil4352@nileco.example,4,18,26930.78,0.00,2022-08-23,,1,hybrid,1786
4353,Shaimaa,Sayed,shaimaa.sayed4353@nileco.example,1,4,43533.63,0.00,2017-07-26,,1,onsite,4275
4354,مايكل,عبد العزيز,michael.abdelaziz4354@nileco.example,1,3,20789.31,0.00,2021-02-25,2024-12-18,0,onsite,1323
4355,Ayman,Abdelaziz,ayman.abdelaziz4355@nileco.example,2,8,20717.54,5.00,2021-07-03,,1,remote,3977
4356,Karim,Khalil,karim.khalil4356@nileco.example,5,22,7884.79,0.00,2024-04-21,,1,remote,445
4357,Hoda,Ramadan,hoda.ramadan4357@nileco.example,2,10,45137.34,5.00,2021-02-02,,1,remote,2367
4358,Ahmed,Shawky,ahmed.shawky4358@nileco.example,6,29,25580.23,0.00,2023-03-01,,1,onsite,503
4359,منى,ناصر,mona.nasser4359@nileco.example,4,17,19899.38,0.00,2020-02-25,,1,onsite,2284
4360,Michael,Ezzat,michael.ezzat4360@nileco.example,2,9,29757.69,5.00,2022-03-14,,1,onsite,440
4361,Sameh,Zaki,sameh.zaki4361@nileco.example,3,14,33039.28,0.00,2019-09-13,,1,onsite,3214
4362,Mohamed,Mahmoud,mohamed.mahmoud4362@nileco.example,1,3,25252.10,0.00,2019-12-13,,1,remote,3385
4363,شريف,فتحي,sherif.fathy4363@nileco.example,1,3,20523.01,0.00,2023-02-23,2024-10-21,0,hybrid,1108
4364,Farida,Moussa,farida.moussa4364@nileco.example,1,5,41703.60,0.00,2022-11-22,,1,onsite,1892
4365,Hossam,Moussa,hossam.moussa4365@nileco.example,9,41,10827.07,0.00,2023-02-23,,1,onsite,4438
4366,Ahmed,Rashwan,ahmed.rashwan4366@nileco.example,1,2,11463.75,0.00,2023-07-05,,1,onsite,546
4367,Laila,Metwally,laila.metwally4367@nileco.example,2,9,40299.93,5.00,2020-03-28,,1,remote,4695
4368,محمود,رمضان,mahmoud.ramadan4368@nileco.example,7,34,38946.00,0.00,2018-02-21,,1,hybrid,1936
4369,أحمد,متولي,ahmed.metwally4369@nileco.example,3,12,7697.30,0.00,2025-12-06,,1,hybrid,1837
4370,فريدة,جابر,farida.gaber4370@nileco.example,6,28,15473.87,0.00,2021-08-30,,1,onsite,4624
4371,Mostafa,Kamal,mostafa.kamal4371@nileco.example,9,43,30679.20,0.00,2022-04-27,,1,onsite,2638
4372,Sherif,Tawfik,sherif.tawfik4372@nileco.example,1,3,24186.59,0.00,2023-02-22,,1,onsite,404
4373,رانيا,أحمد,rania.ahmed4373@nileco.example,1,4,28270.02,0.00,2023-11-01,,1,hybrid,4889
4374,Fatma,Tawfik,fatma.tawfik4374@nileco.example,1,2,14225.40,0.00,2021-11-12,,1,onsite,1418
4375,Ayman,Abdelaziz,ayman.abdelaziz4375@nileco.example,9,41,13817.46,0.00,2021-08-30,,1,onsite,4164
4376,عادل,رمضان,adel.ramadan4376@nileco.example,1,2,12458.65,0.00,2023-08-28,,1,hybrid,4372
4377,Omar,Shawky,omar.shawky4377@nileco.example,3,12,8525.17,0.00,2026-05-28,,1,hybrid,4043
4378,Youssef,Badawy,youssef.badawy4378@nileco.example,6,30,30480.37,0.00,2021-05-05,,1,onsite,
4379,Laila,Mansour,laila.mansour4379@nileco.example,4,19,53126.59,0.00,2016-08-28,,1,hybrid,4331
4380,Dalia,Shawky,dalia.shawky4380@nileco.example,6,29,20088.13,0.00,2021-03-05,,1,onsite,1023
4381,Tarek,Mahmoud,tarek.mahmoud4381@nileco.example,2,9,28919.01,5.00,2022-03-13,,1,hybrid,916
4382,Mohamed,Ramadan,mohamed.ramadan4382@nileco.example,5,24,36016.01,0.00,2019-10-06,,1,hybrid,4791
4383,رانيا,محمود,rania.mahmoud4383@nileco.example,8,38,17296.39,0.00,2025-07-16,,1,remote,1696
4384,عمرو,علي,amr.ali4384@nileco.example,2,9,38829.76,5.00,2017-02-17,,1,remote,1743
4385,نهى,رشدي,noha.roushdy4385@nileco.example,1,3,21629.19,0.00,2024-03-25,,1,onsite,2982
4386,نهى,يوسف,noha.youssef4386@nileco.example,9,42,23919.87,0.00,2020-04-04,,1,hybrid,4667
4387,أيمن,خليل,ayman.khalil4387@nileco.example,5,23,19587.62,0.00,2020-04-27,2023-09-10,0,onsite,1167
4388,Basma,Elshamy,basma.elshamy4388@nileco.example,1,5,55592.64,0.00,2019-08-19,,1,onsite,2449
4389,Ziad,Salem,ziad.salem4389@nileco.example,8,38,24892.65,0.00,2020-01-26,,1,hybrid,3417
4390,عمر,فؤاد,omar.fouad4390@nileco.example,2,8,17586.56,5.00,2025-10-11,,1,onsite,4084
4391,Amr,Ismail,amr.ismail4391@nileco.example,1,3,20998.25,0.00,2021-08-09,,1,remote,3312
4392,Reem,Ramadan,reem.ramadan4392@nileco.example,3,13,19197.07,0.00,2019-10-13,2022-11-08,0,onsite,2628
4393,Sameh,Rashwan,sameh.rashwan4393@nileco.example,1,4,24391.75,0.00,2018-09-05,2021-03-30,0,hybrid,1040
4394,Dalia,Moussa,dalia.moussa4394@nileco.example,1,5,48065.70,0.00,2022-12-03,,1,onsite,2449
4395,Walid,Khalil,walid.khalil4395@nileco.example,4,18,23619.26,0.00,2024-10-26,,1,onsite,1624
4396,Aya,Mahmoud,aya.mahmoud4396@nileco.example,5,26,81548.03,0.00,2017-03-08,,1,onsite,
4397,Salma,Farouk,salma.farouk4397@nileco.example,2,7,11558.62,5.00,2025-07-22,,1,onsite,3505
4398,Ibrahim,Ezzat,ibrahim.ezzat4398@nileco.example,9,43,31098.36,0.00,2024-07-28,,1,onsite,1378
4399,Hassan,Zaki,hassan.zaki4399@nileco.example,9,40,5364.14,0.00,2026-01-10,,1,onsite,3488
4400,Hossam,Ismail,hossam.ismail4400@nileco.example,9,40,5623.14,0.00,2024-06-22,2024-10-26,0,onsite,481
4401,Nour,Fathy,nour.fathy4401@nileco.example,6,30,35011.88,0.00,2017-12-14,,1,onsite,
4402,Ziad,Naguib,ziad.naguib4402@nileco.example,1,4,35376.52,0.00,2021-01-24,,1,remote,4889
4403,Karim,Ezzat,karim.ezzat4403@nileco.example,1,4,38368.25,0.00,2019-07-08,,1,onsite,1108
4404,سامح,جابر,sameh.gaber4404@nileco.example,5,21,7324.98,0.00,2025-08-11,,1,onsite,13
4405,وائل,فاروق,wael.farouk4405@nileco.example,3,13,17548.08,0.00,2022-08-14,,1,hybrid,3031
4406,Dalia,Youssef,dalia.youssef4406@nileco.example,4,16,11206.69,0.00,2025-01-29,,1,onsite,3430
4407,سامح,سليم,sameh.selim4407@nileco.example,6,27,5670.40,0.00,2026-03-21,,1,onsite,1524
4408,Sara,Elshamy,sara.elshamy4408@nileco.example,1,3,17229.85,0.00,2024-03-16,,1,onsite,4086
4409,رانيا,رشوان,rania.rashwan4409@nileco.example,5,25,55531.95,0.00,2022-04-24,,1,onsite,2086
4410,هاني,عباس,hany.abbas4410@nileco.example,3,13,19824.72,0.00,2021-08-26,,1,onsite,311
4411,Hoda,Naguib,hoda.naguib4411@nileco.example,1,3,14204.70,0.00,2024-02-22,,1,onsite,156
4412,Dalia,Tawfik,dalia.tawfik4412@nileco.example,1,3,23287.77,0.00,2020-05-24,,1,onsite,1924
4413,Walid,Selim,walid.selim4413@nileco.example,1,3,20410.96,0.00,2023-06-10,,1,onsite,2171
4414,Dina,Sayed,dina.sayed4414@nileco.example,1,3,22373.71,0.00,2022-02-24,,1,onsite,4276
4415,Youssef,Hassan,youssef.hassan4415@nileco.example,6,29,19101.75,0.00,2020-11-18,,1,onsite,3910
4416,Noha,Mansour,noha.mansour4416@nileco.example,2,7,8605.29,5.00,2023-02-18,,1,onsite,3708
4417,Mariam,Ali,mariam.ali4417@nileco.example,1,4,32080.56,0.00,2020-12-31,,1,onsite,4654
4418,Sara,Rashwan,sara.rashwan4418@nileco.example,1,2,11544.53,0.00,2023-02-17,,1,onsite,823
4419,Ali,Naguib,ali.naguib4419@nileco.example,7,32,13624.57,0.00,2022-01-20,,1,hybrid,4725
4420,Amr,Fouad,amr.fouad4420@nileco.example,8,38,25158.94,0.00,2019-08-21,,1,onsite,4950
4421,سارة,الشامي,sara.elshamy4421@nileco.example,7,32,10131.98,0.00,2024-06-30,,1,onsite,488
4422,Sameh,Farouk,sameh.farouk4422@nileco.example,8,38,17445.40,0.00,2022-05-18,,1,remote,2733
4423,Ayman,Sobhy,ayman.sobhy4423@nileco.example,7,33,15614.97,0.00,2021-08-22,,1,onsite,2925
4424,Amira,Saeed,amira.saeed4424@nileco.example,6,29,20684.54,0.00,2023-05-17,,1,onsite,4642
4425,Tarek,Moussa,tarek.moussa4425@nileco.example,6,29,16247.77,0.00,2025-08-21,,1,onsite,4126
4426,Ahmed,Tawfik,ahmed.tawfik4426@nileco.example,9,42,16734.46,0.00,2024-12-25,,1,remote,4007
4427,Mostafa,Metwally,mostafa.metwally4427@nileco.example,1,3,13360.00,0.00,2025-11-01,,1,hybrid,227
4428,Shaimaa,Selim,shaimaa.selim4428@nileco.example,1,2,7404.09,0.00,2024-08-16,,1,remote,722
4429,عمر,كمال,omar.kamal4429@nileco.example,7,33,22065.72,0.00,2019-01-10,,1,onsite,4578
4430,Ali,Ahmed,ali.ahmed4430@nileco.example,4,19,55194.72,0.00,2019-11-14,,1,onsite,4532
4431,Laila,Nasser,laila.nasser4431@nileco.example,1,3,23191.05,0.00,2021-09-25,,1,hybrid,3319
4432,Walid,Farouk,walid.farouk4432@nileco.example,7,32,7690.72,0.00,2024-07-20,,1,hybrid,1914
4433,دينا,نجيب,dina.naguib4433@nileco.example,1,3,18592.91,0.00,2023-08-08,,1,onsite,377
4434,Tarek,Abbas,tarek.abbas4434@nileco.example,7,33,20068.57,0.00,2022-01-24,,1,onsite,3249
4435,Salma,Ahmed,salma.ahmed4435@nileco.example,3,13,22386.79,0.00,2021-04-30,,1,remote,4634
4436,هبة,خليل,heba.khalil4436@nileco.example,9,40,6072.46,0.00,2026-06-11,,1,onsite,2498
4437,Mona,Mahmoud,mona.mahmoud4437@nileco.example,2,6,6512.23,5.00,2024-04-04,2026-05-02,0,onsite,2439
4438,مروان,السيد,marwan.sayed4438@nileco.example,9,42,19794.53,0.00,2022-04-19,,1,onsite,3265
4439,Noha,Roushdy,noha.roushdy4439@nileco.example,1,3,22096.22,0.00,2021-09-01,2024-05-24,0,hybrid,1550
4440,أيمن,عبد العزيز,ayman.abdelaziz4440@nileco.example,6,28,9739.51,0.00,2025-03-20,,1,onsite,154
4441,Amr,Fouad,amr.fouad4441@nileco.example,2,7,10571.09,5.00,2024-06-05,,1,onsite,4268
4442,سلمى,أحمد,salma.ahmed4442@nileco.example,9,42,14677.12,0.00,2025-10-17,,1,hybrid,1121
4443,Nada,Moussa,nada.moussa4443@nileco.example,7,32,10431.95,0.00,2021-01-18,,1,onsite,2524
4444,Salma,Fathy,salma.fathy4444@nileco.example,6,28,9574.91,0.00,2026-05-19,,1,remote,2555
4445,Laila,Moussa,laila.moussa4445@nileco.example,8,39,27457.79,0.00,2024-01-30,,1,onsite,3757
4446,Rania,Metwally,rania.metwally4446@nileco.example,1,4,35280.65,0.00,2022-06-10,,1,remote,4769
4447,خالد,خليل,khaled.khalil4447@nileco.example,5,22,11158.32,0.00,2023-08-18,,1,onsite,2429
4448,Laila,Kamal,laila.kamal4448@nileco.example,6,29,24313.70,0.00,2019-04-27,,1,onsite,271
4449,Mariam,Abbas,mariam.abbas4449@nileco.example,1,3,23146.42,0.00,2020-02-05,,1,remote,1799
4450,عادل,عباس,adel.abbas4450@nileco.example,6,30,39561.62,0.00,2020-04-20,,1,hybrid,2367
4451,Andrew,Moussa,andrew.moussa4451@nileco.example,6,29,18257.68,0.00,2025-09-22,,1,hybrid,246
4452,Mahmoud,Naguib,mahmoud.naguib4452@nileco.example,2,6,5865.02,5.00,2025-03-18,,1,onsite,4220
4453,وليد,أحمد,walid.ahmed4453@nileco.example,6,28,7722.83,0.00,2024-06-11,,1,onsite,4688
4454,Andrew,Salem,andrew.salem4454@nileco.example,2,8,21186.08,5.00,2024-11-29,,1,onsite,3053
4455,دينا,حسن,dina.hassan4455@nileco.example,6,30,29862.55,0.00,2023-01-13,,1,onsite,2449
4456,Sherif,Gaber,sherif.gaber4456@nileco.example,1,4,30518.72,0.00,2024-01-05,,1,hybrid,4812
4457,Ziad,Ismail,ziad.ismail4457@nileco.example,7,34,28282.98,0.00,2023-11-04,,1,remote,3235
4458,Yasmin,Sayed,yasmin.sayed4458@nileco.example,1,2,10524.72,0.00,2024-07-01,,1,remote,1125
4459,Ahmed,Kamal,ahmed.kamal4459@nileco.example,5,23,24959.92,0.00,2020-02-01,,1,remote,1266
4460,محمود,خليل,mahmoud.khalil4460@nileco.example,2,8,20171.44,5.00,2023-07-20,,1,hybrid,2225
4461,عادل,ناصر,adel.nasser4461@nileco.example,2,8,21692.08,5.00,2021-07-19,,1,onsite,2496
4462,Marwan,Ahmed,marwan.ahmed4462@nileco.example,8,37,10060.02,0.00,2025-11-18,,1,hybrid,1589
4463,يوسف,عزت,youssef.ezzat4463@nileco.example,1,3,24121.18,0.00,2020-09-25,,1,hybrid,1666
4464,Reem,Rashwan,reem.rashwan4464@nileco.example,6,28,12226.51,0.00,2024-06-22,,1,hybrid,2813
4465,Amira,Selim,amira.selim4465@nileco.example,6,29,16392.31,0.00,2022-12-11,,1,hybrid,3702
4466,طارق,حمدي,tarek.hamdy4466@nileco.example,1,2,10285.57,0.00,2025-05-30,,1,onsite,3673
4467,كريم,حمدي,karim.hamdy4467@nileco.example,1,1,6459.62,0.00,2024-07-25,,1,onsite,3361
4468,شريف,صبحي,sherif.sobhy4468@nileco.example,1,2,12322.67,0.00,2022-11-27,,1,onsite,3876
4469,Ayman,Kamal,ayman.kamal4469@nileco.example,6,28,10255.08,0.00,2022-04-28,,1,onsite,443
4470,Andrew,Moussa,andrew.moussa4470@nileco.example,6,30,31810.75,0.00,2021-11-12,,1,hybrid,4532
4471,Tamer,Ismail,tamer.ismail4471@nileco.example,7,34,35705.62,0.00,2018-11-14,,1,onsite,1115
4472,Hussein,Youssef,hussein.youssef4472@nileco.example,1,3,17195.33,0.00,2025-01-24,,1,onsite,521
4473,Adel,Badawy,adel.badawy4473@nileco.example,6,28,8305.90,0.00,2026-02-19,,1,onsite,895
4474,شيماء,خليل,shaimaa.khalil4474@nileco.example,2,7,9581.76,5.00,2022-07-04,,1,onsite,2288
4475,محمد,رشوان,mohamed.rashwan4475@nileco.example,3,13,20497.89,0.00,2021-07-07,,1,onsite,4922
4476,Mostafa,Elshamy,mostafa.elshamy4476@nileco.example,6,28,8213.82,0.00,2026-06-13,,1,onsite,3428
4477,Ayman,Rashwan,ayman.rashwan4477@nileco.example,5,26,88395.65,0.00,2015-08-24,,1,onsite,
4478,Marwan,Shawky,marwan.shawky4478@nileco.example,3,12,8903.13,0.00,2025-06-12,,1,hybrid,2751
4479,Wael,Hamdy,wael.hamdy4479@nileco.example,9,43,37819.29,0.00,2018-04-08,,1,onsite,2449
4480,Salma,Ali,salma.ali4480@nileco.example,1,1,5692.08,0.00,2026-07-19,,1,onsite,3525
4481,رانيا,رشدي,rania.roushdy4481@nileco.example,1,3,17026.98,0.00,2023-08-22,,1,remote,1717
4482,Walid,Elshamy,walid.elshamy4482@nileco.example,5,22,10976.85,0.00,2022-10-31,,1,hybrid,3032
4483,Michael,Ali,michael.ali4483@nileco.example,6,30,34983.51,0.00,2018-07-05,,1,hybrid,341
4484,Khaled,Ezzat,khaled.ezzat4484@nileco.example,1,2,11883.09,0.00,2021-10-29,,1,onsite,4312
4485,Farida,Fathy,farida.fathy4485@nileco.example,8,39,30061.94,0.00,2024-06-23,,1,onsite,4331
4486,Youssef,Sayed,youssef.sayed4486@nileco.example,1,3,20259.12,0.00,2021-08-24,,1,remote,160
4487,Tamer,Sayed,tamer.sayed4487@nileco.example,6,29,24348.50,0.00,2020-04-26,,1,hybrid,4097
4488,Rania,Ali,rania.ali4488@nileco.example,9,40,5031.63,0.00,2025-05-30,,1,onsite,4542
4489,نهى,محمود,noha.mahmoud4489@nileco.example,7,32,8672.76,0.00,2024-08-02,,1,hybrid,4806
4490,Khaled,Mansour,khaled.mansour4490@nileco.example,5,23,17753.11,0.00,2024-07-05,,1,onsite,1597
4491,Fatma,Nasser,fatma.nasser4491@nileco.example,1,3,17383.71,0.00,2022-01-13,,1,onsite,1323
4492,Salma,Mahmoud,salma.mahmoud4492@nileco.example,2,8,21134.82,5.00,2023-05-14,,1,remote,1516
4493,Mona,Saeed,mona.saeed4493@nileco.example,9,41,8275.67,0.00,2026-04-07,,1,hybrid,3606
4494,Ibrahim,Elshamy,ibrahim.elshamy4494@nileco.example,9,43,28723.96,0.00,2023-01-28,,1,onsite,
4495,هبة,متولي,heba.metwally4495@nileco.example,4,18,33227.73,0.00,2020-02-26,,1,onsite,193
4496,Hany,Rashwan,hany.rashwan4496@nileco.example,7,33,29874.64,0.00,2019-03-08,,1,hybrid,3547
4497,أميرة,فاروق,amira.farouk4497@nileco.example,2,7,8842.67,5.00,2025-09-12,,1,hybrid,3372
4498,Amr,Ramadan,amr.ramadan4498@nileco.example,5,23,24929.44,0.00,2020-02-11,,1,onsite,1928
4499,Walid,Hassan,walid.hassan4499@nileco.example,9,42,17248.79,0.00,2024-05-09,,1,hybrid,4837
4500,Sameh,Saeed,sameh.saeed4500@nileco.example,6,28,10355.63,0.00,2023-12-08,,1,hybrid,3335
4501,Rania,Roushdy,rania.roushdy4501@nileco.example,2,8,20854.96,5.00,2022-01-13,,1,hybrid,847
4502,حسن,سعيد,hassan.saeed4502@nileco.example,6,29,22175.39,0.00,2023-08-01,,1,remote,1285
4503,خالد,فتحي,khaled.fathy4503@nileco.example,5,23,20952.39,0.00,2023-10-26,,1,onsite,4176
4504,Nada,Ali,nada.ali4504@nileco.example,6,28,8845.66,0.00,2025-11-15,,1,onsite,2684
4505,Karim,Fouad,karim.fouad4505@nileco.example,6,29,23025.18,0.00,2024-02-25,,1,onsite,4621
4506,ياسمين,سعيد,yasmin.saeed4506@nileco.example,1,3,22601.31,0.00,2021-03-25,,1,onsite,2427
4507,منى,زكي,mona.zaki4507@nileco.example,6,29,26967.82,0.00,2019-10-08,,1,hybrid,606
4508,Mahmoud,Fathy,mahmoud.fathy4508@nileco.example,6,29,19193.80,0.00,2019-02-16,,1,onsite,2141
4509,Farida,Ali,farida.ali4509@nileco.example,7,34,31010.64,0.00,2021-06-01,,1,onsite,2739
4510,Farida,Nasser,farida.nasser4510@nileco.example,6,29,19811.31,0.00,2023-03-04,,1,onsite,2581
4511,Mona,Hamdy,mona.hamdy4511@nileco.example,6,27,6637.58,0.00,2024-06-05,,1,hybrid,2641
4512,سارة,الشامي,sara.elshamy4512@nileco.example,6,29,14704.82,0.00,2023-07-30,,1,onsite,503
4513,Sara,Elshamy,sara.elshamy4513@nileco.example,2,8,21390.64,5.00,2019-06-09,,1,remote,3050
4514,Tamer,Ahmed,tamer.ahmed4514@nileco.example,1,5,58594.07,0.00,2016-09-30,,1,onsite,3757
4515,Amr,Ismail,amr.ismail4515@nileco.example,1,1,6230.27,0.00,2025-07-26,,1,onsite,446
4516,حسام,بدوي,hossam.badawy4516@nileco.example,1,3,13360.00,0.00,2024-10-27,,1,onsite,1457
4517,Nour,Rashwan,nour.rashwan4517@nileco.example,6,30,31656.86,0.00,2020-08-16,,1,remote,2086
4518,Hossam,Saeed,hossam.saeed4518@nileco.example,6,29,19204.18,0.00,2023-12-23,,1,hybrid,2205
4519,نهى,عباس,noha.abbas4519@nileco.example,2,7,14191.93,5.00,2022-04-27,,1,onsite,4203
4520,وليد,شوقي,walid.shawky4520@nileco.example,9,42,19289.04,0.00,2025-03-17,,1,onsite,2251
4521,Reem,Ezzat,reem.ezzat4521@nileco.example,6,27,6808.96,0.00,2024-06-30,,1,hybrid,2594
4522,Laila,Hassan,laila.hassan4522@nileco.example,6,27,6940.16,0.00,2025-12-23,2026-08-07,0,remote,780
4523,منى,ناصر,mona.nasser4523@nileco.example,1,3,14076.85,0.00,2023-03-20,,1,onsite,4446
4524,Marwan,Fouad,marwan.fouad4524@nileco.example,2,9,28371.14,5.00,2024-02-18,,1,onsite,2149
4525,Basma,Salem,basma.salem4525@nileco.example,1,5,55568.59,0.00,2017-12-17,,1,hybrid,1892
4526,Aya,Selim,aya.selim4526@nileco.example,7,32,9705.83,0.00,2025-06-30,,1,hybrid,1092
4527,Nada,Zaki,nada.zaki4527@nileco.example,3,11,3690.00,0.00,2026-05-15,,1,onsite,4920
4528,Shaimaa,Metwally,shaimaa.metwally4528@nileco.example,9,41,12937.46,0.00,2021-12-15,,1,onsite,1265
4529,Michael,Ahmed,michael.ahmed4529@nileco.example,1,5,47407.56,0.00,2020-09-03,,1,onsite,3583
4530,أندرو,عباس,andrew.abbas4530@nileco.example,1,4,35163.30,0.00,2018-03-08,,1,hybrid,3540
4531,زياد,نجيب,ziad.naguib4531@nileco.example,6,28,9164.62,0.00,2026-07-14,,1,hybrid,2990
4532,Hassan,Moussa,hassan.moussa4532@nileco.example,4,20,82750.78,0.00,2014-08-19,,1,onsite,
4533,ندى,علي,nada.ali4533@nileco.example,5,22,14088.98,0.00,2023-01-21,,1,onsite,2429
4534,Farida,Gaber,farida.gaber4534@nileco.example,2,9,41735.34,5.00,2017-06-05,,1,onsite,4024
4535,Ali,Khalil,ali.khalil4535@nileco.example,1,4,33992.60,0.00,2024-03-01,,1,onsite,654
4536,Noha,Saeed,noha.saeed4536@nileco.example,7,33,13611.22,0.00,2024-05-14,,1,hybrid,2956
4537,كريم,عباس,karim.abbas4537@nileco.example,2,9,38551.65,5.00,2018-11-05,,1,hybrid,2293
4538,Dalia,Ali,dalia.ali4538@nileco.example,6,28,13809.38,0.00,2021-01-04,,1,remote,3857
4539,سارة,سالم,sara.salem4539@nileco.example,1,4,37658.84,0.00,2017-06-16,,1,onsite,4364
4540,Ayman,Youssef,ayman.youssef4540@nileco.example,9,43,30874.81,0.00,2023-04-28,2026-05-19,0,hybrid,3717
4541,نور,رشدي,nour.roushdy4541@nileco.example,2,7,9760.64,5.00,2024-12-20,,1,onsite,2568
4542,وليد,متولي,walid.metwally4542@nileco.example,9,43,36430.88,0.00,2018-07-21,,1,remote,2449
4543,مايكل,خليل,michael.khalil4543@nileco.example,4,18,27322.50,0.00,2020-11-12,,1,remote,2246
4544,Hussein,Elshamy,hussein.elshamy4544@nileco.example,3,13,20263.50,0.00,2021-08-27,,1,onsite,2628
4545,Aya,Ramadan,aya.ramadan4545@nileco.example,2,8,21490.59,5.00,2023-07-15,,1,hybrid,4931
4546,Hany,Nasser,hany.nasser4546@nileco.example,6,29,18334.02,0.00,2025-06-18,,1,hybrid,1071
4547,Heba,Roushdy,heba.roushdy4547@nileco.example,7,33,24112.39,0.00,2019-09-14,,1,onsite,1574
4548,Youssef,Saeed,youssef.saeed4548@nileco.example,1,2,13323.09,0.00,2022-01-16,,1,remote,1947
4549,شريف,يوسف,sherif.youssef4549@nileco.example,2,7,7402.77,5.00,2026-05-30,,1,onsite,847
4550,Hany,Roushdy,hany.roushdy4550@nileco.example,1,2,11664.80,0.00,2024-09-17,,1,remote,3558
4551,Amira,Kamal,amira.kamal4551@nileco.example,1,2,10467.78,0.00,2024-10-11,,1,remote,2702
4552,Farida,Ismail,farida.ismail4552@nileco.example,6,28,7656.02,0.00,2025-08-13,,1,remote,2818
4553,شيماء,كمال,shaimaa.kamal4553@nileco.example,6,28,12651.67,0.00,2024-02-17,,1,onsite,2347
4554,خالد,عبد العزيز,khaled.abdelaziz4554@nileco.example,5,23,,0.00,2022-12-27,,1,onsite,2367
4555,عمر,جابر,omar.gaber4555@nileco.example,6,29,18512.17,0.00,2024-12-31,,1,hybrid,4951
4556,Walid,Sayed,walid.sayed4556@nileco.example,6,28,9967.20,0.00,2026-01-29,,1,remote,1680
4557,Sameh,Youssef,sameh.youssef4557@nileco.example,4,16,13113.63,0.00,2026-03-27,,1,remote,2383
4558,آية,فؤاد,aya.fouad4558@nileco.example,1,3,26118.13,0.00,2021-04-23,,1,onsite,2789
4559,Aya,Abdelaziz,aya.abdelaziz4559@nileco.example,1,4,25641.87,0.00,2024-07-08,,1,remote,2579
4560,Andrew,Hassan,andrew.hassan4560@nileco.example,7,34,38146.50,0.00,2017-04-27,,1,onsite,774
4561,Hossam,Roushdy,hossam.roushdy4561@nileco.example,2,7,8951.37,5.00,2024-08-27,,1,onsite,1068
4562,Mona,Mansour,mona.mansour4562@nileco.example,2,8,22468.56,5.00,2023-03-17,,1,hybrid,2514
4563,Mona,Sobhy,mona.sobhy4563@nileco.example,2,8,19154.22,5.00,2023-10-10,,1,hybrid,2059
4564,كريم,بدوي,karim.badawy4564@nileco.example,3,13,18381.89,0.00,2025-06-05,,1,hybrid,361
4565,ياسمين,كمال,yasmin.kamal4565@nileco.example,2,7,10945.56,5.00,2023-03-13,,1,onsite,3165
4566,Tarek,Metwally,tarek.metwally4566@nileco.example,5,23,18064.92,0.00,2023-03-04,,1,onsite,3546
4567,Mahmoud,Fouad,mahmoud.fouad4567@nileco.example,6,28,10380.33,0.00,2026-03-01,2026-08-20,0,hybrid,4465
4568,Tamer,Youssef,tamer.youssef4568@nileco.example,2,9,36658.22,5.00,2020-07-02,,1,hybrid,303
4569,Mahmoud,Fouad,mahmoud.fouad4569@nileco.example,1,4,26458.76,0.00,2023-02-15,,1,hybrid,104
4570,Mohamed,Badawy,mohamed.badawy4570@nileco.example,1,2,16004.16,0.00,2021-03-14,,1,onsite,2468
4571,Nour,Ezzat,nour.ezzat4571@nileco.example,7,32,8875.93,0.00,2026-05-14,,1,onsite,1808
4572,ريم,زكي,reem.zaki4572@nileco.example,1,3,21146.57,0.00,2020-12-27,,1,onsite,1074
4573,Sara,Rashwan,sara.rashwan4573@nileco.example,1,1,5690.39,0.00,2026-01-08,,1,onsite,886
4574,Andrew,Youssef,andrew.youssef4574@nileco.example,2,9,37560.89,5.00,2019-10-08,,1,onsite,1061
4575,وائل,جابر,wael.gaber4575@nileco.example,1,3,21366.70,0.00,2021-09-07,,1,onsite,4559
4576,Dalia,Badawy,dalia.badawy4576@nileco.example,1,2,13540.10,0.00,2022-02-05,,1,hybrid,3960
4577,ياسمين,إسماعيل,yasmin.ismail4577@nileco.example,6,28,10284.74,0.00,2025-12-24,,1,hybrid,2851
4578,Mohamed,Metwally,mohamed.metwally4578@nileco.example,7,35,62460.00,0.00,2016-07-12,,1,onsite,
4579,بسمة,أحمد,basma.ahmed4579@nileco.example,3,13,21873.92,0.00,2021-06-08,,1,remote,2239
4580,Nour,Abdelaziz,nour.abdelaziz4580@nileco.example,6,27,7050.82,0.00,2024-04-04,,1,onsite,2948
4581,حسام,جابر,hossam.gaber4581@nileco.example,1,4,31381.67,0.00,2020-11-06,,1,hybrid,1542
4582,عمر,بدوي,omar.badawy4582@nileco.example,6,29,19279.77,0.00,2022-02-05,,1,hybrid,1501
4583,Adel,Abdelaziz,adel.abdelaziz4583@nileco.example,6,30,30146.09,0.00,2024-02-13,,1,remote,341
4584,كريم,متولي,karim.metwally4584@nileco.example,7,33,16031.00,0.00,2025-11-12,,1,onsite,1170
4585,Ziad,Ali,ziad.ali4585@nileco.example,6,29,19260.80,0.00,2024-11-15,,1,onsite,2009
4586,Nada,Abdelaziz,nada.abdelaziz4586@nileco.example,6,28,11234.26,0.00,2024-01-14,,1,hybrid,301
4587,Amira,Abdelaziz,amira.abdelaziz4587@nileco.example,6,27,6708.49,0.00,2026-02-19,,1,onsite,3261
4588,أندرو,محمود,andrew.mahmoud4588@nileco.example,3,13,20007.96,0.00,2020-04-19,,1,hybrid,2012
4589,Nour,Fouad,nour.fouad4589@nileco.example,6,30,37478.22,0.00,2017-12-19,,1,onsite,2638
4590,أندرو,حمدي,andrew.hamdy4590@nileco.example,2,8,20508.33,5.00,2025-08-24,,1,onsite,274
4591,Ahmed,Gaber,ahmed.gaber4591@nileco.example,2,10,48264.71,5.00,2022-08-13,,1,onsite,3214
4592,علي,منصور,ali.mansour4592@nileco.example,6,28,9245.44,0.00,2024-09-15,,1,onsite,4263
4593,سامح,زكي,sameh.zaki4593@nileco.example,6,28,9661.65,0.00,2026-01-03,,1,hybrid,2250
4594,Noha,Fathy,noha.fathy4594@nileco.example,6,28,11483.02,0.00,2024-04-09,,1,hybrid,3811
4595,عادل,منصور,adel.mansour4595@nileco.example,7,31,5062.96,0.00,2026-03-23,,1,hybrid,520
4596,Tarek,Sobhy,tarek.sobhy4596@nileco.example,1,5,40811.96,0.00,2020-08-11,,1,onsite,4532
4597,Ibrahim,Elshamy,ibrahim.elshamy4597@nileco.example,6,30,23979.61,0.00,2024-08-08,2025-07-28,0,onsite,3757
4598,Ayman,Rashwan,ayman.rashwan4598@nileco.example,5,24,35224.81,0.00,2020-04-10,,1,onsite,286
4599,فاطمة,يوسف,fatma.youssef4599@nileco.example,5,23,19309.75,0.00,2022-08-28,,1,hybrid,1295
4600,Adel,Youssef,adel.youssef4600@nileco.example,8,36,5600.33,0.00,2024-12-15,,1,onsite,4056
4601,أميرة,سليم,amira.selim4601@nileco.example,7,34,29991.85,0.00,2024-11-16,2025-06-01,0,hybrid,1224
4602,Tarek,Salem,tarek.salem4602@nileco.example,2,9,38627.68,5.00,2019-02-17,,1,onsite,28
4603,Adel,Salem,adel.salem4603@nileco.example,2,8,17522.26,5.00,2025-03-29,,1,onsite,274
4604,Tarek,Farouk,tarek.farouk4604@nileco.example,8,38,20102.88,0.00,2020-01-27,,1,remote,2247
4605,Nour,Ahmed,nour.ahmed4605@nileco.example,9,42,20612.49,0.00,2022-03-13,,1,hybrid,1586
4606,Sherif,Hassan,sherif.hassan4606@nileco.example,1,3,19135.19,0.00,2024-05-07,,1,remote,2370
4607,Farida,Salem,farida.salem4607@nileco.example,2,9,36456.16,5.00,2020-01-08,,1,onsite,440
4608,دينا,حسن,dina.hassan4608@nileco.example,7,31,7416.55,0.00,2024-03-05,,1,onsite,4929
4609,Noha,Helmy,noha.helmy4609@nileco.example,2,8,19542.34,5.00,2022-01-24,,1,onsite,1827
4610,سامح,منصور,sameh.mansour4610@nileco.example,5,22,9796.68,0.00,2026-02-14,,1,onsite,2588
4611,Walid,Ezzat,walid.ezzat4611@nileco.example,1,2,7655.17,0.00,2024-11-10,,1,onsite,4700
4612,Tamer,Fathy,tamer.fathy4612@nileco.example,6,30,32846.78,0.00,2021-07-27,,1,onsite,2719
4613,Mariam,Abbas,mariam.abbas4613@nileco.example,6,29,14300.57,0.00,2025-06-12,,1,onsite,2792
4614,Hussein,Ismail,hussein.ismail4614@nileco.example,1,3,19980.79,0.00,2024-10-11,,1,hybrid,820
4615,Nada,Abdelaziz,nada.abdelaziz4615@nileco.example,3,12,9086.23,0.00,2025-12-10,,1,remote,1861
4616,Amira,Selim,amira.selim4616@nileco.example,6,29,19910.16,0.00,2022-01-02,,1,hybrid,1355
4617,Hussein,Ahmed,hussein.ahmed4617@nileco.example,2,7,11236.58,5.00,2026-01-14,2026-09-13,0,onsite,4590
4618,Omar,Kamal,omar.kamal4618@nileco.example,6,29,23977.90,0.00,2020-05-27,,1,onsite,914
4619,Omar,Kamal,omar.kamal4619@nileco.example,2,8,22735.47,5.00,2019-10-12,,1,onsite,2037
4620,Hussein,Badawy,hussein.badawy4620@nileco.example,1,3,24403.08,0.00,2019-03-05,,1,onsite,4958
4621,مروان,عزت,marwan.ezzat4621@nileco.example,6,30,34203.74,0.00,2022-02-22,,1,remote,2719
4622,Ali,Ismail,ali.ismail4622@nileco.example,1,1,5985.89,0.00,2026-05-24,,1,onsite,1127
4623,Wael,Rashwan,wael.rashwan4623@nileco.example,6,28,9564.62,0.00,2026-02-06,,1,onsite,2380
4624,Andrew,Badawy,andrew.badawy4624@nileco.example,6,29,22498.50,0.00,2024-11-17,,1,onsite,4222
4625,دينا,سالم,dina.salem4625@nileco.example,2,8,17640.19,5.00,2024-01-25,,1,hybrid,4944
4626,Mohamed,Mahmoud,mohamed.mahmoud4626@nileco.example,4,18,25488.95,0.00,2024-12-26,,1,onsite,4868
4627,مصطفى,رشوان,mostafa.rashwan4627@nileco.example,1,3,19075.83,0.00,2019-09-04,,1,hybrid,4191
4628,Karim,Sayed,karim.sayed4628@nileco.example,1,3,21285.34,0.00,2023-10-22,,1,hybrid,1804
4629,فاطمة,حسن,fatma.hassan4629@nileco.example,2,10,44470.78,5.00,2022-07-12,,1,hybrid,
4630,دينا,حمدي,dina.hamdy4630@nileco.example,7,34,28092.39,0.00,2024-11-05,2025-05-02,0,onsite,1489
4631,Nour,Rashwan,nour.rashwan4631@nileco.example,1,4,36770.08,0.00,2018-11-20,,1,hybrid,2790
4632,شريف,جابر,sherif.gaber4632@nileco.example,5,23,24155.66,0.00,2020-03-23,,1,onsite,2773
4633,Hassan,Ali,hassan.ali4633@nileco.example,7,33,16959.05,0.00,2025-09-06,,1,onsite,3547
4634,Ahmed,Youssef,ahmed.youssef4634@nileco.example,3,14,34255.88,0.00,2021-08-25,,1,onsite,2719
4635,Fatma,Nasser,fatma.nasser4635@nileco.example,1,2,10659.32,0.00,2024-04-15,,1,remote,2579
4636,Reem,Nasser,reem.nasser4636@nileco.example,5,25,47077.43,0.00,2022-11-17,,1,remote,341
4637,Shaimaa,Selim,shaimaa.selim4637@nileco.example,1,2,11488.83,0.00,2022-09-22,,1,hybrid,612
4638,علي,توفيق,ali.tawfik4638@nileco.example,7,33,24285.98,0.00,2019-06-26,,1,onsite,2908
4639,Ibrahim,Rashwan,ibrahim.rashwan4639@nileco.example,2,8,21430.33,5.00,2022-01-20,2024-11-25,0,hybrid,3517
4640,Ali,Saeed,ali.saeed4640@nileco.example,5,21,5467.27,0.00,2026-05-12,,1,onsite,3976
4641,Mostafa,Farouk,mostafa.farouk4641@nileco.example,5,22,12733.60,0.00,2023-11-05,,1,onsite,4187
4642,Michael,Abdelaziz,michael.abdelaziz4642@nileco.example,6,30,29665.62,0.00,2023-03-28,,1,onsite,2719
4643,ندى,رشدي,nada.roushdy4643@nileco.example,6,28,7750.79,0.00,2026-06-11,,1,hybrid,4831
4644,Adel,Ramadan,adel.ramadan4644@nileco.example,7,32,11950.94,0.00,2023-05-16,,1,hybrid,3039
4645,Sara,Mansour,sara.mansour4645@nileco.example,5,21,8251.89,0.00,2024-01-16,,1,hybrid,2124
4646,Rania,Zaki,rania.zaki4646@nileco.example,1,1,5381.20,0.00,2024-03-13,,1,onsite,4551
4647,Mona,Gaber,mona.gaber4647@nileco.example,1,4,28174.73,0.00,2023-04-27,,1,onsite,1267
4648,Rania,Elshamy,rania.elshamy4648@nileco.example,1,2,11790.45,0.00,2026-06-10,,1,onsite,3588
4649,Rania,Abdelaziz,rania.abdelaziz4649@nileco.example,7,35,44665.51,0.00,2022-05-12,,1,remote,1949
4650,مايكل,عباس,michael.abbas4650@nileco.example,7,34,39120.22,0.00,2020-03-26,,1,hybrid,3333
4651,هبة,السيد,heba.sayed4651@nileco.example,3,13,19732.52,0.00,2023-11-06,2025-09-20,0,onsite,4039
4652,Tamer,Moussa,tamer.moussa4652@nileco.example,7,33,16298.22,0.00,2024-09-22,2025-11-09,0,remote,2024
4653,Heba,Elshamy,heba.elshamy4653@nileco.example,1,3,17296.16,0.00,2024-07-22,,1,onsite,1048
4654,Tarek,Tawfik,tarek.tawfik4654@nileco.example,1,5,49924.37,0.00,2017-09-01,,1,onsite,3698
4655,سلمى,حمدي,salma.hamdy4655@nileco.example,1,4,33326.43,0.00,2019-07-04,,1,onsite,104
4656,Salma,Metwally,salma.metwally4656@nileco.example,2,8,20508.12,5.00,2023-01-21,,1,onsite,2734
4657,Yasmin,Khalil,yasmin.khalil4657@nileco.example,5,22,11508.95,0.00,2023-06-28,,1,hybrid,2114
4658,Fatma,Naguib,fatma.naguib4658@nileco.example,1,4,36295.16,0.00,2018-12-07,,1,onsite,3525
4659,Andrew,Tawfik,andrew.tawfik4659@nileco.example,6,28,11121.37,0.00,2025-05-19,,1,hybrid,1773
4660,Ibrahim,Rashwan,ibrahim.rashwan4660@nileco.example,1,3,23957.33,0.00,2020-07-10,,1,onsite,377
4661,Aya,Abbas,aya.abbas4661@nileco.example,1,3,20821.42,0.00,2024-03-05,,1,onsite,2171
4662,رانيا,فتحي,rania.fathy4662@nileco.example,6,29,21514.80,0.00,2022-02-17,,1,onsite,660
4663,أيمن,بدوي,ayman.badawy4663@nileco.example,6,27,5789.03,0.00,2024-04-02,,1,onsite,132
4664,إبراهيم,شوقي,ibrahim.shawky4664@nileco.example,1,2,10586.85,0.00,2023-04-02,,1,hybrid,4995
4665,Youssef,Ismail,youssef.ismail4665@nileco.example,3,12,12197.00,0.00,2024-04-17,,1,onsite,1317
4666,Hany,Tawfik,hany.tawfik4666@nileco.example,6,29,23738.67,0.00,2021-07-16,,1,onsite,547
4667,Amira,Sobhy,amira.sobhy4667@nileco.example,9,43,33413.85,0.00,2018-02-01,,1,remote,
4668,Hossam,Khalil,hossam.khalil4668@nileco.example,7,33,19952.70,0.00,2025-11-19,,1,onsite,3443
4669,هاني,منصور,hany.mansour4669@nileco.example,1,2,13050.68,0.00,2026-07-27,,1,hybrid,3930
4670,نور,فتحي,nour.fathy4670@nileco.example,3,11,5608.29,0.00,2025-01-12,2026-08-08,0,onsite,954
4671,محمد,ناصر,mohamed.nasser4671@nileco.example,6,28,9012.82,0.00,2025-12-30,,1,onsite,1123
4672,Salma,Ramadan,salma.ramadan4672@nileco.example,2,7,12381.73,5.00,2021-08-29,,1,onsite,4192
4673,Ali,Hassan,ali.hassan4673@nileco.example,1,3,22516.91,0.00,2020-12-08,,1,remote,2120
4674,Amira,Saeed,amira.saeed4674@nileco.example,3,13,20162.67,0.00,2025-03-23,,1,hybrid,2844
4675,Laila,Roushdy,laila.roushdy4675@nileco.example,9,40,5539.57,0.00,2025-08-11,,1,onsite,725
4676,Hussein,Ahmed,hussein.ahmed4676@nileco.example,9,41,14134.82,0.00,2021-07-28,,1,hybrid,1791
4677,Omar,Farouk,omar.farouk4677@nileco.example,6,29,17758.63,0.00,2025-09-27,,1,onsite,1488
4678,فريدة,أحمد,farida.ahmed4678@nileco.example,6,29,23830.30,0.00,2023-04-01,,1,hybrid,1103
4679,Sherif,Badawy,sherif.badawy4679@nileco.example,7,33,18453.65,0.00,2020-06-19,2022-11-16,0,hybrid,3941
4680,Heba,Shawky,heba.shawky4680@nileco.example,1,2,14881.54,0.00,2023-05-04,,1,remote,654
4681,Basma,Zaki,basma.zaki4681@nileco.example,3,11,7367.53,0.00,2024-10-16,,1,onsite,3965
4682,نور,سعيد,nour.saeed4682@nileco.example,3,11,6532.57,0.00,2025-01-14,,1,remote,3931
4683,Sara,Abbas,sara.abbas4683@nileco.example,9,42,14516.18,0.00,2025-03-25,,1,remote,1235
4684,Mostafa,Youssef,mostafa.youssef4684@nileco.example,7,33,22359.18,0.00,2021-08-11,,1,hybrid,855
4685,Nada,Hassan,nada.hassan4685@nileco.example,1,4,29241.25,0.00,2024-10-20,2026-09-12,0,onsite,4892
4686,Khaled,Rashwan,khaled.rashwan4686@nileco.example,7,33,13446.91,0.00,2024-07-14,,1,onsite,1731
4687,Hany,Farouk,hany.farouk4687@nileco.example,6,28,8571.91,0.00,2025-05-22,,1,hybrid,2543
4688,وائل,إسماعيل,wael.ismail4688@nileco.example,6,29,23134.20,0.00,2021-04-23,,1,onsite,4126
4689,Hany,Fathy,hany.fathy4689@nileco.example,6,30,30942.82,0.00,2021-01-17,,1,onsite,4200
4690,فاطمة,رمضان,fatma.ramadan4690@nileco.example,1,2,10533.77,0.00,2025-05-10,,1,onsite,3876
4691,عمرو,شوقي,amr.shawky4691@nileco.example,1,2,13865.84,0.00,2021-01-18,,1,onsite,4238
4692,Basma,Saeed,basma.saeed4692@nileco.example,1,4,34993.84,0.00,2018-08-28,,1,onsite,3069
4693,سارة,كمال,sara.kamal4693@nileco.example,9,40,4779.86,0.00,2026-05-11,,1,onsite,281
4694,Michael,Gaber,michael.gaber4694@nileco.example,2,8,23072.74,5.00,2019-03-10,,1,onsite,4061
4695,حسام,شوقي,hossam.shawky4695@nileco.example,2,10,55083.91,5.00,2020-08-22,,1,onsite,3896
4696,شيماء,علي,shaimaa.ali4696@nileco.example,9,43,29871.58,0.00,2019-03-13,,1,onsite,3757
4697,Hussein,Badawy,hussein.badawy4697@nileco.example,6,28,12952.26,0.00,2022-04-01,,1,onsite,2330
4698,Aya,Ramadan,aya.ramadan4698@nileco.example,6,27,4215.58,0.00,2025-05-24,,1,remote,2528
4699,Sara,Helmy,sara.helmy4699@nileco.example,2,8,19804.70,5.00,2019-10-13,,1,remote,248
4700,شريف,حلمي,sherif.helmy4700@nileco.example,1,4,37437.70,0.00,2020-03-17,,1,onsite,803
4701,آية,سعيد,aya.saeed4701@nileco.example,1,2,9455.82,0.00,2024-06-21,,1,onsite,437
4702,Tamer,Mansour,tamer.mansour4702@nileco.example,1,2,11090.36,0.00,2022-03-17,,1,onsite,3386
4703,Hassan,Ramadan,hassan.ramadan4703@nileco.example,7,33,15903.34,0.00,2024-11-11,,1,hybrid,4244
4704,Wael,Fathy,wael.fathy4704@nileco.example,5,23,20800.03,0.00,2019-03-10,,1,onsite,2449
4705,Karim,Naguib,karim.naguib4705@nileco.example,1,5,48846.97,0.00,2018-12-24,,1,onsite,4396
4706,Andrew,Shawky,andrew.shawky4706@nileco.example,6,29,21449.03,0.00,2025-04-13,,1,remote,747
4707,Nour,Hassan,nour.hassan4707@nileco.example,7,33,19422.74,0.00,2021-08-24,,1,onsite,613
4708,يوسف,خليل,youssef.khalil4708@nileco.example,9,43,33337.54,0.00,2018-07-24,,1,onsite,4200
4709,Andrew,Ramadan,andrew.ramadan4709@nileco.example,1,4,30233.13,0.00,2024-12-24,,1,onsite,2677
4710,Hossam,Rashwan,hossam.rashwan4710@nileco.example,1,3,14885.82,0.00,2024-03-26,,1,hybrid,4631
4711,Noha,Abdelaziz,noha.abdelaziz4711@nileco.example,6,29,17300.28,0.00,2025-11-05,2026-06-19,0,hybrid,3343
4712,Mostafa,Hamdy,mostafa.hamdy4712@nileco.example,7,32,9820.43,0.00,2025-04-11,,1,onsite,2846
4713,Nada,Metwally,nada.metwally4713@nileco.example,3,12,9740.74,0.00,2024-12-11,,1,onsite,1270
4714,Ahmed,Salem,ahmed.salem4714@nileco.example,8,38,18516.16,0.00,2023-02-10,,1,onsite,300
4715,خالد,زكي,khaled.zaki4715@nileco.example,8,37,10568.54,0.00,2026-03-21,,1,onsite,300
4716,Wael,Hamdy,wael.hamdy4716@nileco.example,7,31,6827.10,0.00,2025-12-07,,1,onsite,4833
4717,كريم,رمضان,karim.ramadan4717@nileco.example,1,3,16678.92,0.00,2023-08-09,,1,hybrid,685
4718,Marwan,Gaber,marwan.gaber4718@nileco.example,6,27,5501.00,0.00,2024-12-27,,1,hybrid,591
4719,نهى,فاروق,noha.farouk4719@nileco.example,9,41,10189.99,0.00,2024-01-23,,1,hybrid,3993
4720,Laila,Abbas,laila.abbas4720@nileco.example,2,10,55699.27,5.00,2016-04-26,,1,onsite,2638
4721,Dalia,Youssef,dalia.youssef4721@nileco.example,6,28,12523.88,0.00,2021-11-14,,1,hybrid,2834
4722,Youssef,Selim,youssef.selim4722@nileco.example,3,14,33012.01,0.00,2022-02-03,,1,onsite,2229
4723,Ziad,Abdelaziz,ziad.abdelaziz4723@nileco.example,7,33,21206.31,0.00,2020-07-18,,1,onsite,645
4724,Ahmed,Zaki,ahmed.zaki4724@nileco.example,6,30,29028.45,0.00,2024-01-14,,1,remote,2649
4725,نور,كمال,nour.kamal4725@nileco.example,7,33,18675.12,0.00,2023-07-12,,1,onsite,223
4726,Shaimaa,Abbas,shaimaa.abbas4726@nileco.example,6,29,27542.81,0.00,2019-03-19,,1,onsite,2774
4727,Wael,Zaki,wael.zaki4727@nileco.example,2,8,21620.88,5.00,2019-09-17,,1,hybrid,2496
4728,Sherif,Ramadan,sherif.ramadan4728@nileco.example,1,1,6794.82,0.00,2026-01-08,,1,hybrid,3262
4729,Sherif,Nasser,sherif.nasser4729@nileco.example,1,5,52906.71,0.00,2016-12-31,,1,hybrid,3757
4730,Nada,Salem,nada.salem4730@nileco.example,2,7,10521.30,5.00,2021-10-04,,1,hybrid,3890
4731,Hossam,Farouk,hossam.farouk4731@nileco.example,5,22,10995.83,0.00,2025-08-16,,1,onsite,3896
4732,Hossam,Salem,hossam.salem4732@nileco.example,6,29,25696.89,0.00,2019-07-12,,1,hybrid,1023
4733,Heba,Zaki,heba.zaki4733@nileco.example,7,32,11277.47,0.00,2023-04-29,,1,onsite,2704
4734,Noha,Shawky,noha.shawky4734@nileco.example,1,5,49750.34,0.00,2018-03-10,2021-10-23,0,onsite,3214
4735,مريم,بدوي,mariam.badawy4735@nileco.example,2,10,52490.87,5.00,2017-06-02,,1,remote,3583
4736,Walid,Elshamy,walid.elshamy4736@nileco.example,3,14,37236.92,0.00,2017-10-26,,1,hybrid,3757
4737,ليلى,حسن,laila.hassan4737@nileco.example,1,3,19619.93,0.00,2025-05-30,,1,onsite,1519
4738,Walid,Sayed,walid.sayed4738@nileco.example,2,7,8703.96,5.00,2026-07-16,,1,hybrid,4830
4739,Ahmed,Hassan,ahmed.hassan4739@nileco.example,6,28,10579.08,0.00,2026-03-26,,1,onsite,1031
4740,Dina,Ramadan,dina.ramadan4740@nileco.example,6,30,34906.88,0.00,2019-04-15,,1,onsite,2649
4741,Nada,Fathy,nada.fathy4741@nileco.example,1,3,19046.10,0.00,2023-01-24,,1,onsite,680
4742,أيمن,إسماعيل,ayman.ismail4742@nileco.example,2,8,24635.11,5.00,2021-04-16,,1,onsite,2476
4743,نهى,أحمد,noha.ahmed4743@nileco.example,9,42,19366.39,0.00,2020-07-22,,1,onsite,281
4744,Michael,Abbas,michael.abbas4744@nileco.example,2,8,24083.91,5.00,2020-02-29,,1,hybrid,2294
4745,ليلى,نجيب,laila.naguib4745@nileco.example,7,34,27062.06,0.00,2023-10-07,,1,hybrid,532
4746,أندرو,ناصر,andrew.nasser4746@nileco.example,1,4,29395.07,0.00,2021-06-20,,1,onsite,803
4747,Basma,Helmy,basma.helmy4747@nileco.example,5,23,19981.34,0.00,2022-10-02,,1,onsite,2367
4748,هدى,يوسف,hoda.youssef4748@nileco.example,7,33,16231.29,0.00,2024-07-18,,1,onsite,1982
4749,Tamer,Mansour,tamer.mansour4749@nileco.example,6,29,14814.41,0.00,2025-06-18,,1,hybrid,240
4750,Youssef,Nasser,youssef.nasser4750@nileco.example,1,4,37270.95,0.00,2019-02-04,,1,onsite,3212
4751,Yasmin,Elshamy,yasmin.elshamy4751@nileco.example,3,12,9487.06,0.00,2024-05-13,,1,hybrid,1927
4752,Marwan,Helmy,marwan.helmy4752@nileco.example,7,33,24244.53,0.00,2019-06-03,,1,remote,3687
4753,شريف,محمود,sherif.mahmoud4753@nileco.example,7,32,10668.20,0.00,2023-10-23,,1,hybrid,4286
4754,Ayman,Zaki,ayman.zaki4754@nileco.example,7,33,17287.68,0.00,2023-06-07,,1,onsite,2166
4755,طارق,زكي,tarek.zaki4755@nileco.example,3,12,10337.36,0.00,2026-02-25,,1,onsite,1706
4756,إبراهيم,سالم,ibrahim.salem4756@nileco.example,6,30,37403.23,0.00,2021-11-08,,1,onsite,2638
4757,Marwan,Tawfik,marwan.tawfik4757@nileco.example,1,5,47358.91,0.00,2018-09-24,,1,onsite,4396
4758,شريف,سعيد,sherif.saeed4758@nileco.example,2,8,20867.88,5.00,2021-02-16,,1,onsite,2496
4759,Mona,Ramadan,mona.ramadan4759@nileco.example,5,23,16597.05,0.00,2024-04-21,,1,remote,4136
4760,Hossam,Mansour,hossam.mansour4760@nileco.example,9,42,17468.34,0.00,2025-06-26,,1,hybrid,967
4761,Youssef,Hamdy,youssef.hamdy4761@nileco.example,1,1,6662.67,0.00,2025-04-16,,1,onsite,409
4762,Yasmin,Moussa,yasmin.moussa4762@nileco.example,9,42,21663.91,0.00,2024-02-01,,1,remote,718
4763,Ayman,Mansour,ayman.mansour4763@nileco.example,7,32,9031.10,0.00,2026-02-04,,1,onsite,4754
4764,Basma,Salem,basma.salem4764@nileco.example,6,30,37470.53,0.00,2020-07-18,,1,remote,1892
4765,Noha,Khalil,noha.khalil4765@nileco.example,1,4,25880.18,0.00,2024-06-02,2026-09-12,0,hybrid,4705
4766,سامح,بدوي,sameh.badawy4766@nileco.example,3,13,19770.42,0.00,2022-12-01,,1,hybrid,4997
4767,Dalia,Mansour,dalia.mansour4767@nileco.example,4,16,13660.99,0.00,2022-03-20,,1,onsite,2150
4768,أميرة,إسماعيل,amira.ismail4768@nileco.example,2,8,19208.33,5.00,2023-09-26,,1,onsite,2113
4769,وليد,رشدي,walid.roushdy4769@nileco.example,1,5,56671.67,0.00,2017-05-16,,1,onsite,2638
4770,Ziad,Zaki,ziad.zaki4770@nileco.example,1,2,11544.72,0.00,2025-12-13,,1,remote,3678
4771,Ayman,Gaber,ayman.gaber4771@nileco.example,8,38,17865.20,0.00,2025-06-09,,1,onsite,4950
4772,Sameh,Roushdy,sameh.roushdy4772@nileco.example,5,22,11796.77,0.00,2022-06-30,,1,onsite,1167
4773,Youssef,Saeed,youssef.saeed4773@nileco.example,5,22,13023.70,0.00,2021-12-21,,1,onsite,365
4774,Laila,Sayed,laila.sayed4774@nileco.example,3,12,10601.60,0.00,2023-05-07,,1,remote,2783
4775,مريم,أحمد,mariam.ahmed4775@nileco.example,1,1,5646.34,0.00,2025-04-15,,1,remote,308
4776,Basma,Ahmed,basma.ahmed4776@nileco.example,5,23,20367.33,0.00,2021-12-09,,1,hybrid,3757
4777,Dalia,Moussa,dalia.moussa4777@nileco.example,1,4,31282.78,0.00,2021-04-23,,1,hybrid,4514
4778,Rania,Ramadan,rania.ramadan4778@nileco.example,2,9,34070.70,5.00,2020-04-03,,1,hybrid,3625
4779,Amira,Naguib,amira.naguib4779@nileco.example,3,14,32212.07,0.00,2021-03-25,,1,onsite,
4780,Mariam,Moussa,mariam.moussa4780@nileco.example,6,27,5368.56,0.00,2025-07-20,,1,remote,4504
4781,Hoda,Kamal,hoda.kamal4781@nileco.example,1,3,23389.75,0.00,2022-08-23,,1,onsite,659
4782,طارق,أحمد,tarek.ahmed4782@nileco.example,6,27,5252.36,0.00,2024-10-06,,1,hybrid,4166
4783,إبراهيم,عبد العزيز,ibrahim.abdelaziz4783@nileco.example,5,23,13360.00,0.00,2024-05-29,,1,onsite,2186
4784,Nour,Farouk,nour.farouk4784@nileco.example,4,17,20844.64,0.00,2025-10-20,,1,onsite,2979
4785,Fatma,Badawy,fatma.badawy4785@nileco.example,6,29,18356.69,0.00,2022-02-14,,1,hybrid,1451
4786,Sara,Ahmed,sara.ahmed4786@nileco.example,6,29,22944.31,0.00,2020-10-14,,1,onsite,636
4787,Khaled,Ezzat,khaled.ezzat4787@nileco.example,6,30,33333.56,0.00,2018-07-20,2021-02-11,0,onsite,2638
4788,داليا,كمال,dalia.kamal4788@nileco.example,1,3,21280.61,0.00,2021-09-27,,1,onsite,4291
4789,Andrew,Zaki,andrew.zaki4789@nileco.example,9,42,20414.77,0.00,2022-07-12,,1,hybrid,3869
4790,دينا,أحمد,dina.ahmed4790@nileco.example,5,24,34127.04,0.00,2017-01-03,,1,hybrid,3287
4791,سارة,زكي,sara.zaki4791@nileco.example,5,25,52083.05,0.00,2016-03-06,,1,onsite,3757
4792,خالد,يوسف,khaled.youssef4792@nileco.example,6,29,16232.33,0.00,2024-07-18,,1,hybrid,3702
4793,Adel,Nasser,adel.nasser4793@nileco.example,1,2,8861.75,0.00,2025-10-24,2026-08-04,0,onsite,1667
4794,Tarek,Ramadan,tarek.ramadan4794@nileco.example,1,3,19412.54,0.00,2023-11-01,,1,onsite,2880
4795,Hoda,Abdelaziz,hoda.abdelaziz4795@nileco.example,8,37,11587.95,0.00,2023-05-11,,1,onsite,4714
4796,Farida,Nasser,farida.nasser4796@nileco.example,1,3,16126.31,0.00,2020-12-25,2022-06-30,0,onsite,1812
4797,ريم,محمود,reem.mahmoud4797@nileco.example,9,41,8997.98,0.00,2026-03-22,,1,onsite,4080
4798,فاطمة,عباس,fatma.abbas4798@nileco.example,7,33,15648.79,0.00,2024-03-18,,1,onsite,2872
4799,حسن,توفيق,hassan.tawfik4799@nileco.example,9,42,16762.02,0.00,2025-01-12,,1,hybrid,3265
4800,Basma,Khalil,basma.khalil4800@nileco.example,3,14,36565.04,0.00,2019-08-10,,1,hybrid,
4801,فاطمة,حسن,fatma.hassan4801@nileco.example,9,41,11382.79,0.00,2023-08-25,,1,onsite,1273
4802,Adel,Ahmed,adel.ahmed4802@nileco.example,5,23,21745.20,0.00,2021-09-23,,1,onsite,1163
4803,Sameh,Elshamy,sameh.elshamy4803@nileco.example,5,22,12035.26,0.00,2021-12-08,,1,onsite,2114
4804,حسن,فؤاد,hassan.fouad4804@nileco.example,7,34,26995.74,0.00,2023-01-24,,1,onsite,2396
4805,Hoda,Roushdy,hoda.roushdy4805@nileco.example,3,13,22918.28,0.00,2020-11-26,,1,onsite,609
4806,Heba,Elshamy,heba.elshamy4806@nileco.example,7,33,21863.11,0.00,2021-02-23,,1,onsite,2582
4807,محمد,سعيد,mohamed.saeed4807@nileco.example,1,1,4238.44,0.00,2025-11-22,,1,onsite,4316
4808,Mostafa,Khalil,mostafa.khalil4808@nileco.example,9,41,7282.22,0.00,2025-04-18,,1,onsite,4708
4809,Hussein,Fouad,hussein.fouad4809@nileco.example,6,29,20782.48,0.00,2023-03-19,,1,onsite,1913
4810,Khaled,Abdelaziz,khaled.abdelaziz4810@nileco.example,5,24,37584.44,0.00,2017-02-11,,1,onsite,3287
4811,حسن,إسماعيل,hassan.ismail4811@nileco.example,2,6,5581.04,5.00,2025-12-03,,1,remote,1403
4812,Yasmin,Farouk,yasmin.farouk4812@nileco.example,1,5,50613.40,0.00,2021-08-02,,1,hybrid,1378
4813,أندرو,فؤاد,andrew.fouad4813@nileco.example,5,25,51308.37,0.00,2019-01-24,,1,onsite,2229
4814,Farida,Mahmoud,farida.mahmoud4814@nileco.example,2,8,22740.38,5.00,2021-06-14,,1,remote,4877
4815,سارة,موسى,sara.moussa4815@nileco.example,5,22,7941.14,0.00,2026-04-30,,1,onsite,3757
4816,Walid,Salem,walid.salem4816@nileco.example,6,29,21110.52,0.00,2024-03-23,,1,hybrid,1096
4817,Heba,Elshamy,heba.elshamy4817@nileco.example,1,5,53953.61,0.00,2018-09-27,,1,onsite,4200
4818,Walid,Naguib,walid.naguib4818@nileco.example,6,29,19092.61,0.00,2021-03-25,,1,onsite,2110
4819,هدى,جابر,hoda.gaber4819@nileco.example,6,28,12739.71,0.00,2026-06-20,,1,onsite,4022
4820,Noha,Khalil,noha.khalil4820@nileco.example,5,23,25352.85,0.00,2019-12-02,,1,onsite,1928
4821,Mariam,Mansour,mariam.mansour4821@nileco.example,8,37,12457.35,0.00,2022-09-27,,1,remote,2562
4822,Tamer,Moussa,tamer.moussa4822@nileco.example,1,2,9651.25,0.00,2023-11-26,,1,remote,1213
4823,إبراهيم,حسن,ibrahim.hassan4823@nileco.example,9,42,17831.95,0.00,2024-07-28,,1,onsite,1235
4824,هاني,رمضان,hany.ramadan4824@nileco.example,1,5,45224.28,0.00,2021-12-06,,1,hybrid,341
4825,Dina,Ezzat,dina.ezzat4825@nileco.example,2,8,21418.93,5.00,2022-07-05,,1,onsite,274
4826,Ziad,Hassan,ziad.hassan4826@nileco.example,6,29,22252.85,0.00,2024-09-17,,1,remote,1865
4827,Walid,Mansour,walid.mansour4827@nileco.example,3,13,22519.57,0.00,2022-09-23,,1,onsite,2907
4828,Youssef,Kamal,youssef.kamal4828@nileco.example,1,5,44016.03,0.00,2022-09-23,,1,onsite,1378
4829,Khaled,Selim,khaled.selim4829@nileco.example,5,23,18600.08,0.00,2019-03-01,,1,onsite,3032
4830,زياد,رمضان,ziad.ramadan4830@nileco.example,2,8,23856.40,5.00,2019-06-25,,1,onsite,2031
4831,Walid,Sobhy,walid.sobhy4831@nileco.example,6,29,20658.83,0.00,2025-06-12,,1,onsite,54
4832,Ayman,Ezzat,ayman.ezzat4832@nileco.example,2,9,35798.66,5.00,2017-06-10,,1,hybrid,1868
4833,Hussein,Fathy,hussein.fathy4833@nileco.example,7,35,55644.43,0.00,2017-03-29,,1,onsite,
4834,Ibrahim,Fathy,ibrahim.fathy4834@nileco.example,5,23,18075.14,0.00,2025-01-10,,1,hybrid,1569
4835,Ahmed,Roushdy,ahmed.roushdy4835@nileco.example,1,4,31349.80,0.00,2024-06-05,,1,hybrid,1607
4836,Youssef,Abbas,youssef.abbas4836@nileco.example,7,34,39037.53,0.00,2017-12-03,,1,onsite,532
4837,Tamer,Badawy,tamer.badawy4837@nileco.example,9,43,39791.42,0.00,2017-09-30,,1,onsite,4477
4838,ندى,رشوان,nada.rashwan4838@nileco.example,6,28,10769.24,0.00,2025-11-27,,1,onsite,1401
4839,Mohamed,Ali,mohamed.ali4839@nileco.example,7,35,51364.75,0.00,2021-06-18,,1,remote,2086
4840,Sameh,Hamdy,sameh.hamdy4840@nileco.example,6,28,8452.14,0.00,2026-03-25,,1,remote,1368
4841,Hassan,Abbas,hassan.abbas4841@nileco.example,6,28,9285.41,0.00,2023-03-08,,1,onsite,85
4842,Hussein,Shawky,hussein.shawky4842@nileco.example,6,27,5517.02,0.00,2026-01-04,,1,hybrid,304
4843,Adel,Saeed,adel.saeed4843@nileco.example,6,28,8596.53,0.00,2026-05-14,,1,onsite,4786
4844,Michael,Roushdy,michael.roushdy4844@nileco.example,9,42,14528.23,0.00,2025-03-12,,1,onsite,1410
4845,مصطفى,إسماعيل,mostafa.ismail4845@nileco.example,9,41,11061.37,0.00,2024-05-04,,1,hybrid,970
4846,Hany,Nasser,hany.nasser4846@nileco.example,1,3,22415.30,0.00,2022-07-11,,1,onsite,1529
4847,نهى,حمدي,noha.hamdy4847@nileco.example,1,1,3904.60,0.00,2026-04-01,,1,remote,4070
4848,Youssef,Khalil,youssef.khalil4848@nileco.example,6,30,38362.20,0.00,2017-07-07,,1,onsite,2649
4849,Amira,Sayed,amira.sayed4849@nileco.example,7,34,30426.05,0.00,2017-01-06,,1,onsite,774
4850,Sherif,Ahmed,sherif.ahmed4850@nileco.example,9,42,22549.67,0.00,2022-09-16,,1,onsite,1684
4851,Mostafa,Mahmoud,mostafa.mahmoud4851@nileco.example,9,43,28541.61,0.00,2024-03-09,,1,remote,2367
4852,إبراهيم,رشدي,ibrahim.roushdy4852@nileco.example,9,42,18414.62,0.00,2025-02-05,,1,hybrid,1957
4853,Laila,Abbas,laila.abbas4853@nileco.example,6,28,13880.18,0.00,2021-06-28,,1,onsite,3080
4854,Walid,Nasser,walid.nasser4854@nileco.example,1,2,7395.85,0.00,2026-06-11,,1,remote,1611
4855,Hany,Youssef,hany.youssef4855@nileco.example,2,7,7250.00,5.00,2026-06-25,,1,hybrid,276
4856,Heba,Zaki,heba.zaki4856@nileco.example,6,28,8772.64,0.00,2024-09-17,,1,onsite,4732
4857,Amira,Hamdy,amira.hamdy4857@nileco.example,6,28,11249.25,0.00,2021-02-24,,1,onsite,4724
4858,Karim,Fathy,karim.fathy4858@nileco.example,5,23,20020.17,0.00,2021-05-14,,1,hybrid,3546
4859,علي,سالم,ali.salem4859@nileco.example,4,17,17307.66,0.00,2023-04-18,2023-12-04,0,hybrid,402
4860,Ahmed,Ahmed,ahmed.ahmed4860@nileco.example,8,39,27635.13,0.00,2024-11-14,,1,onsite,3717
4861,Walid,Sayed,walid.sayed4861@nileco.example,6,29,18534.56,0.00,2025-07-05,,1,remote,812
4862,Hassan,Gaber,hassan.gaber4862@nileco.example,3,12,10471.33,0.00,2022-05-05,,1,onsite,1286
4863,Mariam,Moussa,mariam.moussa4863@nileco.example,1,4,28316.91,0.00,2021-03-16,,1,onsite,1485
4864,Hassan,Saeed,hassan.saeed4864@nileco.example,6,27,4904.72,0.00,2026-05-18,,1,onsite,2866
4865,Tarek,Youssef,tarek.youssef4865@nileco.example,2,7,9427.22,5.00,2021-04-15,2023-06-30,0,onsite,1243
4866,Tamer,Rashwan,tamer.rashwan4866@nileco.example,1,3,19605.36,0.00,2023-07-31,,1,onsite,4417
4867,Khaled,Ahmed,khaled.ahmed4867@nileco.example,6,27,6481.36,0.00,2024-12-14,,1,hybrid,1414
4868,Nour,Salem,nour.salem4868@nileco.example,4,19,49757.05,0.00,2019-06-08,,1,onsite,1892
4869,Sameh,Ismail,sameh.ismail4869@nileco.example,6,30,39170.07,0.00,2017-10-24,,1,onsite,3717
4870,طارق,السيد,tarek.sayed4870@nileco.example,2,10,45253.69,5.00,2022-10-06,,1,onsite,1378
4871,عمر,السيد,omar.sayed4871@nileco.example,1,4,28950.59,0.00,2024-10-13,,1,onsite,4812
4872,بسمة,حسن,basma.hassan4872@nileco.example,4,16,8507.18,0.00,2025-08-19,,1,onsite,1816
4873,Ahmed,Ahmed,ahmed.ahmed4873@nileco.example,6,27,4505.47,0.00,2024-12-17,,1,onsite,2695
4874,Wael,Helmy,wael.helmy4874@nileco.example,6,28,8693.96,0.00,2024-01-30,,1,onsite,2686
4875,Tamer,Elshamy,tamer.elshamy4875@nileco.example,1,3,15792.83,0.00,2023-05-19,,1,onsite,116
4876,Mariam,Abdelaziz,mariam.abdelaziz4876@nileco.example,1,2,10489.41,0.00,2024-05-11,,1,onsite,1598
4877,ندى,سعيد,nada.saeed4877@nileco.example,2,9,25997.06,5.00,2024-11-28,,1,onsite,2293
4878,Hassan,Mahmoud,hassan.mahmoud4878@nileco.example,2,9,32763.22,5.00,2017-09-30,,1,hybrid,2703
4879,Ziad,Hassan,ziad.hassan4879@nileco.example,7,32,11620.24,0.00,2021-08-05,,1,hybrid,2537
4880,نور,السيد,nour.sayed4880@nileco.example,9,42,18081.80,0.00,2023-10-28,,1,onsite,718
4881,ليلى,توفيق,laila.tawfik4881@nileco.example,7,33,21880.64,0.00,2022-10-29,,1,hybrid,322
4882,Ali,Ismail,ali.ismail4882@nileco.example,7,33,19689.31,0.00,2023-07-28,,1,onsite,3456
4883,شريف,حلمي,sherif.helmy4883@nileco.example,2,8,19071.52,5.00,2021-11-07,,1,onsite,1236
4884,Basma,Mansour,basma.mansour4884@nileco.example,3,14,35064.05,0.00,2018-09-02,,1,hybrid,3717
4885,Tarek,Sobhy,tarek.sobhy4885@nileco.example,8,37,10780.53,0.00,2025-02-19,,1,hybrid,4445
4886,Farida,Kamal,farida.kamal4886@nileco.example,5,24,27507.16,0.00,2017-07-29,2019-05-26,0,remote,1690
4887,Ziad,Gaber,ziad.gaber4887@nileco.example,6,29,19044.79,0.00,2021-07-15,,1,onsite,1023
4888,Aya,Selim,aya.selim4888@nileco.example,5,24,27276.89,0.00,2024-04-29,2024-10-03,0,onsite,76
4889,كريم,عباس,karim.abbas4889@nileco.example,1,5,43083.75,0.00,2022-01-21,,1,hybrid,
4890,دينا,علي,dina.ali4890@nileco.example,2,7,10202.80,5.00,2024-12-17,,1,onsite,4609
4891,Reem,Moussa,reem.moussa4891@nileco.example,6,28,10788.03,0.00,2023-09-02,2026-08-08,0,hybrid,235
4892,عمرو,علي,amr.ali4892@nileco.example,1,5,42951.86,0.00,2022-04-20,,1,onsite,341
4893,Tamer,Ahmed,tamer.ahmed4893@nileco.example,9,42,17971.14,0.00,2022-02-19,,1,onsite,3366
4894,Dalia,Badawy,dalia.badawy4894@nileco.example,2,7,13346.17,5.00,2022-09-07,,1,onsite,3106
4895,Wael,Elshamy,wael.elshamy4895@nileco.example,1,5,47771.42,0.00,2020-01-10,,1,remote,1378
4896,Ibrahim,Rashwan,ibrahim.rashwan4896@nileco.example,1,3,13360.00,0.00,2023-01-11,2023-07-30,0,onsite,1529
4897,حسين,كمال,hussein.kamal4897@nileco.example,2,8,18217.83,5.00,2024-05-05,,1,hybrid,3625
4898,حسين,صبحي,hussein.sobhy4898@nileco.example,1,1,7535.90,0.00,2025-08-16,,1,hybrid,1518
4899,Wael,Tawfik,wael.tawfik4899@nileco.example,6,28,10207.81,0.00,2026-07-18,,1,hybrid,683
4900,Noha,Ahmed,noha.ahmed4900@nileco.example,6,29,19162.80,0.00,2023-06-19,,1,remote,1314
4901,مروان,جابر,marwan.gaber4901@nileco.example,6,29,21870.30,0.00,2020-03-06,,1,onsite,4126
4902,Hassan,Shawky,hassan.shawky4902@nileco.example,1,3,25327.00,0.00,2020-09-02,,1,hybrid,227
4903,محمود,خليل,mahmoud.khalil4903@nileco.example,7,33,17174.99,0.00,2025-10-26,,1,onsite,3459
4904,أندرو,عزت,andrew.ezzat4904@nileco.example,6,27,7285.23,0.00,2026-02-16,,1,onsite,2451
4905,آية,عزت,aya.ezzat4905@nileco.example,6,29,19347.75,0.00,2024-09-21,,1,onsite,4155
4906,Mostafa,Badawy,mostafa.badawy4906@nileco.example,4,18,35587.94,0.00,2019-04-24,,1,remote,3006
4907,شريف,رشدي,sherif.roushdy4907@nileco.example,6,29,17999.23,0.00,2023-08-03,,1,onsite,4239
4908,شيماء,سعيد,shaimaa.saeed4908@nileco.example,6,30,30257.87,0.00,2020-07-09,2023-09-28,0,hybrid,2086
4909,منى,السيد,mona.sayed4909@nileco.example,2,7,9968.85,5.00,2025-10-29,2026-08-26,0,remote,1060
4910,Dalia,Rashwan,dalia.rashwan4910@nileco.example,1,3,16251.70,0.00,2023-12-25,,1,hybrid,2418
4911,Ibrahim,Rashwan,ibrahim.rashwan4911@nileco.example,2,7,14511.06,5.00,2021-03-27,,1,onsite,1067
4912,أندرو,سعيد,andrew.saeed4912@nileco.example,2,10,46212.69,5.00,2022-12-11,,1,onsite,4396
4913,طارق,إسماعيل,tarek.ismail4913@nileco.example,1,3,22480.47,0.00,2021-06-28,,1,onsite,4769
4914,Sara,Abbas,sara.abbas4914@nileco.example,6,28,13169.17,0.00,2021-05-22,,1,onsite,38
4915,مايكل,حسن,michael.hassan4915@nileco.example,5,22,11554.89,0.00,2023-09-30,,1,hybrid,162
4916,أيمن,أحمد,ayman.ahmed4916@nileco.example,8,37,12904.12,0.00,2021-03-25,,1,onsite,2331
4917,Rania,Selim,rania.selim4917@nileco.example,9,43,37060.07,0.00,2017-04-30,,1,onsite,2449
4918,Ziad,Rashwan,ziad.rashwan4918@nileco.example,6,29,24383.48,0.00,2019-03-31,,1,hybrid,4740
4919,Laila,Helmy,laila.helmy4919@nileco.example,2,9,36564.73,5.00,2019-01-10,,1,hybrid,1755
4920,Mona,Mahmoud,mona.mahmoud4920@nileco.example,3,12,11198.37,0.00,2026-07-26,,1,remote,3281
4921,Marwan,Hamdy,marwan.hamdy4921@nileco.example,2,7,14494.45,5.00,2021-12-22,,1,hybrid,2635
4922,Mahmoud,Farouk,mahmoud.farouk4922@nileco.example,3,14,32243.40,0.00,2021-11-21,,1,hybrid,2649
4923,Mohamed,Abdelaziz,mohamed.abdelaziz4923@nileco.example,6,29,16424.76,0.00,2023-12-19,,1,onsite,2333
4924,Walid,Selim,walid.selim4924@nileco.example,1,3,20886.72,0.00,2020-06-03,,1,onsite,1398
4925,ياسمين,رشوان,yasmin.rashwan4925@nileco.example,9,42,20972.18,0.00,2019-03-05,,1,onsite,1783
4926,Ahmed,Roushdy,ahmed.roushdy4926@nileco.example,1,2,11248.77,0.00,2022-02-08,,1,onsite,4866
4927,Shaimaa,Selim,shaimaa.selim4927@nileco.example,6,28,9697.85,0.00,2026-04-26,,1,onsite,2416
4928,Ayman,Ismail,ayman.ismail4928@nileco.example,6,30,30232.41,0.00,2023-09-20,2024-04-23,0,hybrid,3717
4929,Heba,Mahmoud,heba.mahmoud4929@nileco.example,7,32,10481.59,0.00,2023-03-29,,1,onsite,339
4930,Sara,Ismail,sara.ismail4930@nileco.example,4,17,18704.37,0.00,2021-04-22,,1,remote,2638
4931,Hoda,Elshamy,hoda.elshamy4931@nileco.example,2,9,38256.22,5.00,2019-04-15,,1,onsite,1790
4932,Rania,Rashwan,rania.rashwan4932@nileco.example,5,23,17572.86,0.00,2022-12-08,,1,onsite,2707
4933,شيماء,بدوي,shaimaa.badawy4933@nileco.example,9,41,9893.87,0.00,2024-10-01,,1,hybrid,8
4934,Sameh,Hamdy,sameh.hamdy4934@nileco.example,7,32,13141.19,0.00,2022-02-08,,1,hybrid,4293
4935,آية,موسى,aya.moussa4935@nileco.example,1,3,23563.23,0.00,2023-02-09,,1,onsite,4871
4936,Amr,Hamdy,amr.hamdy4936@nileco.example,3,13,20002.48,0.00,2020-07-20,,1,onsite,681
4937,Tamer,Sayed,tamer.sayed4937@nileco.example,5,22,8969.88,0.00,2026-06-30,,1,onsite,1318
4938,دينا,حلمي,dina.helmy4938@nileco.example,6,27,6977.22,0.00,2026-01-12,,1,onsite,2758
4939,آية,شوقي,aya.shawky4939@nileco.example,6,28,13852.10,0.00,2022-11-13,,1,hybrid,1893
4940,Tamer,Youssef,tamer.youssef4940@nileco.example,1,2,8636.04,0.00,2025-04-08,,1,onsite,4041
4941,Noha,Khalil,noha.khalil4941@nileco.example,5,22,9162.55,0.00,2025-04-30,,1,hybrid,1089
4942,Sherif,Salem,sherif.salem4942@nileco.example,6,29,18807.15,0.00,2021-10-05,,1,hybrid,2523
4943,Reem,Selim,reem.selim4943@nileco.example,1,2,11140.66,0.00,2024-05-05,,1,onsite,3981
4944,خالد,فؤاد,khaled.fouad4944@nileco.example,2,9,33875.92,5.00,2020-04-23,,1,hybrid,557
4945,Fatma,Nasser,fatma.nasser4945@nileco.example,6,28,10008.55,0.00,2026-06-26,,1,onsite,1057
4946,Michael,Shawky,michael.shawky4946@nileco.example,7,33,19573.27,0.00,2019-08-07,,1,hybrid,589
4947,Tarek,Selim,tarek.selim4947@nileco.example,6,28,12627.57,0.00,2022-03-23,,1,hybrid,92
4948,Tarek,Naguib,tarek.naguib4948@nileco.example,8,39,28554.36,0.00,2019-12-03,,1,onsite,3717
4949,Wael,Saeed,wael.saeed4949@nileco.example,2,7,14287.90,5.00,2022-08-30,,1,onsite,1053
4950,Omar,Hamdy,omar.hamdy4950@nileco.example,8,39,33882.14,0.00,2019-12-02,,1,onsite,4331
4951,Marwan,Salem,marwan.salem4951@nileco.example,6,30,32890.87,0.00,2021-12-31,,1,onsite,2114
4952,Adel,Hassan,adel.hassan4952@nileco.example,5,21,6275.24,0.00,2026-04-23,,1,remote,2613
4953,Andrew,Ali,andrew.ali4953@nileco.example,1,3,16492.29,0.00,2024-09-25,,1,onsite,2091
4954,Ayman,Salem,ayman.salem4954@nileco.example,3,13,19880.36,0.00,2019-09-11,,1,onsite,3912
4955,Marwan,Kamal,marwan.kamal4955@nileco.example,6,29,16413.50,0.00,2020-05-19,2021-05-26,0,onsite,1071
4956,محمود,موسى,mahmoud.moussa4956@nileco.example,3,11,3690.00,0.00,2025-07-02,,1,onsite,1945
4957,Khaled,Ismail,khaled.ismail4957@nileco.example,1,3,18844.91,0.00,2020-08-02,2021-10-06,0,onsite,3199
4958,تامر,إسماعيل,tamer.ismail4958@nileco.example,1,4,32681.91,0.00,2022-05-12,,1,hybrid,1468
4959,Marwan,Metwally,marwan.metwally4959@nileco.example,3,13,20670.52,0.00,2020-11-27,,1,onsite,2928
4960,Hoda,Kamal,hoda.kamal4960@nileco.example,7,35,53223.58,0.00,2017-01-16,,1,hybrid,4331
4961,Aya,Abdelaziz,aya.abdelaziz4961@nileco.example,1,3,17386.24,0.00,2022-05-23,,1,onsite,362
4962,عادل,ناصر,adel.nasser4962@nileco.example,1,3,22566.38,0.00,2020-03-14,,1,remote,691
4963,Sameh,Rashwan,sameh.rashwan4963@nileco.example,9,41,12327.84,0.00,2022-04-25,,1,onsite,4850
4964,Wael,Zaki,wael.zaki4964@nileco.example,5,22,10730.29,0.00,2024-06-03,2024-11-15,0,onsite,1623
4965,ليلى,شوقي,laila.shawky4965@nileco.example,1,2,9527.60,0.00,2025-07-31,,1,onsite,2261
4966,Adel,Rashwan,adel.rashwan4966@nileco.example,1,3,22164.26,0.00,2021-10-19,,1,onsite,2602
4967,Mariam,Naguib,mariam.naguib4967@nileco.example,5,24,27293.49,0.00,2023-03-21,,1,onsite,1690
4968,Basma,Gaber,basma.gaber4968@nileco.example,8,37,11553.33,0.00,2025-01-26,,1,remote,1499
4969,Hussein,Fathy,hussein.fathy4969@nileco.example,4,15,4257.12,0.00,2026-03-13,,1,onsite,2179
4970,Fatma,Sobhy,fatma.sobhy4970@nileco.example,7,32,13487.55,0.00,2023-10-15,,1,onsite,4131
4971,Dalia,Moussa,dalia.moussa4971@nileco.example,6,29,21475.17,0.00,2021-06-20,,1,onsite,4222
4972,Amr,Moussa,amr.moussa4972@nileco.example,1,3,18973.38,0.00,2021-08-14,,1,onsite,1653
4973,Hassan,Youssef,hassan.youssef4973@nileco.example,9,42,17865.57,0.00,2023-04-23,,1,hybrid,1410
4974,Ali,Youssef,ali.youssef4974@nileco.example,2,8,22038.27,5.00,2023-04-10,,1,remote,4832
4975,أندرو,جابر,andrew.gaber4975@nileco.example,7,34,34281.86,0.00,2019-01-20,,1,hybrid,1062
4976,Rania,Abdelaziz,rania.abdelaziz4976@nileco.example,1,4,36909.62,0.00,2017-07-30,,1,hybrid,3248
4977,Heba,Youssef,heba.youssef4977@nileco.example,5,24,31589.44,0.00,2024-07-21,,1,onsite,1167
4978,نهى,توفيق,noha.tawfik4978@nileco.example,2,6,6466.00,5.00,2024-01-22,,1,hybrid,530
4979,إبراهيم,فؤاد,ibrahim.fouad4979@nileco.example,6,29,17168.78,0.00,2025-12-14,,1,onsite,2416
4980,Dalia,Abdelaziz,dalia.abdelaziz4980@nileco.example,6,28,12722.09,0.00,2022-01-10,,1,onsite,44
4981,Ali,Shawky,ali.shawky4981@nileco.example,9,43,23920.80,0.00,2022-07-07,2024-11-26,0,remote,3896
4982,Hassan,Mahmoud,hassan.mahmoud4982@nileco.example,8,38,16145.48,0.00,2025-09-03,,1,onsite,513
4983,Hussein,Hassan,hussein.hassan4983@nileco.example,2,8,21049.90,5.00,2021-03-15,2023-05-26,0,onsite,440
4984,Hussein,Moussa,hussein.moussa4984@nileco.example,1,4,32661.34,0.00,2023-01-14,,1,onsite,4817
4985,Andrew,Helmy,andrew.helmy4985@nileco.example,1,3,20221.17,0.00,2021-02-10,,1,onsite,2023
4986,Mohamed,Gaber,mohamed.gaber4986@nileco.example,1,2,8198.65,0.00,2025-03-07,2026-07-13,0,onsite,3666
4987,Omar,Hamdy,omar.hamdy4987@nileco.example,8,38,20351.27,0.00,2019-10-17,,1,onsite,777
4988,Salma,Moussa,salma.moussa4988@nileco.example,1,2,9227.28,0.00,2024-03-02,2024-10-22,0,remote,4961
4989,Nada,Mahmoud,nada.mahmoud4989@nileco.example,3,11,5118.46,0.00,2026-06-14,,1,onsite,2617
4990,مروان,عزت,marwan.ezzat4990@nileco.example,6,28,10480.58,0.00,2025-10-17,,1,hybrid,3029
4991,Sameh,Abdelaziz,sameh.abdelaziz4991@nileco.example,6,30,33113.12,0.00,2022-06-16,,1,onsite,2719
4992,تامر,الشامي,tamer.elshamy4992@nileco.example,7,33,15381.38,0.00,2024-02-16,,1,onsite,932
4993,Farida,Ahmed,farida.ahmed4993@nileco.example,2,9,37401.20,5.00,2017-09-21,,1,onsite,4305
4994,يوسف,زكي,youssef.zaki4994@nileco.example,1,3,16160.44,0.00,2024-12-06,,1,hybrid,4456
4995,Hany,Roushdy,hany.roushdy4995@nileco.example,1,3,22441.73,0.00,2019-10-27,,1,onsite,363
4996,مروان,السيد,marwan.sayed4996@nileco.example,3,12,11994.11,0.00,2024-04-01,,1,remote,3653
4997,Laila,Abbas,laila.abbas4997@nileco.example,3,14,37118.43,0.00,2022-02-17,,1,onsite,3896
4998,شريف,جابر,sherif.gaber4998@nileco.example,1,5,47419.95,0.00,2021-10-05,,1,onsite,2522
4999,Omar,Naguib,omar.naguib4999@nileco.example,2,6,6894.16,5.00,2024-01-04,,1,hybrid,4672
5000,حسن,نجيب,hassan.naguib5000@nileco.example,8,38,18840.84,0.00,2023-02-26,,1,remote,3417
